solid OpenSCAD_Model
  facet normal 0.439199 -0.89839 0
    outer loop
      vertex 1.00102 6.69379 0
      vertex 1.31288 6.84625 4
      vertex 1.00102 6.69379 4
    endloop
  endfacet
  facet normal 0.439199 -0.89839 0
    outer loop
      vertex 1.31288 6.84625 4
      vertex 1.00102 6.69379 0
      vertex 1.31288 6.84625 0
    endloop
  endfacet
  facet normal 0.581079 -0.813847 0
    outer loop
      vertex 0.420306 6.31439 0
      vertex 0.702817 6.5161 4
      vertex 0.420306 6.31439 4
    endloop
  endfacet
  facet normal 0.581079 -0.813847 0
    outer loop
      vertex 0.702817 6.5161 4
      vertex 0.420306 6.31439 0
      vertex 0.702817 6.5161 0
    endloop
  endfacet
  facet normal 0.511884 -0.859054 0
    outer loop
      vertex 0.702817 6.5161 0
      vertex 1.00102 6.69379 4
      vertex 0.702817 6.5161 4
    endloop
  endfacet
  facet normal 0.511884 -0.859054 0
    outer loop
      vertex 1.00102 6.69379 4
      vertex 0.702817 6.5161 0
      vertex 1.00102 6.69379 0
    endloop
  endfacet
  facet normal 0.646295 -0.763088 0
    outer loop
      vertex 0.199997 6.1278 0
      vertex 0.420306 6.31439 4
      vertex 0.199997 6.1278 4
    endloop
  endfacet
  facet normal 0.646295 -0.763088 0
    outer loop
      vertex 0.420306 6.31439 4
      vertex 0.199997 6.1278 0
      vertex 0.420306 6.31439 0
    endloop
  endfacet
  facet normal 0.363504 -0.931593 0
    outer loop
      vertex 1.31288 6.84625 0
      vertex 1.39999 6.88024 4
      vertex 1.31288 6.84625 4
    endloop
  endfacet
  facet normal 0.363504 -0.931593 0
    outer loop
      vertex 1.39999 6.88024 4
      vertex 1.31288 6.84625 0
      vertex 1.39999 6.88024 0
    endloop
  endfacet
  facet normal -0.859054 0.511884 0
    outer loop
      vertex 6.5161 0.702817 0
      vertex 6.69379 1.00102 4
      vertex 6.69379 1.00102 0
    endloop
  endfacet
  facet normal -0.859054 0.511884 0
    outer loop
      vertex 6.69379 1.00102 4
      vertex 6.5161 0.702817 0
      vertex 6.5161 0.702817 4
    endloop
  endfacet
  facet normal -0.931593 0.363504 0
    outer loop
      vertex 6.84625 1.31288 0
      vertex 6.88024 1.39999 4
      vertex 6.88024 1.39999 0
    endloop
  endfacet
  facet normal -0.931593 0.363504 0
    outer loop
      vertex 6.88024 1.39999 4
      vertex 6.84625 1.31288 0
      vertex 6.84625 1.31288 4
    endloop
  endfacet
  facet normal -0.763088 0.646295 0
    outer loop
      vertex 6.1278 0.199997 0
      vertex 6.31439 0.420306 4
      vertex 6.31439 0.420306 0
    endloop
  endfacet
  facet normal -0.763088 0.646295 0
    outer loop
      vertex 6.31439 0.420306 4
      vertex 6.1278 0.199997 0
      vertex 6.1278 0.199997 4
    endloop
  endfacet
  facet normal -0.813847 0.581079 0
    outer loop
      vertex 6.31439 0.420306 0
      vertex 6.5161 0.702817 4
      vertex 6.5161 0.702817 0
    endloop
  endfacet
  facet normal -0.813847 0.581079 0
    outer loop
      vertex 6.5161 0.702817 4
      vertex 6.31439 0.420306 0
      vertex 6.31439 0.420306 4
    endloop
  endfacet
  facet normal -0.89839 0.439199 0
    outer loop
      vertex 6.69379 1.00102 0
      vertex 6.84625 1.31288 4
      vertex 6.84625 1.31288 0
    endloop
  endfacet
  facet normal -0.89839 0.439199 0
    outer loop
      vertex 6.84625 1.31288 4
      vertex 6.69379 1.00102 0
      vertex 6.69379 1.00102 4
    endloop
  endfacet
  facet normal -0.363996 -0.931401 0
    outer loop
      vertex 132.6 6.88025 0
      vertex 132.687 6.84625 4
      vertex 132.6 6.88025 4
    endloop
  endfacet
  facet normal -0.363996 -0.931401 -0
    outer loop
      vertex 132.687 6.84625 4
      vertex 132.6 6.88025 0
      vertex 132.687 6.84625 0
    endloop
  endfacet
  facet normal -0.580413 -0.814322 0
    outer loop
      vertex 133.297 6.5161 0
      vertex 133.58 6.31439 4
      vertex 133.297 6.5161 4
    endloop
  endfacet
  facet normal -0.580413 -0.814322 -0
    outer loop
      vertex 133.58 6.31439 4
      vertex 133.297 6.5161 0
      vertex 133.58 6.31439 0
    endloop
  endfacet
  facet normal -0.646803 -0.762657 0
    outer loop
      vertex 133.58 6.31439 0
      vertex 133.8 6.12781 4
      vertex 133.58 6.31439 4
    endloop
  endfacet
  facet normal -0.646803 -0.762657 -0
    outer loop
      vertex 133.8 6.12781 4
      vertex 133.58 6.31439 0
      vertex 133.8 6.12781 0
    endloop
  endfacet
  facet normal -0.512141 -0.858901 0
    outer loop
      vertex 132.999 6.69379 0
      vertex 133.297 6.5161 4
      vertex 132.999 6.69379 4
    endloop
  endfacet
  facet normal -0.512141 -0.858901 -0
    outer loop
      vertex 133.297 6.5161 4
      vertex 132.999 6.69379 0
      vertex 133.297 6.5161 0
    endloop
  endfacet
  facet normal -0.43904 -0.898468 0
    outer loop
      vertex 132.687 6.84625 0
      vertex 132.999 6.69379 4
      vertex 132.687 6.84625 4
    endloop
  endfacet
  facet normal -0.43904 -0.898468 -0
    outer loop
      vertex 132.999 6.69379 4
      vertex 132.687 6.84625 0
      vertex 132.999 6.69379 0
    endloop
  endfacet
  facet normal 0.764096 0.645102 0
    outer loop
      vertex 127.872 0.199997 4
      vertex 127.686 0.420306 0
      vertex 127.686 0.420306 4
    endloop
  endfacet
  facet normal 0.764096 0.645102 0
    outer loop
      vertex 127.686 0.420306 0
      vertex 127.872 0.199997 4
      vertex 127.872 0.199997 0
    endloop
  endfacet
  facet normal 0.858662 0.512543 0
    outer loop
      vertex 127.484 0.702817 4
      vertex 127.306 1.00102 0
      vertex 127.306 1.00102 4
    endloop
  endfacet
  facet normal 0.858662 0.512543 0
    outer loop
      vertex 127.306 1.00102 0
      vertex 127.484 0.702817 4
      vertex 127.484 0.702817 0
    endloop
  endfacet
  facet normal 0.813452 0.581632 0
    outer loop
      vertex 127.686 0.420306 4
      vertex 127.484 0.702817 0
      vertex 127.484 0.702817 4
    endloop
  endfacet
  facet normal 0.813452 0.581632 0
    outer loop
      vertex 127.484 0.702817 0
      vertex 127.686 0.420306 4
      vertex 127.686 0.420306 0
    endloop
  endfacet
  facet normal 0.931556 0.363597 0
    outer loop
      vertex 127.154 1.31288 4
      vertex 127.12 1.39999 0
      vertex 127.12 1.39999 4
    endloop
  endfacet
  facet normal 0.931556 0.363597 0
    outer loop
      vertex 127.12 1.39999 0
      vertex 127.154 1.31288 4
      vertex 127.154 1.31288 0
    endloop
  endfacet
  facet normal 0.898912 0.438128 0
    outer loop
      vertex 127.306 1.00102 4
      vertex 127.154 1.31288 0
      vertex 127.154 1.31288 4
    endloop
  endfacet
  facet normal 0.898912 0.438128 0
    outer loop
      vertex 127.154 1.31288 0
      vertex 127.306 1.00102 4
      vertex 127.306 1.00102 0
    endloop
  endfacet
  facet normal -0.931401 -0.363996 0
    outer loop
      vertex 6.88025 114.6 0
      vertex 6.84625 114.687 4
      vertex 6.84625 114.687 0
    endloop
  endfacet
  facet normal -0.931401 -0.363996 0
    outer loop
      vertex 6.84625 114.687 4
      vertex 6.88025 114.6 0
      vertex 6.88025 114.6 4
    endloop
  endfacet
  facet normal -0.858901 -0.512141 0
    outer loop
      vertex 6.69379 114.999 0
      vertex 6.5161 115.297 4
      vertex 6.5161 115.297 0
    endloop
  endfacet
  facet normal -0.858901 -0.512141 0
    outer loop
      vertex 6.5161 115.297 4
      vertex 6.69379 114.999 0
      vertex 6.69379 114.999 4
    endloop
  endfacet
  facet normal -0.898468 -0.43904 0
    outer loop
      vertex 6.84625 114.687 0
      vertex 6.69379 114.999 4
      vertex 6.69379 114.999 0
    endloop
  endfacet
  facet normal -0.898468 -0.43904 0
    outer loop
      vertex 6.69379 114.999 4
      vertex 6.84625 114.687 0
      vertex 6.84625 114.687 4
    endloop
  endfacet
  facet normal 0.363597 0.931556 -0
    outer loop
      vertex 1.39999 109.12 0
      vertex 1.31288 109.154 4
      vertex 1.39999 109.12 4
    endloop
  endfacet
  facet normal 0.363597 0.931556 0
    outer loop
      vertex 1.31288 109.154 4
      vertex 1.39999 109.12 0
      vertex 1.31288 109.154 0
    endloop
  endfacet
  facet normal -0.814322 -0.580413 0
    outer loop
      vertex 6.5161 115.297 0
      vertex 6.31439 115.58 4
      vertex 6.31439 115.58 0
    endloop
  endfacet
  facet normal -0.814322 -0.580413 0
    outer loop
      vertex 6.31439 115.58 4
      vertex 6.5161 115.297 0
      vertex 6.5161 115.297 4
    endloop
  endfacet
  facet normal -0.762657 -0.646803 0
    outer loop
      vertex 6.31439 115.58 0
      vertex 6.12781 115.8 4
      vertex 6.12781 115.8 0
    endloop
  endfacet
  facet normal -0.762657 -0.646803 0
    outer loop
      vertex 6.12781 115.8 4
      vertex 6.31439 115.58 0
      vertex 6.31439 115.58 4
    endloop
  endfacet
  facet normal 0.645102 0.764096 -0
    outer loop
      vertex 0.420306 109.686 0
      vertex 0.199997 109.872 4
      vertex 0.420306 109.686 4
    endloop
  endfacet
  facet normal 0.645102 0.764096 0
    outer loop
      vertex 0.199997 109.872 4
      vertex 0.420306 109.686 0
      vertex 0.199997 109.872 0
    endloop
  endfacet
  facet normal 0.512543 0.858662 -0
    outer loop
      vertex 1.00102 109.306 0
      vertex 0.702817 109.484 4
      vertex 1.00102 109.306 4
    endloop
  endfacet
  facet normal 0.512543 0.858662 0
    outer loop
      vertex 0.702817 109.484 4
      vertex 1.00102 109.306 0
      vertex 0.702817 109.484 0
    endloop
  endfacet
  facet normal 0.438128 0.898912 -0
    outer loop
      vertex 1.31288 109.154 0
      vertex 1.00102 109.306 4
      vertex 1.31288 109.154 4
    endloop
  endfacet
  facet normal 0.438128 0.898912 0
    outer loop
      vertex 1.00102 109.306 4
      vertex 1.31288 109.154 0
      vertex 1.00102 109.306 0
    endloop
  endfacet
  facet normal 0.581632 0.813452 -0
    outer loop
      vertex 0.702817 109.484 0
      vertex 0.420306 109.686 4
      vertex 0.702817 109.484 4
    endloop
  endfacet
  facet normal 0.581632 0.813452 0
    outer loop
      vertex 0.420306 109.686 4
      vertex 0.702817 109.484 0
      vertex 0.420306 109.686 0
    endloop
  endfacet
  facet normal 0.931401 -0.363996 0
    outer loop
      vertex 127.12 114.6 4
      vertex 127.154 114.687 0
      vertex 127.154 114.687 4
    endloop
  endfacet
  facet normal 0.931401 -0.363996 0
    outer loop
      vertex 127.154 114.687 0
      vertex 127.12 114.6 4
      vertex 127.12 114.6 0
    endloop
  endfacet
  facet normal 0.76365 -0.645631 0
    outer loop
      vertex 127.686 115.58 4
      vertex 127.872 115.8 0
      vertex 127.872 115.8 4
    endloop
  endfacet
  facet normal 0.76365 -0.645631 0
    outer loop
      vertex 127.872 115.8 0
      vertex 127.686 115.58 4
      vertex 127.686 115.58 0
    endloop
  endfacet
  facet normal -0.437969 0.89899 0
    outer loop
      vertex 132.999 109.306 0
      vertex 132.687 109.154 4
      vertex 132.999 109.306 4
    endloop
  endfacet
  facet normal -0.437969 0.89899 0
    outer loop
      vertex 132.687 109.154 4
      vertex 132.999 109.306 0
      vertex 132.687 109.154 0
    endloop
  endfacet
  facet normal 0.813928 -0.580966 0
    outer loop
      vertex 127.484 115.297 4
      vertex 127.686 115.58 0
      vertex 127.686 115.58 4
    endloop
  endfacet
  facet normal 0.813928 -0.580966 0
    outer loop
      vertex 127.686 115.58 0
      vertex 127.484 115.297 4
      vertex 127.484 115.297 0
    endloop
  endfacet
  facet normal 0.858508 -0.5128 0
    outer loop
      vertex 127.306 114.999 4
      vertex 127.484 115.297 0
      vertex 127.484 115.297 4
    endloop
  endfacet
  facet normal 0.858508 -0.5128 0
    outer loop
      vertex 127.484 115.297 0
      vertex 127.306 114.999 4
      vertex 127.306 114.999 0
    endloop
  endfacet
  facet normal 0.89899 -0.437969 0
    outer loop
      vertex 127.154 114.687 4
      vertex 127.306 114.999 0
      vertex 127.306 114.999 4
    endloop
  endfacet
  facet normal 0.89899 -0.437969 0
    outer loop
      vertex 127.306 114.999 0
      vertex 127.154 114.687 4
      vertex 127.154 114.687 0
    endloop
  endfacet
  facet normal -0.363996 0.931401 0
    outer loop
      vertex 132.687 109.154 0
      vertex 132.6 109.12 4
      vertex 132.687 109.154 4
    endloop
  endfacet
  facet normal -0.363996 0.931401 0
    outer loop
      vertex 132.6 109.12 4
      vertex 132.687 109.154 0
      vertex 132.6 109.12 0
    endloop
  endfacet
  facet normal -0.580966 0.813928 0
    outer loop
      vertex 133.58 109.686 0
      vertex 133.297 109.484 4
      vertex 133.58 109.686 4
    endloop
  endfacet
  facet normal -0.580966 0.813928 0
    outer loop
      vertex 133.297 109.484 4
      vertex 133.58 109.686 0
      vertex 133.297 109.484 0
    endloop
  endfacet
  facet normal -0.5128 0.858508 0
    outer loop
      vertex 133.297 109.484 0
      vertex 132.999 109.306 4
      vertex 133.297 109.484 4
    endloop
  endfacet
  facet normal -0.5128 0.858508 0
    outer loop
      vertex 132.999 109.306 4
      vertex 133.297 109.484 0
      vertex 132.999 109.306 0
    endloop
  endfacet
  facet normal -0.645631 0.76365 0
    outer loop
      vertex 133.8 109.872 0
      vertex 133.58 109.686 4
      vertex 133.8 109.872 4
    endloop
  endfacet
  facet normal -0.645631 0.76365 0
    outer loop
      vertex 133.58 109.686 4
      vertex 133.8 109.872 0
      vertex 133.58 109.686 0
    endloop
  endfacet
  facet normal 1 -0 0
    outer loop
      vertex 53 0.199997 4
      vertex 53 1.39999 0
      vertex 53 1.39999 4
    endloop
  endfacet
  facet normal 1 0 0
    outer loop
      vertex 53 1.39999 0
      vertex 53 0.199997 4
      vertex 53 0.199997 0
    endloop
  endfacet
  facet normal -1 0 0
    outer loop
      vertex 81 0.199997 0
      vertex 81 1.39999 4
      vertex 81 1.39999 0
    endloop
  endfacet
  facet normal -1 -0 0
    outer loop
      vertex 81 1.39999 4
      vertex 81 0.199997 0
      vertex 81 0.199997 4
    endloop
  endfacet
  facet normal 1 -0 0
    outer loop
      vertex 86 114.6 4
      vertex 86 115.8 0
      vertex 86 115.8 4
    endloop
  endfacet
  facet normal 1 0 0
    outer loop
      vertex 86 115.8 0
      vertex 86 114.6 4
      vertex 86 114.6 0
    endloop
  endfacet
  facet normal -1 0 0
    outer loop
      vertex 125.5 114.6 0
      vertex 125.5 115.8 4
      vertex 125.5 115.8 0
    endloop
  endfacet
  facet normal -1 -0 0
    outer loop
      vertex 125.5 115.8 4
      vertex 125.5 114.6 0
      vertex 125.5 114.6 4
    endloop
  endfacet
  facet normal -0 0 1
    outer loop
      vertex 3.89924 111.557 0
      vertex 14 108 0
      vertex 4.17124 111.768 0
    endloop
  endfacet
  facet normal 0 0 1
    outer loop
      vertex 9.35 59 0
      vertex 4.6652 3.34221 0
      vertex 4.7 3 0
    endloop
  endfacet
  facet normal -0 0 1
    outer loop
      vertex 1.39999 109.12 0
      vertex 14 108 0
      vertex 3.89924 111.557 0
    endloop
  endfacet
  facet normal 0 0 1
    outer loop
      vertex 9.35 59 0
      vertex 4.56223 3.6704 0
      vertex 4.6652 3.34221 0
    endloop
  endfacet
  facet normal 0 0 1
    outer loop
      vertex 14 108 0
      vertex 1.39999 109.12 0
      vertex 14 102 0
    endloop
  endfacet
  facet normal 0 0 1
    outer loop
      vertex 9.35 59 0
      vertex 4.3953 3.97116 0
      vertex 4.56223 3.6704 0
    endloop
  endfacet
  facet normal 0 0 1
    outer loop
      vertex 9.35 93 0
      vertex 1.39999 109.12 0
      vertex 9.35 59 0
    endloop
  endfacet
  facet normal 0 0 1
    outer loop
      vertex 9.35 59 0
      vertex 4.17124 4.23215 0
      vertex 4.3953 3.97116 0
    endloop
  endfacet
  facet normal 0 0 1
    outer loop
      vertex 14 102 0
      vertex 1.39999 109.12 0
      vertex 9.35 93 0
    endloop
  endfacet
  facet normal 0 0 1
    outer loop
      vertex 1.39999 6.88024 0
      vertex 9.35 59 0
      vertex 1.39999 109.12 0
    endloop
  endfacet
  facet normal 0 0 1
    outer loop
      vertex 1.39999 109.12 0
      vertex 3.89924 111.557 0
      vertex 3.59042 111.406 0
    endloop
  endfacet
  facet normal 0 0 1
    outer loop
      vertex 9.35 59 0
      vertex 1.39999 6.88024 0
      vertex 4.17124 4.23215 0
    endloop
  endfacet
  facet normal 0 0 1
    outer loop
      vertex 1.39999 109.12 0
      vertex 3.59042 111.406 0
      vertex 3.25743 111.32 0
    endloop
  endfacet
  facet normal 0 0 1
    outer loop
      vertex 4.17124 4.23215 0
      vertex 1.39999 6.88024 0
      vertex 3.89924 4.44269 0
    endloop
  endfacet
  facet normal 0 0 1
    outer loop
      vertex 1.39999 109.12 0
      vertex 3.25743 111.32 0
      vertex 2.9139 111.302 0
    endloop
  endfacet
  facet normal 0 0 1
    outer loop
      vertex 3.89924 4.44269 0
      vertex 1.39999 6.88024 0
      vertex 3.59042 4.59418 0
    endloop
  endfacet
  facet normal 0 0 1
    outer loop
      vertex 1.39999 109.12 0
      vertex 2.9139 111.302 0
      vertex 2.57389 111.354 0
    endloop
  endfacet
  facet normal 0 0 1
    outer loop
      vertex 3.59042 4.59418 0
      vertex 1.39999 6.88024 0
      vertex 3.25743 4.6804 0
    endloop
  endfacet
  facet normal 0 0 1
    outer loop
      vertex 1.39999 109.12 0
      vertex 2.57389 111.354 0
      vertex 2.25133 111.474 0
    endloop
  endfacet
  facet normal 0 0 1
    outer loop
      vertex 3.25743 4.6804 0
      vertex 1.39999 6.88024 0
      vertex 2.9139 4.69782 0
    endloop
  endfacet
  facet normal 0 0 1
    outer loop
      vertex 0.702817 109.484 0
      vertex 2.25133 111.474 0
      vertex 1.95942 111.656 0
    endloop
  endfacet
  facet normal 0 0 1
    outer loop
      vertex 2.9139 4.69782 0
      vertex 1.39999 6.88024 0
      vertex 2.57389 4.64573 0
    endloop
  endfacet
  facet normal 0 0 1
    outer loop
      vertex 0.199997 109.872 0
      vertex 1.95942 111.656 0
      vertex 1.71011 111.893 0
    endloop
  endfacet
  facet normal 0 0 1
    outer loop
      vertex 2.57389 4.64573 0
      vertex 1.39999 6.88024 0
      vertex 2.25133 4.52627 0
    endloop
  endfacet
  facet normal 0 0 1
    outer loop
      vertex 0.199997 109.872 0
      vertex 1.71011 111.893 0
      vertex 1.51361 112.175 0
    endloop
  endfacet
  facet normal -0 0 1
    outer loop
      vertex 1.31288 6.84625 0
      vertex 2.25133 4.52627 0
      vertex 1.39999 6.88024 0
    endloop
  endfacet
  facet normal -0 0 1
    outer loop
      vertex 1.00102 6.69379 0
      vertex 2.25133 4.52627 0
      vertex 1.31288 6.84625 0
    endloop
  endfacet
  facet normal 0 0 1
    outer loop
      vertex 0.199997 109.872 0
      vertex 1.51361 112.175 0
      vertex 1.37796 112.491 0
    endloop
  endfacet
  facet normal 0 0 1
    outer loop
      vertex 2.25133 111.474 0
      vertex 1.31288 109.154 0
      vertex 1.39999 109.12 0
    endloop
  endfacet
  facet normal 0 0 1
    outer loop
      vertex 0.199997 109.872 0
      vertex 1.37796 112.491 0
      vertex 1.30872 112.828 0
    endloop
  endfacet
  facet normal 0 0 1
    outer loop
      vertex 2.25133 111.474 0
      vertex 1.00102 109.306 0
      vertex 1.31288 109.154 0
    endloop
  endfacet
  facet normal -0 0 1
    outer loop
      vertex 0.702817 6.5161 0
      vertex 2.25133 4.52627 0
      vertex 1.00102 6.69379 0
    endloop
  endfacet
  facet normal 0 0 1
    outer loop
      vertex 2.25133 4.52627 0
      vertex 0.702817 6.5161 0
      vertex 1.95942 4.34432 0
    endloop
  endfacet
  facet normal -0 0 1
    outer loop
      vertex 0.420306 6.31439 0
      vertex 1.95942 4.34432 0
      vertex 0.702817 6.5161 0
    endloop
  endfacet
  facet normal -0 0 1
    outer loop
      vertex 0.199997 6.1278 0
      vertex 1.95942 4.34432 0
      vertex 0.420306 6.31439 0
    endloop
  endfacet
  facet normal 0 0 1
    outer loop
      vertex 1.71011 4.10733 0
      vertex 0.199997 6.1278 0
      vertex 1.51361 3.82501 0
    endloop
  endfacet
  facet normal 0 0 1
    outer loop
      vertex 1.95942 4.34432 0
      vertex 0.199997 6.1278 0
      vertex 1.71011 4.10733 0
    endloop
  endfacet
  facet normal 0 0 1
    outer loop
      vertex 11.85 93 0
      vertex 20 102 0
      vertex 14 102 0
    endloop
  endfacet
  facet normal 0 0 1
    outer loop
      vertex 20 102 0
      vertex 11.85 93 0
      vertex 20 50 0
    endloop
  endfacet
  facet normal 0 0 1
    outer loop
      vertex 20 102 0
      vertex 35.16 110.15 0
      vertex 29.16 110.15 0
    endloop
  endfacet
  facet normal 0 0 1
    outer loop
      vertex 35.16 110.15 0
      vertex 20 102 0
      vertex 35.16 41.85 0
    endloop
  endfacet
  facet normal -0 0 1
    outer loop
      vertex 54.35 18.6 0
      vertex 56.85 11.4 0
      vertex 56.85 18.6 0
    endloop
  endfacet
  facet normal 0 0 1
    outer loop
      vertex 56.85 11.4 0
      vertex 54.35 18.6 0
      vertex 54.35 11.4 0
    endloop
  endfacet
  facet normal 0 0 1
    outer loop
      vertex 56.85 18.6 0
      vertex 65 22 0
      vertex 59 22 0
    endloop
  endfacet
  facet normal 0 0 1
    outer loop
      vertex 65 22 0
      vertex 56.85 18.6 0
      vertex 65 8 0
    endloop
  endfacet
  facet normal 0 0 1
    outer loop
      vertex 60.84 41.85 0
      vertex 76 50 0
      vertex 60.84 110.15 0
    endloop
  endfacet
  facet normal 0 0 1
    outer loop
      vertex 76 50 0
      vertex 60.84 41.85 0
      vertex 66.84 41.85 0
    endloop
  endfacet
  facet normal 0 0 1
    outer loop
      vertex 69 8 0
      vertex 77.15 11.4 0
      vertex 69 22 0
    endloop
  endfacet
  facet normal 0 0 1
    outer loop
      vertex 77.15 11.4 0
      vertex 69 8 0
      vertex 75 8 0
    endloop
  endfacet
  facet normal -0 0 1
    outer loop
      vertex 73.55 0 0
      vertex 75.3 -1.2 0
      vertex 77 0 0
    endloop
  endfacet
  facet normal 0 0 1
    outer loop
      vertex 75.3 -1.2 0
      vertex 73.55 0 0
      vertex 73.55 -1.2 0
    endloop
  endfacet
  facet normal -0 0 1
    outer loop
      vertex 77.15 18.6 0
      vertex 78.75 11.4 0
      vertex 78.75 18.6 0
    endloop
  endfacet
  facet normal 0 0 1
    outer loop
      vertex 78.75 11.4 0
      vertex 77.15 18.6 0
      vertex 77.15 11.4 0
    endloop
  endfacet
  facet normal 0 0 1
    outer loop
      vertex 79 30.15 0
      vertex 77.15 24.6 0
      vertex 78.75 24.6 0
    endloop
  endfacet
  facet normal -0 0 1
    outer loop
      vertex 75 22 0
      vertex 77.15 18.6 0
      vertex 77.15 24.6 0
    endloop
  endfacet
  facet normal -0 0 1
    outer loop
      vertex 69 22 0
      vertex 77.15 18.6 0
      vertex 75 22 0
    endloop
  endfacet
  facet normal 0 0 1
    outer loop
      vertex 77.15 11.4 0
      vertex 75 8 0
      vertex 77.15 5.4 0
    endloop
  endfacet
  facet normal 0 0 1
    outer loop
      vertex 75 22 0
      vertex 77.15 24.6 0
      vertex 75 28 0
    endloop
  endfacet
  facet normal 0 0 1
    outer loop
      vertex 79 30.15 0
      vertex 75 28 0
      vertex 77.15 24.6 0
    endloop
  endfacet
  facet normal 0 0 1
    outer loop
      vertex 79 30.15 0
      vertex 69 28 0
      vertex 75 28 0
    endloop
  endfacet
  facet normal 0 0 1
    outer loop
      vertex 65 22 0
      vertex 69 22 0
      vertex 69 28 0
    endloop
  endfacet
  facet normal 0 0 1
    outer loop
      vertex 69 22 0
      vertex 65 22 0
      vertex 69 8 0
    endloop
  endfacet
  facet normal 0 0 1
    outer loop
      vertex 65 22 0
      vertex 69 28 0
      vertex 65 28 0
    endloop
  endfacet
  facet normal 0 0 1
    outer loop
      vertex 79 30.15 0
      vertex 65 28 0
      vertex 69 28 0
    endloop
  endfacet
  facet normal -0 0 1
    outer loop
      vertex 55 30.15 0
      vertex 65 28 0
      vertex 79 30.15 0
    endloop
  endfacet
  facet normal -0 0 1
    outer loop
      vertex 56.85 24.6 0
      vertex 59 22 0
      vertex 59 28 0
    endloop
  endfacet
  facet normal -0 0 1
    outer loop
      vertex 56.85 11.4 0
      vertex 65 8 0
      vertex 56.85 18.6 0
    endloop
  endfacet
  facet normal 0 0 1
    outer loop
      vertex 65 8 0
      vertex 56.85 11.4 0
      vertex 59 8 0
    endloop
  endfacet
  facet normal 0 0 1
    outer loop
      vertex 56.85 5.4 0
      vertex 59 8 0
      vertex 56.85 11.4 0
    endloop
  endfacet
  facet normal 0 0 1
    outer loop
      vertex 59 22 0
      vertex 56.85 24.6 0
      vertex 56.85 18.6 0
    endloop
  endfacet
  facet normal 0 0 1
    outer loop
      vertex 65 28 0
      vertex 55 30.15 0
      vertex 59 28 0
    endloop
  endfacet
  facet normal 0 0 1
    outer loop
      vertex 55 30.15 0
      vertex 56.85 24.6 0
      vertex 59 28 0
    endloop
  endfacet
  facet normal 0 0 1
    outer loop
      vertex 56.85 24.6 0
      vertex 55 30.15 0
      vertex 54.35 24.6 0
    endloop
  endfacet
  facet normal 0 0 1
    outer loop
      vertex 76 50 0
      vertex 84.15 59 0
      vertex 76 102 0
    endloop
  endfacet
  facet normal 0 0 1
    outer loop
      vertex 84.15 59 0
      vertex 76 50 0
      vertex 82 50 0
    endloop
  endfacet
  facet normal 0 0 1
    outer loop
      vertex 86.65 93 0
      vertex 89.85 96.76 0
      vertex 87.35 96.76 0
    endloop
  endfacet
  facet normal 0 0 1
    outer loop
      vertex 89.85 96.76 0
      vertex 86.65 93 0
      vertex 89.85 77.24 0
    endloop
  endfacet
  facet normal 0 0 1
    outer loop
      vertex 92 108 0
      vertex 82 108 0
      vertex 87.35 102.76 0
    endloop
  endfacet
  facet normal 0 -0 1
    outer loop
      vertex 84.15 93 0
      vertex 87.35 102.76 0
      vertex 82 102 0
    endloop
  endfacet
  facet normal 0 0 1
    outer loop
      vertex 87.35 102.76 0
      vertex 84.15 93 0
      vertex 86.65 93 0
    endloop
  endfacet
  facet normal 0 0 1
    outer loop
      vertex 87.35 102.76 0
      vertex 82 108 0
      vertex 82 102 0
    endloop
  endfacet
  facet normal 0 0 1
    outer loop
      vertex 86 114.6 0
      vertex 76 108 0
      vertex 82 108 0
    endloop
  endfacet
  facet normal 0 0 1
    outer loop
      vertex 66.84 110.15 0
      vertex 76 102 0
      vertex 76 108 0
    endloop
  endfacet
  facet normal -0 0 1
    outer loop
      vertex 60.84 110.15 0
      vertex 76 102 0
      vertex 66.84 110.15 0
    endloop
  endfacet
  facet normal -0 0 1
    outer loop
      vertex 66.84 110.15 0
      vertex 76 108 0
      vertex 66.84 111.75 0
    endloop
  endfacet
  facet normal 0 0 1
    outer loop
      vertex 86 114.6 0
      vertex 66.84 111.75 0
      vertex 76 108 0
    endloop
  endfacet
  facet normal 0 0 1
    outer loop
      vertex 86 114.6 0
      vertex 60.84 111.75 0
      vertex 66.84 111.75 0
    endloop
  endfacet
  facet normal 0 0 1
    outer loop
      vertex 35.16 110.15 0
      vertex 60.84 110.15 0
      vertex 60.84 111.75 0
    endloop
  endfacet
  facet normal 0 0 1
    outer loop
      vertex 60.84 110.15 0
      vertex 35.16 110.15 0
      vertex 60.84 41.85 0
    endloop
  endfacet
  facet normal 0 -0 1
    outer loop
      vertex 55 33.15 0
      vertex 60.84 41.85 0
      vertex 35.16 41.85 0
    endloop
  endfacet
  facet normal 0 0 1
    outer loop
      vertex 35.16 39.35 0
      vertex 55 30.15 0
      vertex 55 33.15 0
    endloop
  endfacet
  facet normal 0 0 1
    outer loop
      vertex 60.84 41.85 0
      vertex 55 33.15 0
      vertex 60.84 39.35 0
    endloop
  endfacet
  facet normal 0 0 1
    outer loop
      vertex 35.16 39.35 0
      vertex 54.35 18.6 0
      vertex 54.35 24.6 0
    endloop
  endfacet
  facet normal -0 0 1
    outer loop
      vertex 29.16 39.35 0
      vertex 54.35 18.6 0
      vertex 35.16 39.35 0
    endloop
  endfacet
  facet normal 0 0 1
    outer loop
      vertex 6.88024 1.39999 0
      vertex 54.35 11.4 0
      vertex 29.16 39.35 0
    endloop
  endfacet
  facet normal 0 0 1
    outer loop
      vertex 60.84 41.85 0
      vertex 35.16 110.15 0
      vertex 35.16 41.85 0
    endloop
  endfacet
  facet normal 0 0 1
    outer loop
      vertex 35.16 110.15 0
      vertex 60.84 111.75 0
      vertex 35.16 111.75 0
    endloop
  endfacet
  facet normal 0 0 1
    outer loop
      vertex 86 114.6 0
      vertex 35.16 111.75 0
      vertex 60.84 111.75 0
    endloop
  endfacet
  facet normal -0 0 1
    outer loop
      vertex 6.88025 114.6 0
      vertex 35.16 111.75 0
      vertex 86 114.6 0
    endloop
  endfacet
  facet normal 0 0 1
    outer loop
      vertex 20 108 0
      vertex 29.16 110.15 0
      vertex 29.16 111.75 0
    endloop
  endfacet
  facet normal -0 0 1
    outer loop
      vertex 20 50 0
      vertex 35.16 41.85 0
      vertex 20 102 0
    endloop
  endfacet
  facet normal 0 0 1
    outer loop
      vertex 29.16 110.15 0
      vertex 20 108 0
      vertex 20 102 0
    endloop
  endfacet
  facet normal 0 0 1
    outer loop
      vertex 6.88025 114.6 0
      vertex 20 108 0
      vertex 29.16 111.75 0
    endloop
  endfacet
  facet normal 0 0 1
    outer loop
      vertex 4.56223 112.33 0
      vertex 6.88025 114.6 0
      vertex 4.6652 112.658 0
    endloop
  endfacet
  facet normal -0 0 1
    outer loop
      vertex 11.85 59 0
      vertex 20 50 0
      vertex 11.85 93 0
    endloop
  endfacet
  facet normal 0 0 1
    outer loop
      vertex 20 50 0
      vertex 11.85 59 0
      vertex 14 50 0
    endloop
  endfacet
  facet normal 0 0 1
    outer loop
      vertex 14 102 0
      vertex 9.35 93 0
      vertex 11.85 93 0
    endloop
  endfacet
  facet normal 0 0 1
    outer loop
      vertex 6.88025 114.6 0
      vertex 4.56223 112.33 0
      vertex 14 108 0
    endloop
  endfacet
  facet normal 0 0 1
    outer loop
      vertex 4.6652 112.658 0
      vertex 6.88025 114.6 0
      vertex 4.7 113 0
    endloop
  endfacet
  facet normal 0 0 1
    outer loop
      vertex 20 108 0
      vertex 6.88025 114.6 0
      vertex 14 108 0
    endloop
  endfacet
  facet normal 0 0 1
    outer loop
      vertex 35.16 111.75 0
      vertex 6.88025 114.6 0
      vertex 29.16 111.75 0
    endloop
  endfacet
  facet normal 0 0 1
    outer loop
      vertex 77.15 18.6 0
      vertex 69 22 0
      vertex 77.15 11.4 0
    endloop
  endfacet
  facet normal 0 0 1
    outer loop
      vertex 75 5 0
      vertex 77.15 5.4 0
      vertex 75 8 0
    endloop
  endfacet
  facet normal 0 0 1
    outer loop
      vertex 77.15 5.4 0
      vertex 75 5 0
      vertex 77 5 0
    endloop
  endfacet
  facet normal 0 0 1
    outer loop
      vertex 65 8 0
      vertex 69 8 0
      vertex 65 22 0
    endloop
  endfacet
  facet normal 0 0 1
    outer loop
      vertex 69 8 0
      vertex 65 8 0
      vertex 69 5 0
    endloop
  endfacet
  facet normal 0 0 1
    outer loop
      vertex 69 5 0
      vertex 65 8 0
      vertex 65 5 0
    endloop
  endfacet
  facet normal 0 0 1
    outer loop
      vertex 60.45 0 0
      vertex 58.7 -1.2 0
      vertex 60.45 -1.2 0
    endloop
  endfacet
  facet normal -0 0 1
    outer loop
      vertex 57 0 0
      vertex 58.7 -1.2 0
      vertex 60.45 0 0
    endloop
  endfacet
  facet normal 0 0 1
    outer loop
      vertex 57 0 0
      vertex 58.7 -2.4 0
      vertex 58.7 -1.2 0
    endloop
  endfacet
  facet normal 0 0 1
    outer loop
      vertex 59 8 0
      vertex 56.85 5.4 0
      vertex 59 5 0
    endloop
  endfacet
  facet normal 0 0 1
    outer loop
      vertex 59 5 0
      vertex 56.85 5.4 0
      vertex 57 5 0
    endloop
  endfacet
  facet normal -0 0 1
    outer loop
      vertex 54.35 5.4 0
      vertex 57 5 0
      vertex 56.85 5.4 0
    endloop
  endfacet
  facet normal 0 0 1
    outer loop
      vertex 57 5 0
      vertex 54.35 5.4 0
      vertex 53 1.39999 0
    endloop
  endfacet
  facet normal 0 0 1
    outer loop
      vertex 57 5 0
      vertex 53 1.39999 0
      vertex 57 0 0
    endloop
  endfacet
  facet normal -0 0 1
    outer loop
      vertex 53 0.199997 0
      vertex 57 0 0
      vertex 53 1.39999 0
    endloop
  endfacet
  facet normal 0 0 1
    outer loop
      vertex 57 0 0
      vertex 53 0.199997 0
      vertex 58.7 -2.4 0
    endloop
  endfacet
  facet normal 0 0 1
    outer loop
      vertex 0.599999 -2.4 0
      vertex 53 0.199997 0
      vertex 6.1278 0.199997 0
    endloop
  endfacet
  facet normal -0 0 1
    outer loop
      vertex 4.3953 2.02884 0
      vertex 6.69379 1.00102 0
      vertex 4.56223 2.3296 0
    endloop
  endfacet
  facet normal 0 0 1
    outer loop
      vertex 6.69379 1.00102 0
      vertex 4.3953 2.02884 0
      vertex 6.5161 0.702817 0
    endloop
  endfacet
  facet normal 0 0 1
    outer loop
      vertex 6.5161 0.702817 0
      vertex 4.3953 2.02884 0
      vertex 6.31439 0.420306 0
    endloop
  endfacet
  facet normal 0 0 1
    outer loop
      vertex 6.31439 0.420306 0
      vertex 4.3953 2.02884 0
      vertex 6.1278 0.199997 0
    endloop
  endfacet
  facet normal -0 0 1
    outer loop
      vertex 4.17124 1.76785 0
      vertex 6.1278 0.199997 0
      vertex 4.3953 2.02884 0
    endloop
  endfacet
  facet normal -0 0 1
    outer loop
      vertex 3.89924 1.55731 0
      vertex 6.1278 0.199997 0
      vertex 4.17124 1.76785 0
    endloop
  endfacet
  facet normal -0 0 1
    outer loop
      vertex 3.59042 1.40582 0
      vertex 6.1278 0.199997 0
      vertex 3.89924 1.55731 0
    endloop
  endfacet
  facet normal -0 0 1
    outer loop
      vertex 3.25743 1.3196 0
      vertex 6.1278 0.199997 0
      vertex 3.59042 1.40582 0
    endloop
  endfacet
  facet normal 0 0 1
    outer loop
      vertex 0.599999 -2.4 0
      vertex 3.25743 1.3196 0
      vertex 2.9139 1.30218 0
    endloop
  endfacet
  facet normal 0 0 1
    outer loop
      vertex 0.599999 -2.4 0
      vertex 2.9139 1.30218 0
      vertex 2.57389 1.35427 0
    endloop
  endfacet
  facet normal 0 0 1
    outer loop
      vertex 1.51361 3.82501 0
      vertex 0.199997 6.1278 0
      vertex 1.37796 3.50892 0
    endloop
  endfacet
  facet normal 0 0 1
    outer loop
      vertex 53 0.199997 0
      vertex 0.599999 -2.4 0
      vertex 58.7 -2.4 0
    endloop
  endfacet
  facet normal 0 0 1
    outer loop
      vertex 3.25743 1.3196 0
      vertex 0.599999 -2.4 0
      vertex 6.1278 0.199997 0
    endloop
  endfacet
  facet normal 0 0 1
    outer loop
      vertex 2.25133 1.47373 0
      vertex 0.599999 -2.4 0
      vertex 2.57389 1.35427 0
    endloop
  endfacet
  facet normal 0 0 1
    outer loop
      vertex 1.95942 1.65568 0
      vertex 0.599999 -2.4 0
      vertex 2.25133 1.47373 0
    endloop
  endfacet
  facet normal 0 0 1
    outer loop
      vertex -1.19147 -1.80637 0
      vertex 1.95942 1.65568 0
      vertex 1.71011 1.89267 0
    endloop
  endfacet
  facet normal 0 0 1
    outer loop
      vertex -2.4 0.599999 0
      vertex 1.71011 1.89267 0
      vertex 1.51361 2.17499 0
    endloop
  endfacet
  facet normal 0 0 1
    outer loop
      vertex -2.4 0.599999 0
      vertex 1.51361 2.17499 0
      vertex 1.37796 2.49108 0
    endloop
  endfacet
  facet normal 0 0 1
    outer loop
      vertex -2.4 0.599999 0
      vertex 1.37796 2.49108 0
      vertex 1.30872 2.82801 0
    endloop
  endfacet
  facet normal 0 0 1
    outer loop
      vertex 1.37796 3.50892 0
      vertex 0.199997 6.1278 0
      vertex 1.30872 3.17199 0
    endloop
  endfacet
  facet normal 0 0 1
    outer loop
      vertex -2.4 0.599999 0
      vertex 1.30872 3.17199 0
      vertex 0.199997 6.1278 0
    endloop
  endfacet
  facet normal 0 0 1
    outer loop
      vertex 1.30872 3.17199 0
      vertex -2.4 0.599999 0
      vertex 1.30872 2.82801 0
    endloop
  endfacet
  facet normal 0 0 1
    outer loop
      vertex 1.71011 1.89267 0
      vertex -2.4 0.599999 0
      vertex -2.37972 0.251718 0
    endloop
  endfacet
  facet normal -0 0 1
    outer loop
      vertex 35.16 39.35 0
      vertex 55 33.15 0
      vertex 35.16 41.85 0
    endloop
  endfacet
  facet normal 0 0 1
    outer loop
      vertex 55 30.15 0
      vertex 35.16 39.35 0
      vertex 54.35 24.6 0
    endloop
  endfacet
  facet normal 0 0 1
    outer loop
      vertex 54.35 18.6 0
      vertex 29.16 39.35 0
      vertex 54.35 11.4 0
    endloop
  endfacet
  facet normal 0 -0 1
    outer loop
      vertex 53 1.39999 0
      vertex 54.35 11.4 0
      vertex 6.88024 1.39999 0
    endloop
  endfacet
  facet normal 0 0 1
    outer loop
      vertex 35.16 41.85 0
      vertex 20 50 0
      vertex 29.16 41.85 0
    endloop
  endfacet
  facet normal -0 0 1
    outer loop
      vertex 20 44 0
      vertex 29.16 41.85 0
      vertex 20 50 0
    endloop
  endfacet
  facet normal 0 0 1
    outer loop
      vertex 29.16 41.85 0
      vertex 20 44 0
      vertex 29.16 39.35 0
    endloop
  endfacet
  facet normal -0 0 1
    outer loop
      vertex 14 44 0
      vertex 29.16 39.35 0
      vertex 20 44 0
    endloop
  endfacet
  facet normal 0 0 1
    outer loop
      vertex 4.7 3 0
      vertex 29.16 39.35 0
      vertex 14 44 0
    endloop
  endfacet
  facet normal -0 0 1
    outer loop
      vertex 9.35 59 0
      vertex 14 50 0
      vertex 11.85 59 0
    endloop
  endfacet
  facet normal 0 0 1
    outer loop
      vertex 14 50 0
      vertex 9.35 59 0
      vertex 14 44 0
    endloop
  endfacet
  facet normal 0 0 1
    outer loop
      vertex 54.35 11.4 0
      vertex 53 1.39999 0
      vertex 54.35 5.4 0
    endloop
  endfacet
  facet normal 0 0 1
    outer loop
      vertex 4.7 3 0
      vertex 14 44 0
      vertex 9.35 59 0
    endloop
  endfacet
  facet normal -0 0 1
    outer loop
      vertex 4.3953 112.029 0
      vertex 14 108 0
      vertex 4.56223 112.33 0
    endloop
  endfacet
  facet normal 0 0 1
    outer loop
      vertex 4.56223 113.67 0
      vertex 6.88025 114.6 0
      vertex 6.84625 114.687 0
    endloop
  endfacet
  facet normal -0 0 1
    outer loop
      vertex 4.17124 111.768 0
      vertex 14 108 0
      vertex 4.3953 112.029 0
    endloop
  endfacet
  facet normal 0 0 1
    outer loop
      vertex 4.56223 113.67 0
      vertex 6.84625 114.687 0
      vertex 6.69379 114.999 0
    endloop
  endfacet
  facet normal 0 0 1
    outer loop
      vertex 29.16 39.35 0
      vertex 4.7 3 0
      vertex 6.88024 1.39999 0
    endloop
  endfacet
  facet normal 0 0 1
    outer loop
      vertex 4.3953 113.971 0
      vertex 6.69379 114.999 0
      vertex 6.5161 115.297 0
    endloop
  endfacet
  facet normal -0 0 1
    outer loop
      vertex 4.56223 2.3296 0
      vertex 6.88024 1.39999 0
      vertex 4.6652 2.65779 0
    endloop
  endfacet
  facet normal 0 0 1
    outer loop
      vertex 4.3953 113.971 0
      vertex 6.5161 115.297 0
      vertex 6.31439 115.58 0
    endloop
  endfacet
  facet normal -0 0 1
    outer loop
      vertex 4.6652 2.65779 0
      vertex 6.88024 1.39999 0
      vertex 4.7 3 0
    endloop
  endfacet
  facet normal 0 0 1
    outer loop
      vertex 4.3953 113.971 0
      vertex 6.31439 115.58 0
      vertex 6.12781 115.8 0
    endloop
  endfacet
  facet normal 0 0 1
    outer loop
      vertex 6.88024 1.39999 0
      vertex 4.56223 2.3296 0
      vertex 6.84625 1.31288 0
    endloop
  endfacet
  facet normal 0 0 1
    outer loop
      vertex 89.85 102.76 0
      vertex 98 108 0
      vertex 92 108 0
    endloop
  endfacet
  facet normal 0 0 1
    outer loop
      vertex 98 108 0
      vertex 89.85 96.76 0
      vertex 98 66 0
    endloop
  endfacet
  facet normal 0 0 1
    outer loop
      vertex 99.95 118.4 0
      vertex 98 114 0
      vertex 99.95 116 0
    endloop
  endfacet
  facet normal 0 0 1
    outer loop
      vertex 99.95 118.4 0
      vertex 92 114 0
      vertex 98 114 0
    endloop
  endfacet
  facet normal -0 0 1
    outer loop
      vertex 86 114.6 0
      vertex 92 114 0
      vertex 86 115.8 0
    endloop
  endfacet
  facet normal -0 0 1
    outer loop
      vertex 89.85 77.24 0
      vertex 98 66 0
      vertex 89.85 96.76 0
    endloop
  endfacet
  facet normal 0 0 1
    outer loop
      vertex 98 108 0
      vertex 89.85 102.76 0
      vertex 89.85 96.76 0
    endloop
  endfacet
  facet normal 0 0 1
    outer loop
      vertex 92 108 0
      vertex 87.35 102.76 0
      vertex 89.85 102.76 0
    endloop
  endfacet
  facet normal 0 0 1
    outer loop
      vertex 86.65 93 0
      vertex 87.35 96.76 0
      vertex 87.35 102.76 0
    endloop
  endfacet
  facet normal 0 0 1
    outer loop
      vertex 89.85 77.24 0
      vertex 86.65 93 0
      vertex 87.35 77.24 0
    endloop
  endfacet
  facet normal 0 0 1
    outer loop
      vertex 86.65 59 0
      vertex 87.35 77.24 0
      vertex 86.65 93 0
    endloop
  endfacet
  facet normal 0 0 1
    outer loop
      vertex 82 108 0
      vertex 92 108 0
      vertex 86 114.6 0
    endloop
  endfacet
  facet normal 0 0 1
    outer loop
      vertex 92 114 0
      vertex 86 114.6 0
      vertex 92 108 0
    endloop
  endfacet
  facet normal 0 0 1
    outer loop
      vertex 99.95 118.4 0
      vertex 86 115.8 0
      vertex 92 114 0
    endloop
  endfacet
  facet normal -0 0 1
    outer loop
      vertex 0.599999 118.4 0
      vertex 86 115.8 0
      vertex 99.95 118.4 0
    endloop
  endfacet
  facet normal 0 0 1
    outer loop
      vertex 6.84625 1.31288 0
      vertex 4.56223 2.3296 0
      vertex 6.69379 1.00102 0
    endloop
  endfacet
  facet normal 0 0 1
    outer loop
      vertex 6.88025 114.6 0
      vertex 4.6652 113.342 0
      vertex 4.7 113 0
    endloop
  endfacet
  facet normal 0 0 1
    outer loop
      vertex 6.88025 114.6 0
      vertex 4.56223 113.67 0
      vertex 4.6652 113.342 0
    endloop
  endfacet
  facet normal 0 0 1
    outer loop
      vertex 6.69379 114.999 0
      vertex 4.3953 113.971 0
      vertex 4.56223 113.67 0
    endloop
  endfacet
  facet normal 0 0 1
    outer loop
      vertex 6.12781 115.8 0
      vertex 4.17124 114.232 0
      vertex 4.3953 113.971 0
    endloop
  endfacet
  facet normal 0 0 1
    outer loop
      vertex 6.12781 115.8 0
      vertex 3.89924 114.443 0
      vertex 4.17124 114.232 0
    endloop
  endfacet
  facet normal 0 0 1
    outer loop
      vertex 6.12781 115.8 0
      vertex 3.59042 114.594 0
      vertex 3.89924 114.443 0
    endloop
  endfacet
  facet normal 0 0 1
    outer loop
      vertex 6.12781 115.8 0
      vertex 3.25743 114.68 0
      vertex 3.59042 114.594 0
    endloop
  endfacet
  facet normal 0 0 1
    outer loop
      vertex 0.599999 118.4 0
      vertex 3.25743 114.68 0
      vertex 6.12781 115.8 0
    endloop
  endfacet
  facet normal 0 0 1
    outer loop
      vertex 3.25743 114.68 0
      vertex 0.599999 118.4 0
      vertex 2.9139 114.698 0
    endloop
  endfacet
  facet normal 0 0 1
    outer loop
      vertex -2.4 115.4 0
      vertex 1.30872 112.828 0
      vertex 1.30872 113.172 0
    endloop
  endfacet
  facet normal 0 0 1
    outer loop
      vertex 2.25133 111.474 0
      vertex 0.702817 109.484 0
      vertex 1.00102 109.306 0
    endloop
  endfacet
  facet normal 0 0 1
    outer loop
      vertex 86 115.8 0
      vertex 0.599999 118.4 0
      vertex 6.12781 115.8 0
    endloop
  endfacet
  facet normal 0 0 1
    outer loop
      vertex 2.9139 114.698 0
      vertex 0.599999 118.4 0
      vertex 2.57389 114.646 0
    endloop
  endfacet
  facet normal 0 0 1
    outer loop
      vertex 0.599999 118.4 0
      vertex 2.25133 114.526 0
      vertex 2.57389 114.646 0
    endloop
  endfacet
  facet normal 0 0 1
    outer loop
      vertex 0.599999 118.4 0
      vertex 1.95942 114.344 0
      vertex 2.25133 114.526 0
    endloop
  endfacet
  facet normal -0 0 1
    outer loop
      vertex 0.251718 118.38 0
      vertex 1.95942 114.344 0
      vertex 0.599999 118.4 0
    endloop
  endfacet
  facet normal -0 0 1
    outer loop
      vertex -0.0918484 118.319 0
      vertex 1.95942 114.344 0
      vertex 0.251718 118.38 0
    endloop
  endfacet
  facet normal -0 0 1
    outer loop
      vertex -0.426062 118.219 0
      vertex 1.95942 114.344 0
      vertex -0.0918484 118.319 0
    endloop
  endfacet
  facet normal -0 0 1
    outer loop
      vertex -0.746405 118.081 0
      vertex 1.95942 114.344 0
      vertex -0.426062 118.219 0
    endloop
  endfacet
  facet normal -0 0 1
    outer loop
      vertex -1.04853 117.906 0
      vertex 1.95942 114.344 0
      vertex -0.746405 118.081 0
    endloop
  endfacet
  facet normal 0 0 1
    outer loop
      vertex 1.95942 111.656 0
      vertex 0.199997 109.872 0
      vertex 0.420306 109.686 0
    endloop
  endfacet
  facet normal 0 0 1
    outer loop
      vertex 1.95942 114.344 0
      vertex -1.04853 117.906 0
      vertex 1.71011 114.107 0
    endloop
  endfacet
  facet normal 0 0 1
    outer loop
      vertex 1.95942 111.656 0
      vertex 0.420306 109.686 0
      vertex 0.702817 109.484 0
    endloop
  endfacet
  facet normal 0 0 1
    outer loop
      vertex -2.4 0.599999 0
      vertex 0.199997 6.1278 0
      vertex 0.199997 109.872 0
    endloop
  endfacet
  facet normal -0 0 1
    outer loop
      vertex -1.32836 117.698 0
      vertex 1.71011 114.107 0
      vertex -1.04853 117.906 0
    endloop
  endfacet
  facet normal 0 0 1
    outer loop
      vertex 1.30872 112.828 0
      vertex -2.4 115.4 0
      vertex 0.199997 109.872 0
    endloop
  endfacet
  facet normal 0 0 1
    outer loop
      vertex -2.4 0.599999 0
      vertex 0.199997 109.872 0
      vertex -2.4 115.4 0
    endloop
  endfacet
  facet normal -0 0 1
    outer loop
      vertex -1.58211 117.459 0
      vertex 1.71011 114.107 0
      vertex -1.32836 117.698 0
    endloop
  endfacet
  facet normal 0 0 1
    outer loop
      vertex 1.95942 1.65568 0
      vertex 0.0790491 -2.35442 0
      vertex 0.599999 -2.4 0
    endloop
  endfacet
  facet normal -0 0 1
    outer loop
      vertex -1.80637 117.191 0
      vertex 1.71011 114.107 0
      vertex -1.58211 117.459 0
    endloop
  endfacet
  facet normal 0 0 1
    outer loop
      vertex 1.95942 1.65568 0
      vertex -0.260412 -2.27396 0
      vertex 0.0790491 -2.35442 0
    endloop
  endfacet
  facet normal -0 0 1
    outer loop
      vertex -1.99808 116.9 0
      vertex 1.71011 114.107 0
      vertex -1.80637 117.191 0
    endloop
  endfacet
  facet normal 0 0 1
    outer loop
      vertex 1.95942 1.65568 0
      vertex -0.588232 -2.15465 0
      vertex -0.260412 -2.27396 0
    endloop
  endfacet
  facet normal -0 0 1
    outer loop
      vertex -2.15465 116.588 0
      vertex 1.71011 114.107 0
      vertex -1.99808 116.9 0
    endloop
  endfacet
  facet normal 0 0 1
    outer loop
      vertex 1.95942 1.65568 0
      vertex -0.9 -1.99808 0
      vertex -0.588232 -2.15465 0
    endloop
  endfacet
  facet normal -0 0 1
    outer loop
      vertex -2.27396 116.26 0
      vertex 1.71011 114.107 0
      vertex -2.15465 116.588 0
    endloop
  endfacet
  facet normal 0 0 1
    outer loop
      vertex 1.95942 1.65568 0
      vertex -1.19147 -1.80637 0
      vertex -0.9 -1.99808 0
    endloop
  endfacet
  facet normal -0 0 1
    outer loop
      vertex -2.35442 115.921 0
      vertex 1.71011 114.107 0
      vertex -2.27396 116.26 0
    endloop
  endfacet
  facet normal 0 0 1
    outer loop
      vertex 1.71011 1.89267 0
      vertex -1.45873 -1.58211 0
      vertex -1.19147 -1.80637 0
    endloop
  endfacet
  facet normal -0 0 1
    outer loop
      vertex -2.4 115.4 0
      vertex 1.71011 114.107 0
      vertex -2.35442 115.921 0
    endloop
  endfacet
  facet normal 0 0 1
    outer loop
      vertex 1.71011 1.89267 0
      vertex -1.69813 -1.32836 0
      vertex -1.45873 -1.58211 0
    endloop
  endfacet
  facet normal 0 0 1
    outer loop
      vertex 1.71011 114.107 0
      vertex -2.4 115.4 0
      vertex 1.51361 113.825 0
    endloop
  endfacet
  facet normal 0 0 1
    outer loop
      vertex 1.71011 1.89267 0
      vertex -1.90647 -1.04853 0
      vertex -1.69813 -1.32836 0
    endloop
  endfacet
  facet normal 0 0 1
    outer loop
      vertex 1.51361 113.825 0
      vertex -2.4 115.4 0
      vertex 1.37796 113.509 0
    endloop
  endfacet
  facet normal 0 0 1
    outer loop
      vertex 1.71011 1.89267 0
      vertex -2.08089 -0.746405 0
      vertex -1.90647 -1.04853 0
    endloop
  endfacet
  facet normal 0 0 1
    outer loop
      vertex 1.37796 113.509 0
      vertex -2.4 115.4 0
      vertex 1.30872 113.172 0
    endloop
  endfacet
  facet normal 0 0 1
    outer loop
      vertex 1.71011 1.89267 0
      vertex -2.21908 -0.426062 0
      vertex -2.08089 -0.746405 0
    endloop
  endfacet
  facet normal 0 0 1
    outer loop
      vertex 1.71011 1.89267 0
      vertex -2.31913 -0.0918484 0
      vertex -2.21908 -0.426062 0
    endloop
  endfacet
  facet normal 0 0 1
    outer loop
      vertex 1.71011 1.89267 0
      vertex -2.37972 0.251718 0
      vertex -2.31913 -0.0918484 0
    endloop
  endfacet
  facet normal -0 0 1
    outer loop
      vertex 97.35 24.6 0
      vertex 99.85 17.4 0
      vertex 99.85 24.6 0
    endloop
  endfacet
  facet normal 0 0 1
    outer loop
      vertex 99.85 17.4 0
      vertex 97.35 24.6 0
      vertex 97.35 17.4 0
    endloop
  endfacet
  facet normal 0 0 1
    outer loop
      vertex 99.85 24.6 0
      vertex 108 28 0
      vertex 102 28 0
    endloop
  endfacet
  facet normal 0 0 1
    outer loop
      vertex 108 28 0
      vertex 99.85 24.6 0
      vertex 108 14 0
    endloop
  endfacet
  facet normal -0 0 1
    outer loop
      vertex 110 8 0
      vertex 113.5 5.85 0
      vertex 116 8 0
    endloop
  endfacet
  facet normal 0 0 1
    outer loop
      vertex 108 14 0
      vertex 110 14 0
      vertex 108 28 0
    endloop
  endfacet
  facet normal 0 0 1
    outer loop
      vertex 110 14 0
      vertex 108 14 0
      vertex 110 8 0
    endloop
  endfacet
  facet normal 0 0 1
    outer loop
      vertex 108 8 0
      vertex 110 8 0
      vertex 108 14 0
    endloop
  endfacet
  facet normal -0 0 1
    outer loop
      vertex 108 8 0
      vertex 113.5 5.85 0
      vertex 110 8 0
    endloop
  endfacet
  facet normal 0 0 1
    outer loop
      vertex 108 8 0
      vertex 104.5 5.85 0
      vertex 113.5 5.85 0
    endloop
  endfacet
  facet normal 0 0 1
    outer loop
      vertex 104.5 5.85 0
      vertex 102 8 0
      vertex 104.5 3.35 0
    endloop
  endfacet
  facet normal -0 0 1
    outer loop
      vertex 102 8 0
      vertex 104.5 5.85 0
      vertex 108 8 0
    endloop
  endfacet
  facet normal 0 0 1
    outer loop
      vertex 113.625 55.35 0
      vertex 104.5 38.65 0
      vertex 113.5 38.65 0
    endloop
  endfacet
  facet normal 0 0 1
    outer loop
      vertex 104.5 38.65 0
      vertex 102 34 0
      vertex 104.5 36.15 0
    endloop
  endfacet
  facet normal -0 0 1
    outer loop
      vertex 99.85 30.6 0
      vertex 102 28 0
      vertex 102 34 0
    endloop
  endfacet
  facet normal -0 0 1
    outer loop
      vertex 99.85 17.4 0
      vertex 108 14 0
      vertex 99.85 24.6 0
    endloop
  endfacet
  facet normal 0 0 1
    outer loop
      vertex 102 28 0
      vertex 99.85 30.6 0
      vertex 99.85 24.6 0
    endloop
  endfacet
  facet normal 0 0 1
    outer loop
      vertex 97.35 30.6 0
      vertex 102 34 0
      vertex 104.5 38.65 0
    endloop
  endfacet
  facet normal -0 0 1
    outer loop
      vertex 97.875 55.35 0
      vertex 104.5 38.65 0
      vertex 113.625 55.35 0
    endloop
  endfacet
  facet normal 0 0 1
    outer loop
      vertex 97.35 30.6 0
      vertex 104.5 38.65 0
      vertex 97.875 55.35 0
    endloop
  endfacet
  facet normal 0 0 1
    outer loop
      vertex 102 34 0
      vertex 97.35 30.6 0
      vertex 99.85 30.6 0
    endloop
  endfacet
  facet normal 0 0 1
    outer loop
      vertex 110 14 0
      vertex 118.15 17.4 0
      vertex 110 28 0
    endloop
  endfacet
  facet normal 0 0 1
    outer loop
      vertex 118.15 17.4 0
      vertex 110 14 0
      vertex 116 14 0
    endloop
  endfacet
  facet normal 0 0 1
    outer loop
      vertex 121.65 96.76 0
      vertex 98 108 0
      vertex 121.65 77.24 0
    endloop
  endfacet
  facet normal 0 0 1
    outer loop
      vertex 121.65 77.24 0
      vertex 113.5 66 0
      vertex 119.5 66 0
    endloop
  endfacet
  facet normal -0 0 1
    outer loop
      vertex 118.15 24.6 0
      vertex 119.75 17.4 0
      vertex 119.75 24.6 0
    endloop
  endfacet
  facet normal 0 0 1
    outer loop
      vertex 119.75 17.4 0
      vertex 118.15 24.6 0
      vertex 118.15 17.4 0
    endloop
  endfacet
  facet normal -0 0 1
    outer loop
      vertex 121.65 96.76 0
      vertex 123.25 77.24 0
      vertex 123.25 96.76 0
    endloop
  endfacet
  facet normal 0 0 1
    outer loop
      vertex 123.25 77.24 0
      vertex 121.65 96.76 0
      vertex 121.65 77.24 0
    endloop
  endfacet
  facet normal -0 0 1
    outer loop
      vertex 119.75 11.4 0
      vertex 132.6 6.88025 0
      vertex 119.75 17.4 0
    endloop
  endfacet
  facet normal 0 0 1
    outer loop
      vertex 132.6 6.88025 0
      vertex 119.75 11.4 0
      vertex 129.959 4.34432 0
    endloop
  endfacet
  facet normal 0 0 1
    outer loop
      vertex 127.12 114.6 0
      vertex 127.686 115.58 0
      vertex 127.484 115.297 0
    endloop
  endfacet
  facet normal 0 0 1
    outer loop
      vertex 129.959 4.34432 0
      vertex 119.75 11.4 0
      vertex 129.71 4.10733 0
    endloop
  endfacet
  facet normal 0 0 1
    outer loop
      vertex 127.12 114.6 0
      vertex 127.484 115.297 0
      vertex 127.306 114.999 0
    endloop
  endfacet
  facet normal 0 -0 1
    outer loop
      vertex 127.154 1.31288 0
      vertex 129.378 3.50892 0
      vertex 127.12 1.39999 0
    endloop
  endfacet
  facet normal 0 0 1
    outer loop
      vertex 127.12 114.6 0
      vertex 127.306 114.999 0
      vertex 127.154 114.687 0
    endloop
  endfacet
  facet normal 0 0 1
    outer loop
      vertex 129.378 3.50892 0
      vertex 127.686 0.420306 0
      vertex 127.872 0.199997 0
    endloop
  endfacet
  facet normal 0 0 1
    outer loop
      vertex 129.378 3.50892 0
      vertex 127.484 0.702817 0
      vertex 127.686 0.420306 0
    endloop
  endfacet
  facet normal 0 0 1
    outer loop
      vertex 127.686 115.58 0
      vertex 127.12 114.6 0
      vertex 123.25 96.76 0
    endloop
  endfacet
  facet normal 0 0 1
    outer loop
      vertex 123.25 102.76 0
      vertex 127.12 114.6 0
      vertex 125.5 114.6 0
    endloop
  endfacet
  facet normal 0 0 1
    outer loop
      vertex 127.12 114.6 0
      vertex 123.25 102.76 0
      vertex 123.25 96.76 0
    endloop
  endfacet
  facet normal 0 0 1
    outer loop
      vertex 127.686 115.58 0
      vertex 123.25 96.76 0
      vertex 123.25 77.24 0
    endloop
  endfacet
  facet normal 0 0 1
    outer loop
      vertex 127.686 115.58 0
      vertex 123.25 77.24 0
      vertex 123.25 71.24 0
    endloop
  endfacet
  facet normal 0 0 1
    outer loop
      vertex 129.378 3.50892 0
      vertex 127.154 1.31288 0
      vertex 127.306 1.00102 0
    endloop
  endfacet
  facet normal 0 0 1
    outer loop
      vertex 119.5 66 0
      vertex 123.25 71.24 0
      vertex 121.65 71.24 0
    endloop
  endfacet
  facet normal 0 0 1
    outer loop
      vertex 129.378 3.50892 0
      vertex 127.306 1.00102 0
      vertex 127.484 0.702817 0
    endloop
  endfacet
  facet normal 0 0 1
    outer loop
      vertex 129.71 4.10733 0
      vertex 119.75 11.4 0
      vertex 129.514 3.82501 0
    endloop
  endfacet
  facet normal 0 -0 1
    outer loop
      vertex 127.12 1.39999 0
      vertex 129.514 3.82501 0
      vertex 119.75 11.4 0
    endloop
  endfacet
  facet normal 0 0 1
    outer loop
      vertex 129.514 3.82501 0
      vertex 127.12 1.39999 0
      vertex 129.378 3.50892 0
    endloop
  endfacet
  facet normal 0 0 1
    outer loop
      vertex 116 8 0
      vertex 119.75 11.4 0
      vertex 118.15 11.4 0
    endloop
  endfacet
  facet normal 0 0 1
    outer loop
      vertex 118.15 24.6 0
      vertex 110 28 0
      vertex 118.15 17.4 0
    endloop
  endfacet
  facet normal 0 0 1
    outer loop
      vertex 118.15 17.4 0
      vertex 116 14 0
      vertex 118.15 11.4 0
    endloop
  endfacet
  facet normal 0 0 1
    outer loop
      vertex 116 8 0
      vertex 118.15 11.4 0
      vertex 116 14 0
    endloop
  endfacet
  facet normal 0 0 1
    outer loop
      vertex 119.75 11.4 0
      vertex 116 8 0
      vertex 127.12 1.39999 0
    endloop
  endfacet
  facet normal 0 0 1
    outer loop
      vertex 113.5 3.35 0
      vertex 116 8 0
      vertex 113.5 5.85 0
    endloop
  endfacet
  facet normal 0 0 1
    outer loop
      vertex 116 8 0
      vertex 113.5 3.35 0
      vertex 127.12 1.39999 0
    endloop
  endfacet
  facet normal -0 0 1
    outer loop
      vertex 104.5 3.35 0
      vertex 127.12 1.39999 0
      vertex 113.5 3.35 0
    endloop
  endfacet
  facet normal 0 0 1
    outer loop
      vertex 108 14 0
      vertex 99.85 17.4 0
      vertex 102 14 0
    endloop
  endfacet
  facet normal 0 0 1
    outer loop
      vertex 99.85 11.4 0
      vertex 102 14 0
      vertex 99.85 17.4 0
    endloop
  endfacet
  facet normal 0 0 1
    outer loop
      vertex 102 14 0
      vertex 99.85 11.4 0
      vertex 102 8 0
    endloop
  endfacet
  facet normal -0 0 1
    outer loop
      vertex 97.35 11.4 0
      vertex 102 8 0
      vertex 99.85 11.4 0
    endloop
  endfacet
  facet normal 0 0 1
    outer loop
      vertex 81 1.39999 0
      vertex 102 8 0
      vertex 97.35 11.4 0
    endloop
  endfacet
  facet normal -0 0 1
    outer loop
      vertex 89.85 71.24 0
      vertex 98 66 0
      vertex 89.85 77.24 0
    endloop
  endfacet
  facet normal 0 0 1
    outer loop
      vertex 98 66 0
      vertex 89.85 71.24 0
      vertex 92 66 0
    endloop
  endfacet
  facet normal -0 0 1
    outer loop
      vertex 87.35 71.24 0
      vertex 92 66 0
      vertex 89.85 71.24 0
    endloop
  endfacet
  facet normal 0 0 1
    outer loop
      vertex 86.65 59 0
      vertex 92 66 0
      vertex 87.35 71.24 0
    endloop
  endfacet
  facet normal 0 0 1
    outer loop
      vertex 92 66 0
      vertex 86.65 59 0
      vertex 92 60 0
    endloop
  endfacet
  facet normal 0 0 1
    outer loop
      vertex 87.35 77.24 0
      vertex 86.65 59 0
      vertex 87.35 71.24 0
    endloop
  endfacet
  facet normal 0 0 1
    outer loop
      vertex 82 50 0
      vertex 92 60 0
      vertex 86.65 59 0
    endloop
  endfacet
  facet normal 0 0 1
    outer loop
      vertex 82 50 0
      vertex 86.65 59 0
      vertex 84.15 59 0
    endloop
  endfacet
  facet normal -0 0 1
    outer loop
      vertex 76 102 0
      vertex 84.15 93 0
      vertex 82 102 0
    endloop
  endfacet
  facet normal 0 0 1
    outer loop
      vertex 84.15 93 0
      vertex 76 102 0
      vertex 84.15 59 0
    endloop
  endfacet
  facet normal 0 0 1
    outer loop
      vertex 92 60 0
      vertex 82 50 0
      vertex 82 44 0
    endloop
  endfacet
  facet normal 0 0 1
    outer loop
      vertex 92 60 0
      vertex 82 44 0
      vertex 97.35 11.4 0
    endloop
  endfacet
  facet normal 0 0 1
    outer loop
      vertex 104.5 3.35 0
      vertex 81 1.39999 0
      vertex 127.12 1.39999 0
    endloop
  endfacet
  facet normal 0 0 1
    outer loop
      vertex 102 8 0
      vertex 81 1.39999 0
      vertex 104.5 3.35 0
    endloop
  endfacet
  facet normal -0 0 1
    outer loop
      vertex 79 33.15 0
      vertex 97.35 11.4 0
      vertex 82 44 0
    endloop
  endfacet
  facet normal 0 0 1
    outer loop
      vertex 97.35 11.4 0
      vertex 79 30.15 0
      vertex 78.75 24.6 0
    endloop
  endfacet
  facet normal 0 0 1
    outer loop
      vertex 97.35 11.4 0
      vertex 79 33.15 0
      vertex 79 30.15 0
    endloop
  endfacet
  facet normal -0 0 1
    outer loop
      vertex 76 44 0
      vertex 79 33.15 0
      vertex 82 44 0
    endloop
  endfacet
  facet normal 0 0 1
    outer loop
      vertex 76 102 0
      vertex 60.84 110.15 0
      vertex 76 50 0
    endloop
  endfacet
  facet normal 0 0 1
    outer loop
      vertex 76 50 0
      vertex 66.84 41.85 0
      vertex 76 44 0
    endloop
  endfacet
  facet normal 0 0 1
    outer loop
      vertex 66.84 39.35 0
      vertex 76 44 0
      vertex 66.84 41.85 0
    endloop
  endfacet
  facet normal 0 0 1
    outer loop
      vertex 76 44 0
      vertex 66.84 39.35 0
      vertex 79 33.15 0
    endloop
  endfacet
  facet normal 0 0 1
    outer loop
      vertex 55 33.15 0
      vertex 66.84 39.35 0
      vertex 60.84 39.35 0
    endloop
  endfacet
  facet normal 0 0 1
    outer loop
      vertex 66.84 39.35 0
      vertex 55 33.15 0
      vertex 79 33.15 0
    endloop
  endfacet
  facet normal 0 0 1
    outer loop
      vertex 121.65 77.24 0
      vertex 119.5 66 0
      vertex 121.65 71.24 0
    endloop
  endfacet
  facet normal 0 0 1
    outer loop
      vertex 123.25 71.24 0
      vertex 119.5 66 0
      vertex 119.5 60 0
    endloop
  endfacet
  facet normal 0 0 1
    outer loop
      vertex 123.25 71.24 0
      vertex 119.5 60 0
      vertex 119.75 30.6 0
    endloop
  endfacet
  facet normal -0 0 1
    outer loop
      vertex 113.5 38.65 0
      vertex 119.75 30.6 0
      vertex 119.5 60 0
    endloop
  endfacet
  facet normal 0 0 1
    outer loop
      vertex 116 28 0
      vertex 118.15 30.6 0
      vertex 116 34 0
    endloop
  endfacet
  facet normal 0 0 1
    outer loop
      vertex 118.15 30.6 0
      vertex 116 28 0
      vertex 118.15 24.6 0
    endloop
  endfacet
  facet normal -0 0 1
    outer loop
      vertex 110 28 0
      vertex 118.15 24.6 0
      vertex 116 28 0
    endloop
  endfacet
  facet normal 0 0 1
    outer loop
      vertex 119.75 30.6 0
      vertex 116 34 0
      vertex 118.15 30.6 0
    endloop
  endfacet
  facet normal 0 0 1
    outer loop
      vertex 113.625 55.35 0
      vertex 119.5 60 0
      vertex 113.625 57.85 0
    endloop
  endfacet
  facet normal -0 0 1
    outer loop
      vertex 113.5 60 0
      vertex 113.625 57.85 0
      vertex 119.5 60 0
    endloop
  endfacet
  facet normal 0 0 1
    outer loop
      vertex 98 66 0
      vertex 121.65 77.24 0
      vertex 98 108 0
    endloop
  endfacet
  facet normal 0 0 1
    outer loop
      vertex 98 108 0
      vertex 111.55 116 0
      vertex 99.95 116 0
    endloop
  endfacet
  facet normal 0 0 1
    outer loop
      vertex 121.65 77.24 0
      vertex 98 66 0
      vertex 113.5 66 0
    endloop
  endfacet
  facet normal 0 0 1
    outer loop
      vertex 98 108 0
      vertex 99.95 116 0
      vertex 98 114 0
    endloop
  endfacet
  facet normal 0 0 1
    outer loop
      vertex 113.5 66 0
      vertex 98 66 0
      vertex 113.5 60 0
    endloop
  endfacet
  facet normal 0 0 1
    outer loop
      vertex 98 60 0
      vertex 113.5 60 0
      vertex 98 66 0
    endloop
  endfacet
  facet normal 0 0 1
    outer loop
      vertex 113.5 60 0
      vertex 98 60 0
      vertex 113.625 57.85 0
    endloop
  endfacet
  facet normal 0 0 1
    outer loop
      vertex 98 60 0
      vertex 97.875 57.85 0
      vertex 113.625 57.85 0
    endloop
  endfacet
  facet normal 0 0 1
    outer loop
      vertex 92 60 0
      vertex 97.875 55.35 0
      vertex 97.875 57.85 0
    endloop
  endfacet
  facet normal 0 0 1
    outer loop
      vertex 92 60 0
      vertex 97.35 24.6 0
      vertex 97.35 30.6 0
    endloop
  endfacet
  facet normal 0 0 1
    outer loop
      vertex 97.35 24.6 0
      vertex 92 60 0
      vertex 97.35 17.4 0
    endloop
  endfacet
  facet normal 0 0 1
    outer loop
      vertex 97.35 17.4 0
      vertex 92 60 0
      vertex 97.35 11.4 0
    endloop
  endfacet
  facet normal 0 0 1
    outer loop
      vertex 97.875 55.35 0
      vertex 92 60 0
      vertex 97.35 30.6 0
    endloop
  endfacet
  facet normal -0 0 1
    outer loop
      vertex 92 60 0
      vertex 97.875 57.85 0
      vertex 98 60 0
    endloop
  endfacet
  facet normal 0 0 1
    outer loop
      vertex 113.5 38.65 0
      vertex 119.5 60 0
      vertex 113.625 55.35 0
    endloop
  endfacet
  facet normal 0 0 1
    outer loop
      vertex 119.75 30.6 0
      vertex 113.5 38.65 0
      vertex 116 34 0
    endloop
  endfacet
  facet normal -0 0 1
    outer loop
      vertex 113.5 36.15 0
      vertex 116 34 0
      vertex 113.5 38.65 0
    endloop
  endfacet
  facet normal 0 0 1
    outer loop
      vertex 113.5 36.15 0
      vertex 110 34 0
      vertex 116 34 0
    endloop
  endfacet
  facet normal -0 0 1
    outer loop
      vertex 108 34 0
      vertex 110 28 0
      vertex 110 34 0
    endloop
  endfacet
  facet normal 0 0 1
    outer loop
      vertex 108 28 0
      vertex 110 28 0
      vertex 108 34 0
    endloop
  endfacet
  facet normal 0 0 1
    outer loop
      vertex 110 28 0
      vertex 108 28 0
      vertex 110 14 0
    endloop
  endfacet
  facet normal 0 0 1
    outer loop
      vertex 113.5 36.15 0
      vertex 108 34 0
      vertex 110 34 0
    endloop
  endfacet
  facet normal -0 0 1
    outer loop
      vertex 104.5 36.15 0
      vertex 108 34 0
      vertex 113.5 36.15 0
    endloop
  endfacet
  facet normal 0 0 1
    outer loop
      vertex 108 34 0
      vertex 104.5 36.15 0
      vertex 102 34 0
    endloop
  endfacet
  facet normal 0 0 1
    outer loop
      vertex 131.899 4.44269 0
      vertex 132.999 6.69379 0
      vertex 132.687 6.84625 0
    endloop
  endfacet
  facet normal 0 0 1
    outer loop
      vertex 132.999 6.69379 0
      vertex 132.665 3.34221 0
      vertex 132.7 3 0
    endloop
  endfacet
  facet normal 0 0 1
    outer loop
      vertex 131.59 4.59418 0
      vertex 132.687 6.84625 0
      vertex 132.6 6.88025 0
    endloop
  endfacet
  facet normal 0 0 1
    outer loop
      vertex 132.999 6.69379 0
      vertex 132.562 3.6704 0
      vertex 132.665 3.34221 0
    endloop
  endfacet
  facet normal 0 0 1
    outer loop
      vertex 132.999 109.306 0
      vertex 131.899 111.557 0
      vertex 132.687 109.154 0
    endloop
  endfacet
  facet normal -0 0 1
    outer loop
      vertex 131.59 111.406 0
      vertex 132.687 109.154 0
      vertex 131.899 111.557 0
    endloop
  endfacet
  facet normal 0 0 1
    outer loop
      vertex 132.999 6.69379 0
      vertex 132.395 3.97116 0
      vertex 132.562 3.6704 0
    endloop
  endfacet
  facet normal 0 0 1
    outer loop
      vertex 132.687 109.154 0
      vertex 131.59 111.406 0
      vertex 132.6 109.12 0
    endloop
  endfacet
  facet normal 0 0 1
    outer loop
      vertex 132.999 6.69379 0
      vertex 132.171 4.23215 0
      vertex 132.395 3.97116 0
    endloop
  endfacet
  facet normal -0 0 1
    outer loop
      vertex 131.257 111.32 0
      vertex 132.6 109.12 0
      vertex 131.59 111.406 0
    endloop
  endfacet
  facet normal 0 0 1
    outer loop
      vertex 132.999 6.69379 0
      vertex 131.899 4.44269 0
      vertex 132.171 4.23215 0
    endloop
  endfacet
  facet normal -0 0 1
    outer loop
      vertex 130.914 111.302 0
      vertex 132.6 109.12 0
      vertex 131.257 111.32 0
    endloop
  endfacet
  facet normal 0 0 1
    outer loop
      vertex 132.687 6.84625 0
      vertex 131.59 4.59418 0
      vertex 131.899 4.44269 0
    endloop
  endfacet
  facet normal 0 0 1
    outer loop
      vertex 130.574 111.354 0
      vertex 132.6 109.12 0
      vertex 130.914 111.302 0
    endloop
  endfacet
  facet normal 0 0 1
    outer loop
      vertex 132.6 6.88025 0
      vertex 131.257 4.6804 0
      vertex 131.59 4.59418 0
    endloop
  endfacet
  facet normal 0 0 1
    outer loop
      vertex 130.251 111.474 0
      vertex 132.6 109.12 0
      vertex 130.574 111.354 0
    endloop
  endfacet
  facet normal 0 0 1
    outer loop
      vertex 132.6 6.88025 0
      vertex 130.914 4.69782 0
      vertex 131.257 4.6804 0
    endloop
  endfacet
  facet normal 0 0 1
    outer loop
      vertex 129.959 111.656 0
      vertex 132.6 109.12 0
      vertex 130.251 111.474 0
    endloop
  endfacet
  facet normal 0 0 1
    outer loop
      vertex 132.6 6.88025 0
      vertex 130.574 4.64573 0
      vertex 130.914 4.69782 0
    endloop
  endfacet
  facet normal 0 0 1
    outer loop
      vertex 123.25 71.24 0
      vertex 132.6 109.12 0
      vertex 129.959 111.656 0
    endloop
  endfacet
  facet normal 0 0 1
    outer loop
      vertex 132.6 6.88025 0
      vertex 130.251 4.52627 0
      vertex 130.574 4.64573 0
    endloop
  endfacet
  facet normal 0 0 1
    outer loop
      vertex 132.6 109.12 0
      vertex 123.25 71.24 0
      vertex 132.6 6.88025 0
    endloop
  endfacet
  facet normal 0 0 1
    outer loop
      vertex 132.6 6.88025 0
      vertex 129.959 4.34432 0
      vertex 130.251 4.52627 0
    endloop
  endfacet
  facet normal 0 0 1
    outer loop
      vertex 123.25 71.24 0
      vertex 129.959 111.656 0
      vertex 129.71 111.893 0
    endloop
  endfacet
  facet normal -0 0 1
    outer loop
      vertex 119.75 30.6 0
      vertex 132.6 6.88025 0
      vertex 123.25 71.24 0
    endloop
  endfacet
  facet normal 0 0 1
    outer loop
      vertex 123.25 71.24 0
      vertex 129.71 111.893 0
      vertex 129.514 112.175 0
    endloop
  endfacet
  facet normal -0 0 1
    outer loop
      vertex 119.75 24.6 0
      vertex 132.6 6.88025 0
      vertex 119.75 30.6 0
    endloop
  endfacet
  facet normal 0 0 1
    outer loop
      vertex 127.686 115.58 0
      vertex 129.514 112.175 0
      vertex 129.378 112.491 0
    endloop
  endfacet
  facet normal 0 0 1
    outer loop
      vertex 123.25 71.24 0
      vertex 129.514 112.175 0
      vertex 127.686 115.58 0
    endloop
  endfacet
  facet normal 0 0 1
    outer loop
      vertex 129.309 113.172 0
      vertex 127.686 115.58 0
      vertex 129.309 112.828 0
    endloop
  endfacet
  facet normal 0 0 1
    outer loop
      vertex 129.309 112.828 0
      vertex 127.686 115.58 0
      vertex 129.378 112.491 0
    endloop
  endfacet
  facet normal 0 0 1
    outer loop
      vertex 132.665 112.658 0
      vertex 136.4 115.4 0
      vertex 132.7 113 0
    endloop
  endfacet
  facet normal 0 0 1
    outer loop
      vertex 132.171 114.232 0
      vertex 133.921 118.354 0
      vertex 133.4 118.4 0
    endloop
  endfacet
  facet normal 0 0 1
    outer loop
      vertex 136.4 115.4 0
      vertex 132.665 112.658 0
      vertex 133.8 109.872 0
    endloop
  endfacet
  facet normal -0 0 1
    outer loop
      vertex 132.562 112.33 0
      vertex 133.8 109.872 0
      vertex 132.665 112.658 0
    endloop
  endfacet
  facet normal -0 0 1
    outer loop
      vertex 132.395 112.029 0
      vertex 133.8 109.872 0
      vertex 132.562 112.33 0
    endloop
  endfacet
  facet normal 0 0 1
    outer loop
      vertex 133.921 118.354 0
      vertex 132.665 113.342 0
      vertex 132.7 113 0
    endloop
  endfacet
  facet normal 0 0 1
    outer loop
      vertex 133.921 118.354 0
      vertex 132.562 113.67 0
      vertex 132.665 113.342 0
    endloop
  endfacet
  facet normal 0 0 1
    outer loop
      vertex 133.921 118.354 0
      vertex 132.395 113.971 0
      vertex 132.562 113.67 0
    endloop
  endfacet
  facet normal 0 0 1
    outer loop
      vertex 133.921 118.354 0
      vertex 132.171 114.232 0
      vertex 132.395 113.971 0
    endloop
  endfacet
  facet normal 0 0 1
    outer loop
      vertex 133.4 118.4 0
      vertex 131.899 114.443 0
      vertex 132.171 114.232 0
    endloop
  endfacet
  facet normal 0 0 1
    outer loop
      vertex 133.4 118.4 0
      vertex 131.59 114.594 0
      vertex 131.899 114.443 0
    endloop
  endfacet
  facet normal 0 0 1
    outer loop
      vertex 133.4 118.4 0
      vertex 131.257 114.68 0
      vertex 131.59 114.594 0
    endloop
  endfacet
  facet normal 0 0 1
    outer loop
      vertex 133.4 118.4 0
      vertex 130.914 114.698 0
      vertex 131.257 114.68 0
    endloop
  endfacet
  facet normal -0 0 1
    outer loop
      vertex 127.872 115.8 0
      vertex 130.914 114.698 0
      vertex 133.4 118.4 0
    endloop
  endfacet
  facet normal 0 0 1
    outer loop
      vertex 130.914 114.698 0
      vertex 127.872 115.8 0
      vertex 130.574 114.646 0
    endloop
  endfacet
  facet normal 0 0 1
    outer loop
      vertex 130.574 114.646 0
      vertex 127.872 115.8 0
      vertex 130.251 114.526 0
    endloop
  endfacet
  facet normal 0 0 1
    outer loop
      vertex 130.251 114.526 0
      vertex 127.872 115.8 0
      vertex 129.959 114.344 0
    endloop
  endfacet
  facet normal 0 0 1
    outer loop
      vertex 129.378 113.509 0
      vertex 127.686 115.58 0
      vertex 129.309 113.172 0
    endloop
  endfacet
  facet normal -0 0 1
    outer loop
      vertex 119.75 17.4 0
      vertex 132.6 6.88025 0
      vertex 119.75 24.6 0
    endloop
  endfacet
  facet normal 0 0 1
    outer loop
      vertex 129.309 3.17199 0
      vertex 127.872 0.199997 0
      vertex 129.309 2.82801 0
    endloop
  endfacet
  facet normal 0 0 1
    outer loop
      vertex 129.378 3.50892 0
      vertex 127.872 0.199997 0
      vertex 129.309 3.17199 0
    endloop
  endfacet
  facet normal 0 0 1
    outer loop
      vertex 129.514 113.825 0
      vertex 127.686 115.58 0
      vertex 129.378 113.509 0
    endloop
  endfacet
  facet normal 0 0 1
    outer loop
      vertex 129.71 114.107 0
      vertex 127.686 115.58 0
      vertex 129.514 113.825 0
    endloop
  endfacet
  facet normal -0 0 1
    outer loop
      vertex 127.686 115.58 0
      vertex 129.71 114.107 0
      vertex 127.872 115.8 0
    endloop
  endfacet
  facet normal 0 0 1
    outer loop
      vertex 129.959 114.344 0
      vertex 127.872 115.8 0
      vertex 129.71 114.107 0
    endloop
  endfacet
  facet normal 0 0 1
    outer loop
      vertex 133.4 118.4 0
      vertex 125.5 115.8 0
      vertex 127.872 115.8 0
    endloop
  endfacet
  facet normal 0 0 1
    outer loop
      vertex 119.5 114 0
      vertex 125.5 114.6 0
      vertex 125.5 115.8 0
    endloop
  endfacet
  facet normal 0 0 1
    outer loop
      vertex 119.5 108 0
      vertex 125.5 114.6 0
      vertex 119.5 114 0
    endloop
  endfacet
  facet normal 0 0 1
    outer loop
      vertex 123.25 102.76 0
      vertex 119.5 108 0
      vertex 121.65 102.76 0
    endloop
  endfacet
  facet normal -0 0 1
    outer loop
      vertex 113.5 108 0
      vertex 121.65 102.76 0
      vertex 119.5 108 0
    endloop
  endfacet
  facet normal 0 0 1
    outer loop
      vertex 121.65 102.76 0
      vertex 113.5 108 0
      vertex 121.65 96.76 0
    endloop
  endfacet
  facet normal -0 0 1
    outer loop
      vertex 98 108 0
      vertex 121.65 96.76 0
      vertex 113.5 108 0
    endloop
  endfacet
  facet normal 0 0 1
    outer loop
      vertex 125.5 114.6 0
      vertex 119.5 108 0
      vertex 123.25 102.76 0
    endloop
  endfacet
  facet normal -0 0 1
    outer loop
      vertex 111.55 118.4 0
      vertex 125.5 115.8 0
      vertex 133.4 118.4 0
    endloop
  endfacet
  facet normal 0 0 1
    outer loop
      vertex 125.5 115.8 0
      vertex 111.55 118.4 0
      vertex 119.5 114 0
    endloop
  endfacet
  facet normal -0 0 1
    outer loop
      vertex 111.55 116 0
      vertex 113.5 114 0
      vertex 111.55 118.4 0
    endloop
  endfacet
  facet normal 0 0 1
    outer loop
      vertex 113.5 114 0
      vertex 111.55 116 0
      vertex 113.5 108 0
    endloop
  endfacet
  facet normal 0 0 1
    outer loop
      vertex 98 108 0
      vertex 113.5 108 0
      vertex 111.55 116 0
    endloop
  endfacet
  facet normal 0 0 1
    outer loop
      vertex 119.5 114 0
      vertex 111.55 118.4 0
      vertex 113.5 114 0
    endloop
  endfacet
  facet normal 0 0 1
    outer loop
      vertex 136.319 116.092 0
      vertex 132.7 113 0
      vertex 136.38 115.748 0
    endloop
  endfacet
  facet normal 0 0 1
    outer loop
      vertex 136.4 115.4 0
      vertex 133.8 109.872 0
      vertex 136.4 0.599999 0
    endloop
  endfacet
  facet normal 0 0 1
    outer loop
      vertex 136.219 116.426 0
      vertex 132.7 113 0
      vertex 136.319 116.092 0
    endloop
  endfacet
  facet normal 0 0 1
    outer loop
      vertex 136.4 0.599999 0
      vertex 133.8 109.872 0
      vertex 133.8 6.12781 0
    endloop
  endfacet
  facet normal 0 0 1
    outer loop
      vertex 136.081 116.746 0
      vertex 132.7 113 0
      vertex 136.219 116.426 0
    endloop
  endfacet
  facet normal -0 0 1
    outer loop
      vertex 132.7 3 0
      vertex 136.4 0.599999 0
      vertex 133.8 6.12781 0
    endloop
  endfacet
  facet normal 0 0 1
    outer loop
      vertex 135.906 117.049 0
      vertex 132.7 113 0
      vertex 136.081 116.746 0
    endloop
  endfacet
  facet normal -0 0 1
    outer loop
      vertex 132.665 2.65779 0
      vertex 136.4 0.599999 0
      vertex 132.7 3 0
    endloop
  endfacet
  facet normal 0 0 1
    outer loop
      vertex 135.698 117.328 0
      vertex 132.7 113 0
      vertex 135.906 117.049 0
    endloop
  endfacet
  facet normal -0 0 1
    outer loop
      vertex 132.562 2.3296 0
      vertex 136.4 0.599999 0
      vertex 132.665 2.65779 0
    endloop
  endfacet
  facet normal 0 0 1
    outer loop
      vertex 135.459 117.582 0
      vertex 132.7 113 0
      vertex 135.698 117.328 0
    endloop
  endfacet
  facet normal -0 0 1
    outer loop
      vertex 132.395 2.02884 0
      vertex 136.4 0.599999 0
      vertex 132.562 2.3296 0
    endloop
  endfacet
  facet normal 0 0 1
    outer loop
      vertex 135.191 117.806 0
      vertex 132.7 113 0
      vertex 135.459 117.582 0
    endloop
  endfacet
  facet normal 0 0 1
    outer loop
      vertex 136.4 0.599999 0
      vertex 132.395 2.02884 0
      vertex 136.354 0.0790491 0
    endloop
  endfacet
  facet normal 0 0 1
    outer loop
      vertex 134.9 117.998 0
      vertex 132.7 113 0
      vertex 135.191 117.806 0
    endloop
  endfacet
  facet normal 0 0 1
    outer loop
      vertex 136.354 0.0790491 0
      vertex 132.395 2.02884 0
      vertex 136.274 -0.260412 0
    endloop
  endfacet
  facet normal 0 0 1
    outer loop
      vertex 134.588 118.155 0
      vertex 132.7 113 0
      vertex 134.9 117.998 0
    endloop
  endfacet
  facet normal 0 0 1
    outer loop
      vertex 136.274 -0.260412 0
      vertex 132.395 2.02884 0
      vertex 136.155 -0.588232 0
    endloop
  endfacet
  facet normal 0 0 1
    outer loop
      vertex 134.26 118.274 0
      vertex 132.7 113 0
      vertex 134.588 118.155 0
    endloop
  endfacet
  facet normal -0 0 1
    outer loop
      vertex 132.171 1.76785 0
      vertex 136.155 -0.588232 0
      vertex 132.395 2.02884 0
    endloop
  endfacet
  facet normal 0 0 1
    outer loop
      vertex 132.7 113 0
      vertex 134.26 118.274 0
      vertex 133.921 118.354 0
    endloop
  endfacet
  facet normal 0 0 1
    outer loop
      vertex 136.155 -0.588232 0
      vertex 132.171 1.76785 0
      vertex 135.998 -0.9 0
    endloop
  endfacet
  facet normal 0 0 1
    outer loop
      vertex 136.38 115.748 0
      vertex 132.7 113 0
      vertex 136.4 115.4 0
    endloop
  endfacet
  facet normal 0 0 1
    outer loop
      vertex 135.998 -0.9 0
      vertex 132.171 1.76785 0
      vertex 135.806 -1.19147 0
    endloop
  endfacet
  facet normal 0 0 1
    outer loop
      vertex 135.806 -1.19147 0
      vertex 132.171 1.76785 0
      vertex 135.582 -1.45873 0
    endloop
  endfacet
  facet normal 0 0 1
    outer loop
      vertex 135.328 -1.69813 0
      vertex 132.171 1.76785 0
      vertex 135.049 -1.90647 0
    endloop
  endfacet
  facet normal 0 0 1
    outer loop
      vertex 132.7 3 0
      vertex 133.8 6.12781 0
      vertex 133.58 6.31439 0
    endloop
  endfacet
  facet normal 0 0 1
    outer loop
      vertex 135.582 -1.45873 0
      vertex 132.171 1.76785 0
      vertex 135.328 -1.69813 0
    endloop
  endfacet
  facet normal 0 0 1
    outer loop
      vertex 132.7 3 0
      vertex 133.58 6.31439 0
      vertex 133.297 6.5161 0
    endloop
  endfacet
  facet normal 0 0 1
    outer loop
      vertex 132.7 3 0
      vertex 133.297 6.5161 0
      vertex 132.999 6.69379 0
    endloop
  endfacet
  facet normal 0 0 1
    outer loop
      vertex 135.049 -1.90647 0
      vertex 132.171 1.76785 0
      vertex 134.746 -2.08089 0
    endloop
  endfacet
  facet normal 0 0 1
    outer loop
      vertex 134.746 -2.08089 0
      vertex 132.171 1.76785 0
      vertex 134.426 -2.21908 0
    endloop
  endfacet
  facet normal 0 0 1
    outer loop
      vertex 134.426 -2.21908 0
      vertex 132.171 1.76785 0
      vertex 134.092 -2.31913 0
    endloop
  endfacet
  facet normal 0 0 1
    outer loop
      vertex 134.092 -2.31913 0
      vertex 132.171 1.76785 0
      vertex 133.748 -2.37972 0
    endloop
  endfacet
  facet normal 0 0 1
    outer loop
      vertex 133.748 -2.37972 0
      vertex 132.171 1.76785 0
      vertex 133.4 -2.4 0
    endloop
  endfacet
  facet normal -0 0 1
    outer loop
      vertex 131.899 1.55731 0
      vertex 133.4 -2.4 0
      vertex 132.171 1.76785 0
    endloop
  endfacet
  facet normal -0 0 1
    outer loop
      vertex 131.59 1.40582 0
      vertex 133.4 -2.4 0
      vertex 131.899 1.55731 0
    endloop
  endfacet
  facet normal -0 0 1
    outer loop
      vertex 131.257 1.3196 0
      vertex 133.4 -2.4 0
      vertex 131.59 1.40582 0
    endloop
  endfacet
  facet normal -0 0 1
    outer loop
      vertex 130.914 1.30218 0
      vertex 133.4 -2.4 0
      vertex 131.257 1.3196 0
    endloop
  endfacet
  facet normal 0 0 1
    outer loop
      vertex 127.872 0.199997 0
      vertex 130.914 1.30218 0
      vertex 130.574 1.35427 0
    endloop
  endfacet
  facet normal 0 0 1
    outer loop
      vertex 127.872 0.199997 0
      vertex 130.574 1.35427 0
      vertex 130.251 1.47373 0
    endloop
  endfacet
  facet normal 0 0 1
    outer loop
      vertex 127.872 0.199997 0
      vertex 130.251 1.47373 0
      vertex 129.959 1.65568 0
    endloop
  endfacet
  facet normal 0 0 1
    outer loop
      vertex 127.872 0.199997 0
      vertex 129.959 1.65568 0
      vertex 129.71 1.89267 0
    endloop
  endfacet
  facet normal 0 0 1
    outer loop
      vertex 127.872 0.199997 0
      vertex 129.378 2.49108 0
      vertex 129.309 2.82801 0
    endloop
  endfacet
  facet normal 0 0 1
    outer loop
      vertex 127.872 0.199997 0
      vertex 129.514 2.17499 0
      vertex 129.378 2.49108 0
    endloop
  endfacet
  facet normal 0 0 1
    outer loop
      vertex 127.872 0.199997 0
      vertex 129.71 1.89267 0
      vertex 129.514 2.17499 0
    endloop
  endfacet
  facet normal 0 0 1
    outer loop
      vertex 130.914 1.30218 0
      vertex 127.872 0.199997 0
      vertex 133.4 -2.4 0
    endloop
  endfacet
  facet normal -0 0 1
    outer loop
      vertex 81 0.199997 0
      vertex 133.4 -2.4 0
      vertex 127.872 0.199997 0
    endloop
  endfacet
  facet normal 0 0 1
    outer loop
      vertex 97.35 11.4 0
      vertex 78.75 24.6 0
      vertex 78.75 18.6 0
    endloop
  endfacet
  facet normal 0 0 1
    outer loop
      vertex 78.75 11.4 0
      vertex 97.35 11.4 0
      vertex 78.75 18.6 0
    endloop
  endfacet
  facet normal 0 0 1
    outer loop
      vertex 78.75 5.4 0
      vertex 97.35 11.4 0
      vertex 78.75 11.4 0
    endloop
  endfacet
  facet normal 0 0 1
    outer loop
      vertex 97.35 11.4 0
      vertex 78.75 5.4 0
      vertex 81 1.39999 0
    endloop
  endfacet
  facet normal -0 0 1
    outer loop
      vertex 77 5 0
      vertex 81 1.39999 0
      vertex 78.75 5.4 0
    endloop
  endfacet
  facet normal 0 0 1
    outer loop
      vertex 77 5 0
      vertex 78.75 5.4 0
      vertex 77.15 5.4 0
    endloop
  endfacet
  facet normal 0 0 1
    outer loop
      vertex 81 1.39999 0
      vertex 77 5 0
      vertex 77 0 0
    endloop
  endfacet
  facet normal 0 0 1
    outer loop
      vertex 81 1.39999 0
      vertex 77 0 0
      vertex 81 0.199997 0
    endloop
  endfacet
  facet normal 0 0 1
    outer loop
      vertex 75.3 -2.4 0
      vertex 81 0.199997 0
      vertex 77 0 0
    endloop
  endfacet
  facet normal 0 0 1
    outer loop
      vertex 75.3 -2.4 0
      vertex 77 0 0
      vertex 75.3 -1.2 0
    endloop
  endfacet
  facet normal 0 0 1
    outer loop
      vertex 81 0.199997 0
      vertex 75.3 -2.4 0
      vertex 133.4 -2.4 0
    endloop
  endfacet
  facet normal -0 0 1
    outer loop
      vertex 132.171 111.768 0
      vertex 133.8 109.872 0
      vertex 132.395 112.029 0
    endloop
  endfacet
  facet normal 0 0 1
    outer loop
      vertex 133.8 109.872 0
      vertex 132.171 111.768 0
      vertex 133.58 109.686 0
    endloop
  endfacet
  facet normal -0 0 1
    outer loop
      vertex 131.899 111.557 0
      vertex 133.58 109.686 0
      vertex 132.171 111.768 0
    endloop
  endfacet
  facet normal 0 0 1
    outer loop
      vertex 133.297 109.484 0
      vertex 131.899 111.557 0
      vertex 132.999 109.306 0
    endloop
  endfacet
  facet normal 0 0 1
    outer loop
      vertex 133.58 109.686 0
      vertex 131.899 111.557 0
      vertex 133.297 109.484 0
    endloop
  endfacet
  facet normal 0 0 1
    outer loop
      vertex 1.31288 109.154 4
      vertex 1.39999 6.88024 4
      vertex 1.39999 109.12 4
    endloop
  endfacet
  facet normal 0 0 1
    outer loop
      vertex 1.31288 109.154 4
      vertex 1.31288 6.84625 4
      vertex 1.39999 6.88024 4
    endloop
  endfacet
  facet normal 0 0 1
    outer loop
      vertex 1.00102 109.306 4
      vertex 1.31288 6.84625 4
      vertex 1.31288 109.154 4
    endloop
  endfacet
  facet normal 0 0 1
    outer loop
      vertex 1.00102 109.306 4
      vertex 1.00102 6.69379 4
      vertex 1.31288 6.84625 4
    endloop
  endfacet
  facet normal 0 0 1
    outer loop
      vertex 0.702817 109.484 4
      vertex 1.00102 6.69379 4
      vertex 1.00102 109.306 4
    endloop
  endfacet
  facet normal 0 0 1
    outer loop
      vertex 0.702817 109.484 4
      vertex 0.702817 6.5161 4
      vertex 1.00102 6.69379 4
    endloop
  endfacet
  facet normal 0 0 1
    outer loop
      vertex 0.420306 109.686 4
      vertex 0.702817 6.5161 4
      vertex 0.702817 109.484 4
    endloop
  endfacet
  facet normal 0 0 1
    outer loop
      vertex 0.420306 109.686 4
      vertex 0.420306 6.31439 4
      vertex 0.702817 6.5161 4
    endloop
  endfacet
  facet normal 0 0 1
    outer loop
      vertex 0.199997 109.872 4
      vertex 0.420306 6.31439 4
      vertex 0.420306 109.686 4
    endloop
  endfacet
  facet normal 0 0 1
    outer loop
      vertex 0.420306 6.31439 4
      vertex 0.199997 109.872 4
      vertex 0.199997 6.1278 4
    endloop
  endfacet
  facet normal -0 0 1
    outer loop
      vertex 6.88024 1.39999 4
      vertex 53 0.199997 4
      vertex 53 1.39999 4
    endloop
  endfacet
  facet normal -0 0 1
    outer loop
      vertex 6.84625 1.31288 4
      vertex 53 0.199997 4
      vertex 6.88024 1.39999 4
    endloop
  endfacet
  facet normal -0 0 1
    outer loop
      vertex 6.69379 1.00102 4
      vertex 53 0.199997 4
      vertex 6.84625 1.31288 4
    endloop
  endfacet
  facet normal -0 0 1
    outer loop
      vertex 6.5161 0.702817 4
      vertex 53 0.199997 4
      vertex 6.69379 1.00102 4
    endloop
  endfacet
  facet normal -0 0 1
    outer loop
      vertex 6.31439 0.420306 4
      vertex 53 0.199997 4
      vertex 6.5161 0.702817 4
    endloop
  endfacet
  facet normal 0 0 1
    outer loop
      vertex 53 0.199997 4
      vertex 6.31439 0.420306 4
      vertex 6.1278 0.199997 4
    endloop
  endfacet
  facet normal 0 0 1
    outer loop
      vertex 81 0.199997 4
      vertex 127.12 1.39999 4
      vertex 81 1.39999 4
    endloop
  endfacet
  facet normal 0 0 1
    outer loop
      vertex 127.12 1.39999 4
      vertex 81 0.199997 4
      vertex 127.154 1.31288 4
    endloop
  endfacet
  facet normal 0 0 1
    outer loop
      vertex 127.154 1.31288 4
      vertex 81 0.199997 4
      vertex 127.306 1.00102 4
    endloop
  endfacet
  facet normal 0 0 1
    outer loop
      vertex 127.306 1.00102 4
      vertex 81 0.199997 4
      vertex 127.484 0.702817 4
    endloop
  endfacet
  facet normal 0 0 1
    outer loop
      vertex 127.484 0.702817 4
      vertex 81 0.199997 4
      vertex 127.686 0.420306 4
    endloop
  endfacet
  facet normal 0 0 1
    outer loop
      vertex 127.686 0.420306 4
      vertex 81 0.199997 4
      vertex 127.872 0.199997 4
    endloop
  endfacet
  facet normal 0 0 1
    outer loop
      vertex 86 115.8 4
      vertex 6.88025 114.6 4
      vertex 86 114.6 4
    endloop
  endfacet
  facet normal 0 0 1
    outer loop
      vertex 86 115.8 4
      vertex 6.84625 114.687 4
      vertex 6.88025 114.6 4
    endloop
  endfacet
  facet normal 0 0 1
    outer loop
      vertex 86 115.8 4
      vertex 6.69379 114.999 4
      vertex 6.84625 114.687 4
    endloop
  endfacet
  facet normal 0 0 1
    outer loop
      vertex 86 115.8 4
      vertex 6.5161 115.297 4
      vertex 6.69379 114.999 4
    endloop
  endfacet
  facet normal 0 0 1
    outer loop
      vertex 86 115.8 4
      vertex 6.31439 115.58 4
      vertex 6.5161 115.297 4
    endloop
  endfacet
  facet normal 0 -0 1
    outer loop
      vertex 6.31439 115.58 4
      vertex 86 115.8 4
      vertex 6.12781 115.8 4
    endloop
  endfacet
  facet normal -0 0 1
    outer loop
      vertex 125.5 115.8 4
      vertex 127.686 115.58 4
      vertex 127.872 115.8 4
    endloop
  endfacet
  facet normal 0 0 1
    outer loop
      vertex 125.5 115.8 4
      vertex 127.484 115.297 4
      vertex 127.686 115.58 4
    endloop
  endfacet
  facet normal 0 0 1
    outer loop
      vertex 125.5 115.8 4
      vertex 127.306 114.999 4
      vertex 127.484 115.297 4
    endloop
  endfacet
  facet normal 0 0 1
    outer loop
      vertex 125.5 115.8 4
      vertex 127.154 114.687 4
      vertex 127.306 114.999 4
    endloop
  endfacet
  facet normal 0 0 1
    outer loop
      vertex 125.5 114.6 4
      vertex 127.154 114.687 4
      vertex 125.5 115.8 4
    endloop
  endfacet
  facet normal 0 0 1
    outer loop
      vertex 127.154 114.687 4
      vertex 125.5 114.6 4
      vertex 127.12 114.6 4
    endloop
  endfacet
  facet normal -0 0 1
    outer loop
      vertex 133.58 109.686 4
      vertex 133.8 6.12781 4
      vertex 133.8 109.872 4
    endloop
  endfacet
  facet normal 0 0 1
    outer loop
      vertex 133.58 109.686 4
      vertex 133.58 6.31439 4
      vertex 133.8 6.12781 4
    endloop
  endfacet
  facet normal -0 0 1
    outer loop
      vertex 133.297 109.484 4
      vertex 133.58 6.31439 4
      vertex 133.58 109.686 4
    endloop
  endfacet
  facet normal 0 0 1
    outer loop
      vertex 133.297 109.484 4
      vertex 133.297 6.5161 4
      vertex 133.58 6.31439 4
    endloop
  endfacet
  facet normal -0 0 1
    outer loop
      vertex 132.999 109.306 4
      vertex 133.297 6.5161 4
      vertex 133.297 109.484 4
    endloop
  endfacet
  facet normal 0 0 1
    outer loop
      vertex 132.999 109.306 4
      vertex 132.999 6.69379 4
      vertex 133.297 6.5161 4
    endloop
  endfacet
  facet normal -0 0 1
    outer loop
      vertex 132.687 109.154 4
      vertex 132.999 6.69379 4
      vertex 132.999 109.306 4
    endloop
  endfacet
  facet normal 0 0 1
    outer loop
      vertex 132.687 109.154 4
      vertex 132.687 6.84625 4
      vertex 132.999 6.69379 4
    endloop
  endfacet
  facet normal -0 0 1
    outer loop
      vertex 132.6 109.12 4
      vertex 132.687 6.84625 4
      vertex 132.687 109.154 4
    endloop
  endfacet
  facet normal 0 0 1
    outer loop
      vertex 132.687 6.84625 4
      vertex 132.6 109.12 4
      vertex 132.6 6.88025 4
    endloop
  endfacet
  facet normal 1 -0 0
    outer loop
      vertex 133.8 6.12781 4
      vertex 133.8 109.872 0
      vertex 133.8 109.872 4
    endloop
  endfacet
  facet normal 1 0 0
    outer loop
      vertex 133.8 109.872 0
      vertex 133.8 6.12781 4
      vertex 133.8 6.12781 0
    endloop
  endfacet
  facet normal 0 1 -0
    outer loop
      vertex 86 115.8 0
      vertex 6.12781 115.8 4
      vertex 86 115.8 4
    endloop
  endfacet
  facet normal 0 1 0
    outer loop
      vertex 6.12781 115.8 4
      vertex 86 115.8 0
      vertex 6.12781 115.8 0
    endloop
  endfacet
  facet normal 0 1 -0
    outer loop
      vertex 127.872 115.8 0
      vertex 125.5 115.8 4
      vertex 127.872 115.8 4
    endloop
  endfacet
  facet normal 0 1 0
    outer loop
      vertex 125.5 115.8 4
      vertex 127.872 115.8 0
      vertex 125.5 115.8 0
    endloop
  endfacet
  facet normal -1 0 0
    outer loop
      vertex 0.199997 6.1278 0
      vertex 0.199997 109.872 4
      vertex 0.199997 109.872 0
    endloop
  endfacet
  facet normal -1 -0 0
    outer loop
      vertex 0.199997 109.872 4
      vertex 0.199997 6.1278 0
      vertex 0.199997 6.1278 4
    endloop
  endfacet
  facet normal 0 -1 0
    outer loop
      vertex 6.1278 0.199997 0
      vertex 53 0.199997 4
      vertex 6.1278 0.199997 4
    endloop
  endfacet
  facet normal 0 -1 -0
    outer loop
      vertex 53 0.199997 4
      vertex 6.1278 0.199997 0
      vertex 53 0.199997 0
    endloop
  endfacet
  facet normal 0 -1 0
    outer loop
      vertex 81 0.199997 0
      vertex 127.872 0.199997 4
      vertex 81 0.199997 4
    endloop
  endfacet
  facet normal 0 -1 -0
    outer loop
      vertex 127.872 0.199997 4
      vertex 81 0.199997 0
      vertex 127.872 0.199997 0
    endloop
  endfacet
  facet normal 1 -0 0
    outer loop
      vertex 1.39999 6.88024 4
      vertex 1.39999 109.12 0
      vertex 1.39999 109.12 4
    endloop
  endfacet
  facet normal 1 0 0
    outer loop
      vertex 1.39999 109.12 0
      vertex 1.39999 6.88024 4
      vertex 1.39999 6.88024 0
    endloop
  endfacet
  facet normal 0 -1 0
    outer loop
      vertex 6.88025 114.6 0
      vertex 86 114.6 4
      vertex 6.88025 114.6 4
    endloop
  endfacet
  facet normal 0 -1 -0
    outer loop
      vertex 86 114.6 4
      vertex 6.88025 114.6 0
      vertex 86 114.6 0
    endloop
  endfacet
  facet normal 0 -1 0
    outer loop
      vertex 125.5 114.6 0
      vertex 127.12 114.6 4
      vertex 125.5 114.6 4
    endloop
  endfacet
  facet normal 0 -1 -0
    outer loop
      vertex 127.12 114.6 4
      vertex 125.5 114.6 0
      vertex 127.12 114.6 0
    endloop
  endfacet
  facet normal -1 0 0
    outer loop
      vertex 132.6 6.88025 0
      vertex 132.6 109.12 4
      vertex 132.6 109.12 0
    endloop
  endfacet
  facet normal -1 -0 0
    outer loop
      vertex 132.6 109.12 4
      vertex 132.6 6.88025 0
      vertex 132.6 6.88025 4
    endloop
  endfacet
  facet normal 0 1 -0
    outer loop
      vertex 53 1.39999 0
      vertex 6.88024 1.39999 4
      vertex 53 1.39999 4
    endloop
  endfacet
  facet normal 0 1 0
    outer loop
      vertex 6.88024 1.39999 4
      vertex 53 1.39999 0
      vertex 6.88024 1.39999 0
    endloop
  endfacet
  facet normal 0 1 -0
    outer loop
      vertex 127.12 1.39999 0
      vertex 81 1.39999 4
      vertex 127.12 1.39999 4
    endloop
  endfacet
  facet normal 0 1 0
    outer loop
      vertex 81 1.39999 4
      vertex 127.12 1.39999 0
      vertex 81 1.39999 0
    endloop
  endfacet
  facet normal -1 0 0
    outer loop
      vertex 14 44 0
      vertex 14 50 3
      vertex 14 50 0
    endloop
  endfacet
  facet normal -1 -0 0
    outer loop
      vertex 14 50 3
      vertex 14 44 0
      vertex 14 44 3
    endloop
  endfacet
  facet normal -0 0 1
    outer loop
      vertex 14 50 3
      vertex 20 44 3
      vertex 20 50 3
    endloop
  endfacet
  facet normal 0 0 1
    outer loop
      vertex 20 44 3
      vertex 14 50 3
      vertex 14 44 3
    endloop
  endfacet
  facet normal 1 -0 0
    outer loop
      vertex 20 44 3
      vertex 20 50 0
      vertex 20 50 3
    endloop
  endfacet
  facet normal 1 0 0
    outer loop
      vertex 20 50 0
      vertex 20 44 3
      vertex 20 44 0
    endloop
  endfacet
  facet normal 0 1 -0
    outer loop
      vertex 20 50 0
      vertex 14 50 3
      vertex 20 50 3
    endloop
  endfacet
  facet normal 0 1 0
    outer loop
      vertex 14 50 3
      vertex 20 50 0
      vertex 14 50 0
    endloop
  endfacet
  facet normal 0 -1 0
    outer loop
      vertex 14 44 0
      vertex 20 44 3
      vertex 14 44 3
    endloop
  endfacet
  facet normal 0 -1 -0
    outer loop
      vertex 20 44 3
      vertex 14 44 0
      vertex 20 44 0
    endloop
  endfacet
  facet normal -1 0 0
    outer loop
      vertex 14 102 0
      vertex 14 108 3
      vertex 14 108 0
    endloop
  endfacet
  facet normal -1 -0 0
    outer loop
      vertex 14 108 3
      vertex 14 102 0
      vertex 14 102 3
    endloop
  endfacet
  facet normal -0 0 1
    outer loop
      vertex 14 108 3
      vertex 20 102 3
      vertex 20 108 3
    endloop
  endfacet
  facet normal 0 0 1
    outer loop
      vertex 20 102 3
      vertex 14 108 3
      vertex 14 102 3
    endloop
  endfacet
  facet normal 1 -0 0
    outer loop
      vertex 20 102 3
      vertex 20 108 0
      vertex 20 108 3
    endloop
  endfacet
  facet normal 1 0 0
    outer loop
      vertex 20 108 0
      vertex 20 102 3
      vertex 20 102 0
    endloop
  endfacet
  facet normal 0 -1 0
    outer loop
      vertex 14 102 0
      vertex 20 102 3
      vertex 14 102 3
    endloop
  endfacet
  facet normal 0 -1 -0
    outer loop
      vertex 20 102 3
      vertex 14 102 0
      vertex 20 102 0
    endloop
  endfacet
  facet normal 0 1 -0
    outer loop
      vertex 20 108 0
      vertex 14 108 3
      vertex 20 108 3
    endloop
  endfacet
  facet normal 0 1 0
    outer loop
      vertex 14 108 3
      vertex 20 108 0
      vertex 14 108 0
    endloop
  endfacet
  facet normal -1 0 0
    outer loop
      vertex 76 44 0
      vertex 76 50 3
      vertex 76 50 0
    endloop
  endfacet
  facet normal -1 -0 0
    outer loop
      vertex 76 50 3
      vertex 76 44 0
      vertex 76 44 3
    endloop
  endfacet
  facet normal -0 0 1
    outer loop
      vertex 76 50 3
      vertex 82 44 3
      vertex 82 50 3
    endloop
  endfacet
  facet normal 0 0 1
    outer loop
      vertex 82 44 3
      vertex 76 50 3
      vertex 76 44 3
    endloop
  endfacet
  facet normal 1 -0 0
    outer loop
      vertex 82 44 3
      vertex 82 50 0
      vertex 82 50 3
    endloop
  endfacet
  facet normal 1 0 0
    outer loop
      vertex 82 50 0
      vertex 82 44 3
      vertex 82 44 0
    endloop
  endfacet
  facet normal 0 -1 0
    outer loop
      vertex 76 44 0
      vertex 82 44 3
      vertex 76 44 3
    endloop
  endfacet
  facet normal 0 -1 -0
    outer loop
      vertex 82 44 3
      vertex 76 44 0
      vertex 82 44 0
    endloop
  endfacet
  facet normal 0 1 -0
    outer loop
      vertex 82 50 0
      vertex 76 50 3
      vertex 82 50 3
    endloop
  endfacet
  facet normal 0 1 0
    outer loop
      vertex 76 50 3
      vertex 82 50 0
      vertex 76 50 0
    endloop
  endfacet
  facet normal -1 0 0
    outer loop
      vertex 76 102 0
      vertex 76 108 3
      vertex 76 108 0
    endloop
  endfacet
  facet normal -1 -0 0
    outer loop
      vertex 76 108 3
      vertex 76 102 0
      vertex 76 102 3
    endloop
  endfacet
  facet normal -0 0 1
    outer loop
      vertex 76 108 3
      vertex 82 102 3
      vertex 82 108 3
    endloop
  endfacet
  facet normal 0 0 1
    outer loop
      vertex 82 102 3
      vertex 76 108 3
      vertex 76 102 3
    endloop
  endfacet
  facet normal 1 -0 0
    outer loop
      vertex 82 102 3
      vertex 82 108 0
      vertex 82 108 3
    endloop
  endfacet
  facet normal 1 0 0
    outer loop
      vertex 82 108 0
      vertex 82 102 3
      vertex 82 102 0
    endloop
  endfacet
  facet normal 0 -1 0
    outer loop
      vertex 76 102 0
      vertex 82 102 3
      vertex 76 102 3
    endloop
  endfacet
  facet normal 0 -1 -0
    outer loop
      vertex 82 102 3
      vertex 76 102 0
      vertex 82 102 0
    endloop
  endfacet
  facet normal 0 1 -0
    outer loop
      vertex 82 108 0
      vertex 76 108 3
      vertex 82 108 3
    endloop
  endfacet
  facet normal 0 1 0
    outer loop
      vertex 76 108 3
      vertex 82 108 0
      vertex 76 108 0
    endloop
  endfacet
  facet normal -1 0 0
    outer loop
      vertex 29.16 39.35 0
      vertex 29.16 41.85 4.79999
      vertex 29.16 41.85 0
    endloop
  endfacet
  facet normal -1 0 0
    outer loop
      vertex 29.16 39.35 6.4
      vertex 29.16 41.85 4.79999
      vertex 29.16 39.35 0
    endloop
  endfacet
  facet normal -1 0 0
    outer loop
      vertex 29.16 41.85 4.79999
      vertex 29.16 39.35 6.4
      vertex 29.16 41.85 6.39999
    endloop
  endfacet
  facet normal -1 0 0
    outer loop
      vertex 29.16 41.85 6.39999
      vertex 29.16 39.35 6.4
      vertex 29.16 41.85 6.4
    endloop
  endfacet
  facet normal -1 0 0
    outer loop
      vertex 29.16 42.85 4.79999
      vertex 29.16 41.85 4.79999
      vertex 29.16 41.85 6.39999
    endloop
  endfacet
  facet normal -0 0 1
    outer loop
      vertex 29.16 41.85 6.4
      vertex 35.16 39.35 6.4
      vertex 35.16 41.85 6.4
    endloop
  endfacet
  facet normal 0 0 1
    outer loop
      vertex 35.16 39.35 6.4
      vertex 29.16 41.85 6.4
      vertex 29.16 39.35 6.4
    endloop
  endfacet
  facet normal 1 -0 0
    outer loop
      vertex 35.16 39.35 6.4
      vertex 35.16 41.85 6.39999
      vertex 35.16 41.85 6.4
    endloop
  endfacet
  facet normal 1 0 0
    outer loop
      vertex 35.16 41.85 6.39999
      vertex 35.16 39.35 6.4
      vertex 35.16 41.85 4.79999
    endloop
  endfacet
  facet normal 1 0 0
    outer loop
      vertex 35.16 39.35 0
      vertex 35.16 41.85 4.79999
      vertex 35.16 39.35 6.4
    endloop
  endfacet
  facet normal 1 0 0
    outer loop
      vertex 35.16 41.85 4.79999
      vertex 35.16 39.35 0
      vertex 35.16 41.85 0
    endloop
  endfacet
  facet normal 1 0 0
    outer loop
      vertex 35.16 42.85 4.79999
      vertex 35.16 41.85 6.39999
      vertex 35.16 41.85 4.79999
    endloop
  endfacet
  facet normal 0 1 -0
    outer loop
      vertex 35.16 41.85 6.39999
      vertex 29.16 41.85 6.4
      vertex 35.16 41.85 6.4
    endloop
  endfacet
  facet normal 0 1 0
    outer loop
      vertex 29.16 41.85 6.4
      vertex 35.16 41.85 6.39999
      vertex 29.16 41.85 6.39999
    endloop
  endfacet
  facet normal 0 1 -0
    outer loop
      vertex 35.16 41.85 0
      vertex 29.16 41.85 4.79999
      vertex 35.16 41.85 4.79999
    endloop
  endfacet
  facet normal 0 1 0
    outer loop
      vertex 29.16 41.85 4.79999
      vertex 35.16 41.85 0
      vertex 29.16 41.85 0
    endloop
  endfacet
  facet normal 0 -1 0
    outer loop
      vertex 29.16 39.35 0
      vertex 35.16 39.35 6.4
      vertex 29.16 39.35 6.4
    endloop
  endfacet
  facet normal 0 -1 -0
    outer loop
      vertex 35.16 39.35 6.4
      vertex 29.16 39.35 0
      vertex 35.16 39.35 0
    endloop
  endfacet
  facet normal 0 0 -1
    outer loop
      vertex 29.16 41.85 4.79999
      vertex 35.16 42.85 4.79999
      vertex 35.16 41.85 4.79999
    endloop
  endfacet
  facet normal -0 0 -1
    outer loop
      vertex 35.16 42.85 4.79999
      vertex 29.16 41.85 4.79999
      vertex 29.16 42.85 4.79999
    endloop
  endfacet
  facet normal 0 0.847998 0.529999
    outer loop
      vertex 35.16 42.85 4.79999
      vertex 29.16 41.85 6.39999
      vertex 35.16 41.85 6.39999
    endloop
  endfacet
  facet normal 0 0.847998 0.529999
    outer loop
      vertex 29.16 41.85 6.39999
      vertex 35.16 42.85 4.79999
      vertex 29.16 42.85 4.79999
    endloop
  endfacet
  facet normal 1 0 0
    outer loop
      vertex 35.16 110.15 6.39999
      vertex 35.16 109.35 4.79999
      vertex 35.16 110.15 4.79999
    endloop
  endfacet
  facet normal 1 0 0
    outer loop
      vertex 35.16 110.15 6.39999
      vertex 35.16 111.75 6.4
      vertex 35.16 110.15 6.4
    endloop
  endfacet
  facet normal 1 0 0
    outer loop
      vertex 35.16 110.15 4.79999
      vertex 35.16 111.75 6.4
      vertex 35.16 110.15 6.39999
    endloop
  endfacet
  facet normal 1 0 0
    outer loop
      vertex 35.16 111.75 6.4
      vertex 35.16 110.15 4.79999
      vertex 35.16 111.75 0
    endloop
  endfacet
  facet normal 1 0 0
    outer loop
      vertex 35.16 111.75 0
      vertex 35.16 110.15 4.79999
      vertex 35.16 110.15 0
    endloop
  endfacet
  facet normal -0 0 1
    outer loop
      vertex 29.16 111.75 6.4
      vertex 35.16 110.15 6.4
      vertex 35.16 111.75 6.4
    endloop
  endfacet
  facet normal 0 0 1
    outer loop
      vertex 35.16 110.15 6.4
      vertex 29.16 111.75 6.4
      vertex 29.16 110.15 6.4
    endloop
  endfacet
  facet normal -1 0 0
    outer loop
      vertex 29.16 110.15 4.79999
      vertex 29.16 109.35 4.79999
      vertex 29.16 110.15 6.39999
    endloop
  endfacet
  facet normal -1 0 0
    outer loop
      vertex 29.16 110.15 4.79999
      vertex 29.16 111.75 0
      vertex 29.16 110.15 0
    endloop
  endfacet
  facet normal -1 0 0
    outer loop
      vertex 29.16 111.75 0
      vertex 29.16 110.15 4.79999
      vertex 29.16 111.75 6.4
    endloop
  endfacet
  facet normal -1 0 0
    outer loop
      vertex 29.16 110.15 6.39999
      vertex 29.16 111.75 6.4
      vertex 29.16 110.15 4.79999
    endloop
  endfacet
  facet normal -1 -0 0
    outer loop
      vertex 29.16 111.75 6.4
      vertex 29.16 110.15 6.39999
      vertex 29.16 110.15 6.4
    endloop
  endfacet
  facet normal 0 1 -0
    outer loop
      vertex 35.16 111.75 0
      vertex 29.16 111.75 6.4
      vertex 35.16 111.75 6.4
    endloop
  endfacet
  facet normal 0 1 0
    outer loop
      vertex 29.16 111.75 6.4
      vertex 35.16 111.75 0
      vertex 29.16 111.75 0
    endloop
  endfacet
  facet normal 0 -1 0
    outer loop
      vertex 29.16 110.15 6.39999
      vertex 35.16 110.15 6.4
      vertex 29.16 110.15 6.4
    endloop
  endfacet
  facet normal 0 -1 -0
    outer loop
      vertex 35.16 110.15 6.4
      vertex 29.16 110.15 6.39999
      vertex 35.16 110.15 6.39999
    endloop
  endfacet
  facet normal 0 -1 0
    outer loop
      vertex 29.16 110.15 0
      vertex 35.16 110.15 4.79999
      vertex 29.16 110.15 4.79999
    endloop
  endfacet
  facet normal 0 -1 -0
    outer loop
      vertex 35.16 110.15 4.79999
      vertex 29.16 110.15 0
      vertex 35.16 110.15 0
    endloop
  endfacet
  facet normal 0 0 -1
    outer loop
      vertex 29.16 109.35 4.79999
      vertex 35.16 110.15 4.79999
      vertex 35.16 109.35 4.79999
    endloop
  endfacet
  facet normal -0 0 -1
    outer loop
      vertex 35.16 110.15 4.79999
      vertex 29.16 109.35 4.79999
      vertex 29.16 110.15 4.79999
    endloop
  endfacet
  facet normal 0 -0.894427 0.447214
    outer loop
      vertex 29.16 109.35 4.79999
      vertex 35.16 110.15 6.39999
      vertex 29.16 110.15 6.39999
    endloop
  endfacet
  facet normal 0 -0.894427 0.447214
    outer loop
      vertex 35.16 110.15 6.39999
      vertex 29.16 109.35 4.79999
      vertex 35.16 109.35 4.79999
    endloop
  endfacet
  facet normal -1 0 0
    outer loop
      vertex 60.84 39.35 0
      vertex 60.84 41.85 4.79999
      vertex 60.84 41.85 0
    endloop
  endfacet
  facet normal -1 0 0
    outer loop
      vertex 60.84 39.35 6.4
      vertex 60.84 41.85 4.79999
      vertex 60.84 39.35 0
    endloop
  endfacet
  facet normal -1 0 0
    outer loop
      vertex 60.84 41.85 4.79999
      vertex 60.84 39.35 6.4
      vertex 60.84 41.85 6.39999
    endloop
  endfacet
  facet normal -1 0 0
    outer loop
      vertex 60.84 41.85 6.39999
      vertex 60.84 39.35 6.4
      vertex 60.84 41.85 6.4
    endloop
  endfacet
  facet normal -1 0 0
    outer loop
      vertex 60.84 42.85 4.79999
      vertex 60.84 41.85 4.79999
      vertex 60.84 41.85 6.39999
    endloop
  endfacet
  facet normal -0 0 1
    outer loop
      vertex 60.84 41.85 6.4
      vertex 66.84 39.35 6.4
      vertex 66.84 41.85 6.4
    endloop
  endfacet
  facet normal 0 0 1
    outer loop
      vertex 66.84 39.35 6.4
      vertex 60.84 41.85 6.4
      vertex 60.84 39.35 6.4
    endloop
  endfacet
  facet normal 1 -0 0
    outer loop
      vertex 66.84 39.35 6.4
      vertex 66.84 41.85 6.39999
      vertex 66.84 41.85 6.4
    endloop
  endfacet
  facet normal 1 0 0
    outer loop
      vertex 66.84 41.85 6.39999
      vertex 66.84 39.35 6.4
      vertex 66.84 41.85 4.79999
    endloop
  endfacet
  facet normal 1 0 0
    outer loop
      vertex 66.84 39.35 0
      vertex 66.84 41.85 4.79999
      vertex 66.84 39.35 6.4
    endloop
  endfacet
  facet normal 1 0 0
    outer loop
      vertex 66.84 41.85 4.79999
      vertex 66.84 39.35 0
      vertex 66.84 41.85 0
    endloop
  endfacet
  facet normal 1 0 0
    outer loop
      vertex 66.84 42.85 4.79999
      vertex 66.84 41.85 6.39999
      vertex 66.84 41.85 4.79999
    endloop
  endfacet
  facet normal 0 1 -0
    outer loop
      vertex 66.84 41.85 6.39999
      vertex 60.84 41.85 6.4
      vertex 66.84 41.85 6.4
    endloop
  endfacet
  facet normal 0 1 0
    outer loop
      vertex 60.84 41.85 6.4
      vertex 66.84 41.85 6.39999
      vertex 60.84 41.85 6.39999
    endloop
  endfacet
  facet normal 0 1 -0
    outer loop
      vertex 66.84 41.85 0
      vertex 60.84 41.85 4.79999
      vertex 66.84 41.85 4.79999
    endloop
  endfacet
  facet normal 0 1 0
    outer loop
      vertex 60.84 41.85 4.79999
      vertex 66.84 41.85 0
      vertex 60.84 41.85 0
    endloop
  endfacet
  facet normal 0 -1 0
    outer loop
      vertex 60.84 39.35 0
      vertex 66.84 39.35 6.4
      vertex 60.84 39.35 6.4
    endloop
  endfacet
  facet normal 0 -1 -0
    outer loop
      vertex 66.84 39.35 6.4
      vertex 60.84 39.35 0
      vertex 66.84 39.35 0
    endloop
  endfacet
  facet normal 0 0 -1
    outer loop
      vertex 60.84 41.85 4.79999
      vertex 66.84 42.85 4.79999
      vertex 66.84 41.85 4.79999
    endloop
  endfacet
  facet normal -0 0 -1
    outer loop
      vertex 66.84 42.85 4.79999
      vertex 60.84 41.85 4.79999
      vertex 60.84 42.85 4.79999
    endloop
  endfacet
  facet normal 0 0.847998 0.529999
    outer loop
      vertex 66.84 42.85 4.79999
      vertex 60.84 41.85 6.39999
      vertex 66.84 41.85 6.39999
    endloop
  endfacet
  facet normal 0 0.847998 0.529999
    outer loop
      vertex 60.84 41.85 6.39999
      vertex 66.84 42.85 4.79999
      vertex 60.84 42.85 4.79999
    endloop
  endfacet
  facet normal 1 0 0
    outer loop
      vertex 66.84 110.15 6.39999
      vertex 66.84 109.35 4.79999
      vertex 66.84 110.15 4.79999
    endloop
  endfacet
  facet normal 1 0 0
    outer loop
      vertex 66.84 110.15 6.39999
      vertex 66.84 111.75 6.4
      vertex 66.84 110.15 6.4
    endloop
  endfacet
  facet normal 1 0 0
    outer loop
      vertex 66.84 110.15 4.79999
      vertex 66.84 111.75 6.4
      vertex 66.84 110.15 6.39999
    endloop
  endfacet
  facet normal 1 0 0
    outer loop
      vertex 66.84 111.75 6.4
      vertex 66.84 110.15 4.79999
      vertex 66.84 111.75 0
    endloop
  endfacet
  facet normal 1 0 0
    outer loop
      vertex 66.84 111.75 0
      vertex 66.84 110.15 4.79999
      vertex 66.84 110.15 0
    endloop
  endfacet
  facet normal -0 0 1
    outer loop
      vertex 60.84 111.75 6.4
      vertex 66.84 110.15 6.4
      vertex 66.84 111.75 6.4
    endloop
  endfacet
  facet normal 0 0 1
    outer loop
      vertex 66.84 110.15 6.4
      vertex 60.84 111.75 6.4
      vertex 60.84 110.15 6.4
    endloop
  endfacet
  facet normal -1 0 0
    outer loop
      vertex 60.84 110.15 4.79999
      vertex 60.84 109.35 4.79999
      vertex 60.84 110.15 6.39999
    endloop
  endfacet
  facet normal -1 0 0
    outer loop
      vertex 60.84 110.15 4.79999
      vertex 60.84 111.75 0
      vertex 60.84 110.15 0
    endloop
  endfacet
  facet normal -1 0 0
    outer loop
      vertex 60.84 111.75 0
      vertex 60.84 110.15 4.79999
      vertex 60.84 111.75 6.4
    endloop
  endfacet
  facet normal -1 0 0
    outer loop
      vertex 60.84 110.15 6.39999
      vertex 60.84 111.75 6.4
      vertex 60.84 110.15 4.79999
    endloop
  endfacet
  facet normal -1 -0 0
    outer loop
      vertex 60.84 111.75 6.4
      vertex 60.84 110.15 6.39999
      vertex 60.84 110.15 6.4
    endloop
  endfacet
  facet normal 0 1 -0
    outer loop
      vertex 66.84 111.75 0
      vertex 60.84 111.75 6.4
      vertex 66.84 111.75 6.4
    endloop
  endfacet
  facet normal 0 1 0
    outer loop
      vertex 60.84 111.75 6.4
      vertex 66.84 111.75 0
      vertex 60.84 111.75 0
    endloop
  endfacet
  facet normal 0 -1 0
    outer loop
      vertex 60.84 110.15 6.39999
      vertex 66.84 110.15 6.4
      vertex 60.84 110.15 6.4
    endloop
  endfacet
  facet normal 0 -1 -0
    outer loop
      vertex 66.84 110.15 6.4
      vertex 60.84 110.15 6.39999
      vertex 66.84 110.15 6.39999
    endloop
  endfacet
  facet normal 0 -1 0
    outer loop
      vertex 60.84 110.15 0
      vertex 66.84 110.15 4.79999
      vertex 60.84 110.15 4.79999
    endloop
  endfacet
  facet normal 0 -1 -0
    outer loop
      vertex 66.84 110.15 4.79999
      vertex 60.84 110.15 0
      vertex 66.84 110.15 0
    endloop
  endfacet
  facet normal 0 0 -1
    outer loop
      vertex 60.84 109.35 4.79999
      vertex 66.84 110.15 4.79999
      vertex 66.84 109.35 4.79999
    endloop
  endfacet
  facet normal -0 0 -1
    outer loop
      vertex 66.84 110.15 4.79999
      vertex 60.84 109.35 4.79999
      vertex 60.84 110.15 4.79999
    endloop
  endfacet
  facet normal 0 -0.894427 0.447214
    outer loop
      vertex 60.84 109.35 4.79999
      vertex 66.84 110.15 6.39999
      vertex 60.84 110.15 6.39999
    endloop
  endfacet
  facet normal 0 -0.894427 0.447214
    outer loop
      vertex 66.84 110.15 6.39999
      vertex 60.84 109.35 4.79999
      vertex 66.84 109.35 4.79999
    endloop
  endfacet
  facet normal -0 0 1
    outer loop
      vertex 9.35 93 5.6
      vertex 11.85 59 5.6
      vertex 11.85 93 5.6
    endloop
  endfacet
  facet normal 0 0 1
    outer loop
      vertex 11.85 59 5.6
      vertex 9.35 93 5.6
      vertex 9.35 59 5.6
    endloop
  endfacet
  facet normal 0 1 -0
    outer loop
      vertex 11.85 93 0
      vertex 9.35 93 5.6
      vertex 11.85 93 5.6
    endloop
  endfacet
  facet normal 0 1 0
    outer loop
      vertex 9.35 93 5.6
      vertex 11.85 93 0
      vertex 9.35 93 0
    endloop
  endfacet
  facet normal 0 -1 0
    outer loop
      vertex 9.35 59 0
      vertex 11.85 59 5.6
      vertex 9.35 59 5.6
    endloop
  endfacet
  facet normal 0 -1 -0
    outer loop
      vertex 11.85 59 5.6
      vertex 9.35 59 0
      vertex 11.85 59 0
    endloop
  endfacet
  facet normal -1 0 0
    outer loop
      vertex 9.35 59 0
      vertex 9.35 93 5.6
      vertex 9.35 93 0
    endloop
  endfacet
  facet normal -1 -0 0
    outer loop
      vertex 9.35 93 5.6
      vertex 9.35 59 0
      vertex 9.35 59 5.6
    endloop
  endfacet
  facet normal 1 -0 0
    outer loop
      vertex 11.85 59 5.6
      vertex 11.85 93 0
      vertex 11.85 93 5.6
    endloop
  endfacet
  facet normal 1 0 0
    outer loop
      vertex 11.85 93 0
      vertex 11.85 59 5.6
      vertex 11.85 59 0
    endloop
  endfacet
  facet normal 0 1 -0
    outer loop
      vertex 86.65 93 0
      vertex 84.15 93 5.6
      vertex 86.65 93 5.6
    endloop
  endfacet
  facet normal 0 1 0
    outer loop
      vertex 84.15 93 5.6
      vertex 86.65 93 0
      vertex 84.15 93 0
    endloop
  endfacet
  facet normal -0 0 1
    outer loop
      vertex 84.15 93 5.6
      vertex 86.65 59 5.6
      vertex 86.65 93 5.6
    endloop
  endfacet
  facet normal 0 0 1
    outer loop
      vertex 86.65 59 5.6
      vertex 84.15 93 5.6
      vertex 84.15 59 5.6
    endloop
  endfacet
  facet normal -1 0 0
    outer loop
      vertex 84.15 59 0
      vertex 84.15 93 5.6
      vertex 84.15 93 0
    endloop
  endfacet
  facet normal -1 -0 0
    outer loop
      vertex 84.15 93 5.6
      vertex 84.15 59 0
      vertex 84.15 59 5.6
    endloop
  endfacet
  facet normal 0 -1 0
    outer loop
      vertex 84.15 59 0
      vertex 86.65 59 5.6
      vertex 84.15 59 5.6
    endloop
  endfacet
  facet normal 0 -1 -0
    outer loop
      vertex 86.65 59 5.6
      vertex 84.15 59 0
      vertex 86.65 59 0
    endloop
  endfacet
  facet normal 1 -0 0
    outer loop
      vertex 86.65 59 5.6
      vertex 86.65 93 0
      vertex 86.65 93 5.6
    endloop
  endfacet
  facet normal 1 0 0
    outer loop
      vertex 86.65 93 0
      vertex 86.65 59 5.6
      vertex 86.65 59 0
    endloop
  endfacet
  facet normal -1 0 0
    outer loop
      vertex 92 60 0
      vertex 92 66 4
      vertex 92 66 0
    endloop
  endfacet
  facet normal -1 -0 0
    outer loop
      vertex 92 66 4
      vertex 92 60 0
      vertex 92 60 4
    endloop
  endfacet
  facet normal -0 0 1
    outer loop
      vertex 92 66 4
      vertex 98 60 4
      vertex 98 66 4
    endloop
  endfacet
  facet normal 0 0 1
    outer loop
      vertex 98 60 4
      vertex 92 66 4
      vertex 92 60 4
    endloop
  endfacet
  facet normal 1 -0 0
    outer loop
      vertex 98 60 4
      vertex 98 66 0
      vertex 98 66 4
    endloop
  endfacet
  facet normal 1 0 0
    outer loop
      vertex 98 66 0
      vertex 98 60 4
      vertex 98 60 0
    endloop
  endfacet
  facet normal 0 -1 0
    outer loop
      vertex 92 60 0
      vertex 98 60 4
      vertex 92 60 4
    endloop
  endfacet
  facet normal 0 -1 -0
    outer loop
      vertex 98 60 4
      vertex 92 60 0
      vertex 98 60 0
    endloop
  endfacet
  facet normal 0 1 -0
    outer loop
      vertex 98 66 0
      vertex 92 66 4
      vertex 98 66 4
    endloop
  endfacet
  facet normal 0 1 0
    outer loop
      vertex 92 66 4
      vertex 98 66 0
      vertex 92 66 0
    endloop
  endfacet
  facet normal -1 0 0
    outer loop
      vertex 92 108 0
      vertex 92 114 4
      vertex 92 114 0
    endloop
  endfacet
  facet normal -1 -0 0
    outer loop
      vertex 92 114 4
      vertex 92 108 0
      vertex 92 108 4
    endloop
  endfacet
  facet normal -0 0 1
    outer loop
      vertex 92 114 4
      vertex 98 108 4
      vertex 98 114 4
    endloop
  endfacet
  facet normal 0 0 1
    outer loop
      vertex 98 108 4
      vertex 92 114 4
      vertex 92 108 4
    endloop
  endfacet
  facet normal 1 -0 0
    outer loop
      vertex 98 108 4
      vertex 98 114 0
      vertex 98 114 4
    endloop
  endfacet
  facet normal 1 0 0
    outer loop
      vertex 98 114 0
      vertex 98 108 4
      vertex 98 108 0
    endloop
  endfacet
  facet normal 0 1 -0
    outer loop
      vertex 98 114 0
      vertex 92 114 4
      vertex 98 114 4
    endloop
  endfacet
  facet normal 0 1 0
    outer loop
      vertex 92 114 4
      vertex 98 114 0
      vertex 92 114 0
    endloop
  endfacet
  facet normal 0 -1 0
    outer loop
      vertex 92 108 0
      vertex 98 108 4
      vertex 92 108 4
    endloop
  endfacet
  facet normal 0 -1 -0
    outer loop
      vertex 98 108 4
      vertex 92 108 0
      vertex 98 108 0
    endloop
  endfacet
  facet normal -1 0 0
    outer loop
      vertex 113.5 60 0
      vertex 113.5 66 4
      vertex 113.5 66 0
    endloop
  endfacet
  facet normal -1 -0 0
    outer loop
      vertex 113.5 66 4
      vertex 113.5 60 0
      vertex 113.5 60 4
    endloop
  endfacet
  facet normal -0 0 1
    outer loop
      vertex 113.5 66 4
      vertex 119.5 60 4
      vertex 119.5 66 4
    endloop
  endfacet
  facet normal 0 0 1
    outer loop
      vertex 119.5 60 4
      vertex 113.5 66 4
      vertex 113.5 60 4
    endloop
  endfacet
  facet normal 1 -0 0
    outer loop
      vertex 119.5 60 4
      vertex 119.5 66 0
      vertex 119.5 66 4
    endloop
  endfacet
  facet normal 1 0 0
    outer loop
      vertex 119.5 66 0
      vertex 119.5 60 4
      vertex 119.5 60 0
    endloop
  endfacet
  facet normal 0 -1 0
    outer loop
      vertex 113.5 60 0
      vertex 119.5 60 4
      vertex 113.5 60 4
    endloop
  endfacet
  facet normal 0 -1 -0
    outer loop
      vertex 119.5 60 4
      vertex 113.5 60 0
      vertex 119.5 60 0
    endloop
  endfacet
  facet normal 0 1 -0
    outer loop
      vertex 119.5 66 0
      vertex 113.5 66 4
      vertex 119.5 66 4
    endloop
  endfacet
  facet normal 0 1 0
    outer loop
      vertex 113.5 66 4
      vertex 119.5 66 0
      vertex 113.5 66 0
    endloop
  endfacet
  facet normal -1 0 0
    outer loop
      vertex 113.5 108 0
      vertex 113.5 114 4
      vertex 113.5 114 0
    endloop
  endfacet
  facet normal -1 -0 0
    outer loop
      vertex 113.5 114 4
      vertex 113.5 108 0
      vertex 113.5 108 4
    endloop
  endfacet
  facet normal -0 0 1
    outer loop
      vertex 113.5 114 4
      vertex 119.5 108 4
      vertex 119.5 114 4
    endloop
  endfacet
  facet normal 0 0 1
    outer loop
      vertex 119.5 108 4
      vertex 113.5 114 4
      vertex 113.5 108 4
    endloop
  endfacet
  facet normal 1 -0 0
    outer loop
      vertex 119.5 108 4
      vertex 119.5 114 0
      vertex 119.5 114 4
    endloop
  endfacet
  facet normal 1 0 0
    outer loop
      vertex 119.5 114 0
      vertex 119.5 108 4
      vertex 119.5 108 0
    endloop
  endfacet
  facet normal 0 1 -0
    outer loop
      vertex 119.5 114 0
      vertex 113.5 114 4
      vertex 119.5 114 4
    endloop
  endfacet
  facet normal 0 1 0
    outer loop
      vertex 113.5 114 4
      vertex 119.5 114 0
      vertex 113.5 114 0
    endloop
  endfacet
  facet normal 0 -1 0
    outer loop
      vertex 113.5 108 0
      vertex 119.5 108 4
      vertex 113.5 108 4
    endloop
  endfacet
  facet normal 0 -1 -0
    outer loop
      vertex 119.5 108 4
      vertex 113.5 108 0
      vertex 119.5 108 0
    endloop
  endfacet
  facet normal 0 1 -0
    outer loop
      vertex 89.85 77.24 7.39999
      vertex 87.35 77.24 7.4
      vertex 89.85 77.24 7.4
    endloop
  endfacet
  facet normal 0 1 0
    outer loop
      vertex 89.85 77.24 5.79999
      vertex 89.85 77.24 7.39999
      vertex 90.85 77.24 5.79999
    endloop
  endfacet
  facet normal 0 1 0
    outer loop
      vertex 89.85 77.24 7.39999
      vertex 89.85 77.24 5.79999
      vertex 87.35 77.24 7.4
    endloop
  endfacet
  facet normal 0 1 0
    outer loop
      vertex 87.35 77.24 0
      vertex 89.85 77.24 5.79999
      vertex 89.85 77.24 0
    endloop
  endfacet
  facet normal 0 1 0
    outer loop
      vertex 89.85 77.24 5.79999
      vertex 87.35 77.24 0
      vertex 87.35 77.24 7.4
    endloop
  endfacet
  facet normal -0 0 1
    outer loop
      vertex 87.35 77.24 7.4
      vertex 89.85 71.24 7.4
      vertex 89.85 77.24 7.4
    endloop
  endfacet
  facet normal 0 0 1
    outer loop
      vertex 89.85 71.24 7.4
      vertex 87.35 77.24 7.4
      vertex 87.35 71.24 7.4
    endloop
  endfacet
  facet normal 0 -1 0
    outer loop
      vertex 87.35 71.24 7.4
      vertex 89.85 71.24 7.39999
      vertex 89.85 71.24 7.4
    endloop
  endfacet
  facet normal 0 -1 0
    outer loop
      vertex 87.35 71.24 7.4
      vertex 89.85 71.24 5.79999
      vertex 89.85 71.24 7.39999
    endloop
  endfacet
  facet normal 0 -1 0
    outer loop
      vertex 87.35 71.24 0
      vertex 89.85 71.24 5.79999
      vertex 87.35 71.24 7.4
    endloop
  endfacet
  facet normal 0 -1 -0
    outer loop
      vertex 89.85 71.24 5.79999
      vertex 87.35 71.24 0
      vertex 89.85 71.24 0
    endloop
  endfacet
  facet normal 0 -1 0
    outer loop
      vertex 89.85 71.24 7.39999
      vertex 89.85 71.24 5.79999
      vertex 90.85 71.24 5.79999
    endloop
  endfacet
  facet normal -1 0 0
    outer loop
      vertex 87.35 71.24 0
      vertex 87.35 77.24 7.4
      vertex 87.35 77.24 0
    endloop
  endfacet
  facet normal -1 -0 0
    outer loop
      vertex 87.35 77.24 7.4
      vertex 87.35 71.24 0
      vertex 87.35 71.24 7.4
    endloop
  endfacet
  facet normal 1 -0 0
    outer loop
      vertex 89.85 71.24 7.4
      vertex 89.85 77.24 7.39999
      vertex 89.85 77.24 7.4
    endloop
  endfacet
  facet normal 1 0 0
    outer loop
      vertex 89.85 77.24 7.39999
      vertex 89.85 71.24 7.4
      vertex 89.85 71.24 7.39999
    endloop
  endfacet
  facet normal 1 -0 0
    outer loop
      vertex 89.85 71.24 5.79999
      vertex 89.85 77.24 0
      vertex 89.85 77.24 5.79999
    endloop
  endfacet
  facet normal 1 0 0
    outer loop
      vertex 89.85 77.24 0
      vertex 89.85 71.24 5.79999
      vertex 89.85 71.24 0
    endloop
  endfacet
  facet normal 0 0 -1
    outer loop
      vertex 89.85 71.24 5.79999
      vertex 90.85 77.24 5.79999
      vertex 90.85 71.24 5.79999
    endloop
  endfacet
  facet normal -0 0 -1
    outer loop
      vertex 90.85 77.24 5.79999
      vertex 89.85 71.24 5.79999
      vertex 89.85 77.24 5.79999
    endloop
  endfacet
  facet normal 0.847998 -0 0.529999
    outer loop
      vertex 89.85 71.24 7.39999
      vertex 90.85 77.24 5.79999
      vertex 89.85 77.24 7.39999
    endloop
  endfacet
  facet normal 0.847998 0 0.529999
    outer loop
      vertex 90.85 77.24 5.79999
      vertex 89.85 71.24 7.39999
      vertex 90.85 71.24 5.79999
    endloop
  endfacet
  facet normal 0 -1 0
    outer loop
      vertex 121.65 71.24 7.39999
      vertex 123.25 71.24 7.4
      vertex 121.65 71.24 7.4
    endloop
  endfacet
  facet normal 0 -1 0
    outer loop
      vertex 121.65 71.24 5.79999
      vertex 121.65 71.24 7.39999
      vertex 120.85 71.24 5.79999
    endloop
  endfacet
  facet normal 0 -1 0
    outer loop
      vertex 121.65 71.24 7.39999
      vertex 121.65 71.24 5.79999
      vertex 123.25 71.24 7.4
    endloop
  endfacet
  facet normal 0 -1 0
    outer loop
      vertex 123.25 71.24 0
      vertex 121.65 71.24 5.79999
      vertex 121.65 71.24 0
    endloop
  endfacet
  facet normal 0 -1 0
    outer loop
      vertex 121.65 71.24 5.79999
      vertex 123.25 71.24 0
      vertex 123.25 71.24 7.4
    endloop
  endfacet
  facet normal -0 0 1
    outer loop
      vertex 121.65 77.24 7.4
      vertex 123.25 71.24 7.4
      vertex 123.25 77.24 7.4
    endloop
  endfacet
  facet normal 0 0 1
    outer loop
      vertex 123.25 71.24 7.4
      vertex 121.65 77.24 7.4
      vertex 121.65 71.24 7.4
    endloop
  endfacet
  facet normal 0 1 0
    outer loop
      vertex 123.25 77.24 7.4
      vertex 121.65 77.24 7.39999
      vertex 121.65 77.24 7.4
    endloop
  endfacet
  facet normal 0 1 0
    outer loop
      vertex 123.25 77.24 7.4
      vertex 121.65 77.24 5.79999
      vertex 121.65 77.24 7.39999
    endloop
  endfacet
  facet normal 0 1 -0
    outer loop
      vertex 123.25 77.24 0
      vertex 121.65 77.24 5.79999
      vertex 123.25 77.24 7.4
    endloop
  endfacet
  facet normal 0 1 0
    outer loop
      vertex 121.65 77.24 5.79999
      vertex 123.25 77.24 0
      vertex 121.65 77.24 0
    endloop
  endfacet
  facet normal 0 1 0
    outer loop
      vertex 121.65 77.24 7.39999
      vertex 121.65 77.24 5.79999
      vertex 120.85 77.24 5.79999
    endloop
  endfacet
  facet normal 1 -0 0
    outer loop
      vertex 123.25 71.24 7.4
      vertex 123.25 77.24 0
      vertex 123.25 77.24 7.4
    endloop
  endfacet
  facet normal 1 0 0
    outer loop
      vertex 123.25 77.24 0
      vertex 123.25 71.24 7.4
      vertex 123.25 71.24 0
    endloop
  endfacet
  facet normal -1 0 0
    outer loop
      vertex 121.65 71.24 7.39999
      vertex 121.65 77.24 7.4
      vertex 121.65 77.24 7.39999
    endloop
  endfacet
  facet normal -1 -0 0
    outer loop
      vertex 121.65 77.24 7.4
      vertex 121.65 71.24 7.39999
      vertex 121.65 71.24 7.4
    endloop
  endfacet
  facet normal -1 0 0
    outer loop
      vertex 121.65 71.24 0
      vertex 121.65 77.24 5.79999
      vertex 121.65 77.24 0
    endloop
  endfacet
  facet normal -1 -0 0
    outer loop
      vertex 121.65 77.24 5.79999
      vertex 121.65 71.24 0
      vertex 121.65 71.24 5.79999
    endloop
  endfacet
  facet normal 0 0 -1
    outer loop
      vertex 120.85 71.24 5.79999
      vertex 121.65 77.24 5.79999
      vertex 121.65 71.24 5.79999
    endloop
  endfacet
  facet normal -0 0 -1
    outer loop
      vertex 121.65 77.24 5.79999
      vertex 120.85 71.24 5.79999
      vertex 120.85 77.24 5.79999
    endloop
  endfacet
  facet normal -0.894427 0 0.447214
    outer loop
      vertex 120.85 71.24 5.79999
      vertex 121.65 77.24 7.39999
      vertex 120.85 77.24 5.79999
    endloop
  endfacet
  facet normal -0.894427 0 0.447214
    outer loop
      vertex 121.65 77.24 7.39999
      vertex 120.85 71.24 5.79999
      vertex 121.65 71.24 7.39999
    endloop
  endfacet
  facet normal 0 1 -0
    outer loop
      vertex 89.85 102.76 7.39999
      vertex 87.35 102.76 7.4
      vertex 89.85 102.76 7.4
    endloop
  endfacet
  facet normal 0 1 0
    outer loop
      vertex 89.85 102.76 5.79999
      vertex 89.85 102.76 7.39999
      vertex 90.85 102.76 5.79999
    endloop
  endfacet
  facet normal 0 1 0
    outer loop
      vertex 89.85 102.76 7.39999
      vertex 89.85 102.76 5.79999
      vertex 87.35 102.76 7.4
    endloop
  endfacet
  facet normal 0 1 0
    outer loop
      vertex 87.35 102.76 0
      vertex 89.85 102.76 5.79999
      vertex 89.85 102.76 0
    endloop
  endfacet
  facet normal 0 1 0
    outer loop
      vertex 89.85 102.76 5.79999
      vertex 87.35 102.76 0
      vertex 87.35 102.76 7.4
    endloop
  endfacet
  facet normal -0 0 1
    outer loop
      vertex 87.35 102.76 7.4
      vertex 89.85 96.76 7.4
      vertex 89.85 102.76 7.4
    endloop
  endfacet
  facet normal 0 0 1
    outer loop
      vertex 89.85 96.76 7.4
      vertex 87.35 102.76 7.4
      vertex 87.35 96.76 7.4
    endloop
  endfacet
  facet normal 0 -1 0
    outer loop
      vertex 87.35 96.76 7.4
      vertex 89.85 96.76 7.39999
      vertex 89.85 96.76 7.4
    endloop
  endfacet
  facet normal 0 -1 0
    outer loop
      vertex 87.35 96.76 7.4
      vertex 89.85 96.76 5.79999
      vertex 89.85 96.76 7.39999
    endloop
  endfacet
  facet normal 0 -1 0
    outer loop
      vertex 87.35 96.76 0
      vertex 89.85 96.76 5.79999
      vertex 87.35 96.76 7.4
    endloop
  endfacet
  facet normal 0 -1 -0
    outer loop
      vertex 89.85 96.76 5.79999
      vertex 87.35 96.76 0
      vertex 89.85 96.76 0
    endloop
  endfacet
  facet normal 0 -1 0
    outer loop
      vertex 89.85 96.76 7.39999
      vertex 89.85 96.76 5.79999
      vertex 90.85 96.76 5.79999
    endloop
  endfacet
  facet normal -1 0 0
    outer loop
      vertex 87.35 96.76 0
      vertex 87.35 102.76 7.4
      vertex 87.35 102.76 0
    endloop
  endfacet
  facet normal -1 -0 0
    outer loop
      vertex 87.35 102.76 7.4
      vertex 87.35 96.76 0
      vertex 87.35 96.76 7.4
    endloop
  endfacet
  facet normal 1 -0 0
    outer loop
      vertex 89.85 96.76 7.4
      vertex 89.85 102.76 7.39999
      vertex 89.85 102.76 7.4
    endloop
  endfacet
  facet normal 1 0 0
    outer loop
      vertex 89.85 102.76 7.39999
      vertex 89.85 96.76 7.4
      vertex 89.85 96.76 7.39999
    endloop
  endfacet
  facet normal 1 -0 0
    outer loop
      vertex 89.85 96.76 5.79999
      vertex 89.85 102.76 0
      vertex 89.85 102.76 5.79999
    endloop
  endfacet
  facet normal 1 0 0
    outer loop
      vertex 89.85 102.76 0
      vertex 89.85 96.76 5.79999
      vertex 89.85 96.76 0
    endloop
  endfacet
  facet normal 0 0 -1
    outer loop
      vertex 89.85 96.76 5.79999
      vertex 90.85 102.76 5.79999
      vertex 90.85 96.76 5.79999
    endloop
  endfacet
  facet normal -0 0 -1
    outer loop
      vertex 90.85 102.76 5.79999
      vertex 89.85 96.76 5.79999
      vertex 89.85 102.76 5.79999
    endloop
  endfacet
  facet normal 0.847998 -0 0.529999
    outer loop
      vertex 89.85 96.76 7.39999
      vertex 90.85 102.76 5.79999
      vertex 89.85 102.76 7.39999
    endloop
  endfacet
  facet normal 0.847998 0 0.529999
    outer loop
      vertex 90.85 102.76 5.79999
      vertex 89.85 96.76 7.39999
      vertex 90.85 96.76 5.79999
    endloop
  endfacet
  facet normal 0 -1 0
    outer loop
      vertex 121.65 96.76 7.39999
      vertex 123.25 96.76 7.4
      vertex 121.65 96.76 7.4
    endloop
  endfacet
  facet normal 0 -1 0
    outer loop
      vertex 121.65 96.76 5.79999
      vertex 121.65 96.76 7.39999
      vertex 120.85 96.76 5.79999
    endloop
  endfacet
  facet normal 0 -1 0
    outer loop
      vertex 121.65 96.76 7.39999
      vertex 121.65 96.76 5.79999
      vertex 123.25 96.76 7.4
    endloop
  endfacet
  facet normal 0 -1 0
    outer loop
      vertex 123.25 96.76 0
      vertex 121.65 96.76 5.79999
      vertex 121.65 96.76 0
    endloop
  endfacet
  facet normal 0 -1 0
    outer loop
      vertex 121.65 96.76 5.79999
      vertex 123.25 96.76 0
      vertex 123.25 96.76 7.4
    endloop
  endfacet
  facet normal -0 0 1
    outer loop
      vertex 121.65 102.76 7.4
      vertex 123.25 96.76 7.4
      vertex 123.25 102.76 7.4
    endloop
  endfacet
  facet normal 0 0 1
    outer loop
      vertex 123.25 96.76 7.4
      vertex 121.65 102.76 7.4
      vertex 121.65 96.76 7.4
    endloop
  endfacet
  facet normal 0 1 0
    outer loop
      vertex 123.25 102.76 7.4
      vertex 121.65 102.76 7.39999
      vertex 121.65 102.76 7.4
    endloop
  endfacet
  facet normal 0 1 0
    outer loop
      vertex 123.25 102.76 7.4
      vertex 121.65 102.76 5.79999
      vertex 121.65 102.76 7.39999
    endloop
  endfacet
  facet normal 0 1 -0
    outer loop
      vertex 123.25 102.76 0
      vertex 121.65 102.76 5.79999
      vertex 123.25 102.76 7.4
    endloop
  endfacet
  facet normal 0 1 0
    outer loop
      vertex 121.65 102.76 5.79999
      vertex 123.25 102.76 0
      vertex 121.65 102.76 0
    endloop
  endfacet
  facet normal 0 1 0
    outer loop
      vertex 121.65 102.76 7.39999
      vertex 121.65 102.76 5.79999
      vertex 120.85 102.76 5.79999
    endloop
  endfacet
  facet normal 1 -0 0
    outer loop
      vertex 123.25 96.76 7.4
      vertex 123.25 102.76 0
      vertex 123.25 102.76 7.4
    endloop
  endfacet
  facet normal 1 0 0
    outer loop
      vertex 123.25 102.76 0
      vertex 123.25 96.76 7.4
      vertex 123.25 96.76 0
    endloop
  endfacet
  facet normal -1 0 0
    outer loop
      vertex 121.65 96.76 7.39999
      vertex 121.65 102.76 7.4
      vertex 121.65 102.76 7.39999
    endloop
  endfacet
  facet normal -1 -0 0
    outer loop
      vertex 121.65 102.76 7.4
      vertex 121.65 96.76 7.39999
      vertex 121.65 96.76 7.4
    endloop
  endfacet
  facet normal -1 0 0
    outer loop
      vertex 121.65 96.76 0
      vertex 121.65 102.76 5.79999
      vertex 121.65 102.76 0
    endloop
  endfacet
  facet normal -1 -0 0
    outer loop
      vertex 121.65 102.76 5.79999
      vertex 121.65 96.76 0
      vertex 121.65 96.76 5.79999
    endloop
  endfacet
  facet normal 0 0 -1
    outer loop
      vertex 120.85 96.76 5.79999
      vertex 121.65 102.76 5.79999
      vertex 121.65 96.76 5.79999
    endloop
  endfacet
  facet normal -0 0 -1
    outer loop
      vertex 121.65 102.76 5.79999
      vertex 120.85 96.76 5.79999
      vertex 120.85 102.76 5.79999
    endloop
  endfacet
  facet normal -0.894427 0 0.447214
    outer loop
      vertex 120.85 96.76 5.79999
      vertex 121.65 102.76 7.39999
      vertex 120.85 102.76 5.79999
    endloop
  endfacet
  facet normal -0.894427 0 0.447214
    outer loop
      vertex 121.65 102.76 7.39999
      vertex 120.85 96.76 5.79999
      vertex 121.65 96.76 7.39999
    endloop
  endfacet
  facet normal -1 0 0
    outer loop
      vertex 97.875 55.35 0
      vertex 97.875 57.85 6.6
      vertex 97.875 57.85 0
    endloop
  endfacet
  facet normal -1 -0 0
    outer loop
      vertex 97.875 57.85 6.6
      vertex 97.875 55.35 0
      vertex 97.875 55.35 6.6
    endloop
  endfacet
  facet normal -0 0 1
    outer loop
      vertex 97.875 57.85 6.6
      vertex 113.625 55.35 6.6
      vertex 113.625 57.85 6.6
    endloop
  endfacet
  facet normal 0 0 1
    outer loop
      vertex 113.625 55.35 6.6
      vertex 97.875 57.85 6.6
      vertex 97.875 55.35 6.6
    endloop
  endfacet
  facet normal 1 -0 0
    outer loop
      vertex 113.625 55.35 6.6
      vertex 113.625 57.85 0
      vertex 113.625 57.85 6.6
    endloop
  endfacet
  facet normal 1 0 0
    outer loop
      vertex 113.625 57.85 0
      vertex 113.625 55.35 6.6
      vertex 113.625 55.35 0
    endloop
  endfacet
  facet normal 0 -1 0
    outer loop
      vertex 97.875 55.35 0
      vertex 113.625 55.35 6.6
      vertex 97.875 55.35 6.6
    endloop
  endfacet
  facet normal 0 -1 -0
    outer loop
      vertex 113.625 55.35 6.6
      vertex 97.875 55.35 0
      vertex 113.625 55.35 0
    endloop
  endfacet
  facet normal 0 1 -0
    outer loop
      vertex 113.625 57.85 0
      vertex 97.875 57.85 6.6
      vertex 113.625 57.85 6.6
    endloop
  endfacet
  facet normal 0 1 0
    outer loop
      vertex 97.875 57.85 6.6
      vertex 113.625 57.85 0
      vertex 97.875 57.85 0
    endloop
  endfacet
  facet normal -1 0 0
    outer loop
      vertex 102 8 0
      vertex 102 14 3
      vertex 102 14 0
    endloop
  endfacet
  facet normal -1 -0 0
    outer loop
      vertex 102 14 3
      vertex 102 8 0
      vertex 102 8 3
    endloop
  endfacet
  facet normal -0 0 1
    outer loop
      vertex 102 14 3
      vertex 108 8 3
      vertex 108 14 3
    endloop
  endfacet
  facet normal 0 0 1
    outer loop
      vertex 108 8 3
      vertex 102 14 3
      vertex 102 8 3
    endloop
  endfacet
  facet normal 1 -0 0
    outer loop
      vertex 108 8 3
      vertex 108 14 0
      vertex 108 14 3
    endloop
  endfacet
  facet normal 1 0 0
    outer loop
      vertex 108 14 0
      vertex 108 8 3
      vertex 108 8 0
    endloop
  endfacet
  facet normal 0 1 -0
    outer loop
      vertex 108 14 0
      vertex 102 14 3
      vertex 108 14 3
    endloop
  endfacet
  facet normal 0 1 0
    outer loop
      vertex 102 14 3
      vertex 108 14 0
      vertex 102 14 0
    endloop
  endfacet
  facet normal 0 -1 0
    outer loop
      vertex 102 8 0
      vertex 108 8 3
      vertex 102 8 3
    endloop
  endfacet
  facet normal 0 -1 -0
    outer loop
      vertex 108 8 3
      vertex 102 8 0
      vertex 108 8 0
    endloop
  endfacet
  facet normal -1 0 0
    outer loop
      vertex 102 28 0
      vertex 102 34 3
      vertex 102 34 0
    endloop
  endfacet
  facet normal -1 -0 0
    outer loop
      vertex 102 34 3
      vertex 102 28 0
      vertex 102 28 3
    endloop
  endfacet
  facet normal -0 0 1
    outer loop
      vertex 102 34 3
      vertex 108 28 3
      vertex 108 34 3
    endloop
  endfacet
  facet normal 0 0 1
    outer loop
      vertex 108 28 3
      vertex 102 34 3
      vertex 102 28 3
    endloop
  endfacet
  facet normal 1 -0 0
    outer loop
      vertex 108 28 3
      vertex 108 34 0
      vertex 108 34 3
    endloop
  endfacet
  facet normal 1 0 0
    outer loop
      vertex 108 34 0
      vertex 108 28 3
      vertex 108 28 0
    endloop
  endfacet
  facet normal 0 1 -0
    outer loop
      vertex 108 34 0
      vertex 102 34 3
      vertex 108 34 3
    endloop
  endfacet
  facet normal 0 1 0
    outer loop
      vertex 102 34 3
      vertex 108 34 0
      vertex 102 34 0
    endloop
  endfacet
  facet normal 0 -1 0
    outer loop
      vertex 102 28 0
      vertex 108 28 3
      vertex 102 28 3
    endloop
  endfacet
  facet normal 0 -1 -0
    outer loop
      vertex 108 28 3
      vertex 102 28 0
      vertex 108 28 0
    endloop
  endfacet
  facet normal -1 0 0
    outer loop
      vertex 110 8 0
      vertex 110 14 3
      vertex 110 14 0
    endloop
  endfacet
  facet normal -1 -0 0
    outer loop
      vertex 110 14 3
      vertex 110 8 0
      vertex 110 8 3
    endloop
  endfacet
  facet normal -0 0 1
    outer loop
      vertex 110 14 3
      vertex 116 8 3
      vertex 116 14 3
    endloop
  endfacet
  facet normal 0 0 1
    outer loop
      vertex 116 8 3
      vertex 110 14 3
      vertex 110 8 3
    endloop
  endfacet
  facet normal 1 -0 0
    outer loop
      vertex 116 8 3
      vertex 116 14 0
      vertex 116 14 3
    endloop
  endfacet
  facet normal 1 0 0
    outer loop
      vertex 116 14 0
      vertex 116 8 3
      vertex 116 8 0
    endloop
  endfacet
  facet normal 0 -1 0
    outer loop
      vertex 110 8 0
      vertex 116 8 3
      vertex 110 8 3
    endloop
  endfacet
  facet normal 0 -1 -0
    outer loop
      vertex 116 8 3
      vertex 110 8 0
      vertex 116 8 0
    endloop
  endfacet
  facet normal 0 1 -0
    outer loop
      vertex 116 14 0
      vertex 110 14 3
      vertex 116 14 3
    endloop
  endfacet
  facet normal 0 1 0
    outer loop
      vertex 110 14 3
      vertex 116 14 0
      vertex 110 14 0
    endloop
  endfacet
  facet normal -1 0 0
    outer loop
      vertex 110 28 0
      vertex 110 34 3
      vertex 110 34 0
    endloop
  endfacet
  facet normal -1 -0 0
    outer loop
      vertex 110 34 3
      vertex 110 28 0
      vertex 110 28 3
    endloop
  endfacet
  facet normal -0 0 1
    outer loop
      vertex 110 34 3
      vertex 116 28 3
      vertex 116 34 3
    endloop
  endfacet
  facet normal 0 0 1
    outer loop
      vertex 116 28 3
      vertex 110 34 3
      vertex 110 28 3
    endloop
  endfacet
  facet normal 1 -0 0
    outer loop
      vertex 116 28 3
      vertex 116 34 0
      vertex 116 34 3
    endloop
  endfacet
  facet normal 1 0 0
    outer loop
      vertex 116 34 0
      vertex 116 28 3
      vertex 116 28 0
    endloop
  endfacet
  facet normal 0 -1 0
    outer loop
      vertex 110 28 0
      vertex 116 28 3
      vertex 110 28 3
    endloop
  endfacet
  facet normal 0 -1 -0
    outer loop
      vertex 116 28 3
      vertex 110 28 0
      vertex 116 28 0
    endloop
  endfacet
  facet normal 0 1 -0
    outer loop
      vertex 116 34 0
      vertex 110 34 3
      vertex 116 34 3
    endloop
  endfacet
  facet normal 0 1 0
    outer loop
      vertex 110 34 3
      vertex 116 34 0
      vertex 110 34 0
    endloop
  endfacet
  facet normal 0 1 -0
    outer loop
      vertex 99.85 17.4 6.39999
      vertex 97.35 17.4 6.4
      vertex 99.85 17.4 6.4
    endloop
  endfacet
  facet normal 0 1 0
    outer loop
      vertex 99.85 17.4 4.79999
      vertex 99.85 17.4 6.39999
      vertex 100.85 17.4 4.79999
    endloop
  endfacet
  facet normal 0 1 0
    outer loop
      vertex 99.85 17.4 6.39999
      vertex 99.85 17.4 4.79999
      vertex 97.35 17.4 6.4
    endloop
  endfacet
  facet normal 0 1 0
    outer loop
      vertex 97.35 17.4 0
      vertex 99.85 17.4 4.79999
      vertex 99.85 17.4 0
    endloop
  endfacet
  facet normal 0 1 0
    outer loop
      vertex 99.85 17.4 4.79999
      vertex 97.35 17.4 0
      vertex 97.35 17.4 6.4
    endloop
  endfacet
  facet normal -0 0 1
    outer loop
      vertex 97.35 17.4 6.4
      vertex 99.85 11.4 6.4
      vertex 99.85 17.4 6.4
    endloop
  endfacet
  facet normal 0 0 1
    outer loop
      vertex 99.85 11.4 6.4
      vertex 97.35 17.4 6.4
      vertex 97.35 11.4 6.4
    endloop
  endfacet
  facet normal 0 -1 0
    outer loop
      vertex 97.35 11.4 6.4
      vertex 99.85 11.4 6.39999
      vertex 99.85 11.4 6.4
    endloop
  endfacet
  facet normal 0 -1 0
    outer loop
      vertex 97.35 11.4 6.4
      vertex 99.85 11.4 4.79999
      vertex 99.85 11.4 6.39999
    endloop
  endfacet
  facet normal 0 -1 0
    outer loop
      vertex 97.35 11.4 0
      vertex 99.85 11.4 4.79999
      vertex 97.35 11.4 6.4
    endloop
  endfacet
  facet normal 0 -1 -0
    outer loop
      vertex 99.85 11.4 4.79999
      vertex 97.35 11.4 0
      vertex 99.85 11.4 0
    endloop
  endfacet
  facet normal 0 -1 0
    outer loop
      vertex 99.85 11.4 6.39999
      vertex 99.85 11.4 4.79999
      vertex 100.85 11.4 4.79999
    endloop
  endfacet
  facet normal 1 -0 0
    outer loop
      vertex 99.85 11.4 6.4
      vertex 99.85 17.4 6.39999
      vertex 99.85 17.4 6.4
    endloop
  endfacet
  facet normal 1 0 0
    outer loop
      vertex 99.85 17.4 6.39999
      vertex 99.85 11.4 6.4
      vertex 99.85 11.4 6.39999
    endloop
  endfacet
  facet normal 1 -0 0
    outer loop
      vertex 99.85 11.4 4.79999
      vertex 99.85 17.4 0
      vertex 99.85 17.4 4.79999
    endloop
  endfacet
  facet normal 1 0 0
    outer loop
      vertex 99.85 17.4 0
      vertex 99.85 11.4 4.79999
      vertex 99.85 11.4 0
    endloop
  endfacet
  facet normal -1 0 0
    outer loop
      vertex 97.35 11.4 0
      vertex 97.35 17.4 6.4
      vertex 97.35 17.4 0
    endloop
  endfacet
  facet normal -1 -0 0
    outer loop
      vertex 97.35 17.4 6.4
      vertex 97.35 11.4 0
      vertex 97.35 11.4 6.4
    endloop
  endfacet
  facet normal 0 0 -1
    outer loop
      vertex 99.85 11.4 4.79999
      vertex 100.85 17.4 4.79999
      vertex 100.85 11.4 4.79999
    endloop
  endfacet
  facet normal -0 0 -1
    outer loop
      vertex 100.85 17.4 4.79999
      vertex 99.85 11.4 4.79999
      vertex 99.85 17.4 4.79999
    endloop
  endfacet
  facet normal 0.847998 -0 0.529999
    outer loop
      vertex 99.85 11.4 6.39999
      vertex 100.85 17.4 4.79999
      vertex 99.85 17.4 6.39999
    endloop
  endfacet
  facet normal 0.847998 0 0.529999
    outer loop
      vertex 100.85 17.4 4.79999
      vertex 99.85 11.4 6.39999
      vertex 100.85 11.4 4.79999
    endloop
  endfacet
  facet normal 0 -1 0
    outer loop
      vertex 118.15 11.4 6.39999
      vertex 119.75 11.4 6.4
      vertex 118.15 11.4 6.4
    endloop
  endfacet
  facet normal 0 -1 0
    outer loop
      vertex 118.15 11.4 4.79999
      vertex 118.15 11.4 6.39999
      vertex 117.35 11.4 4.79999
    endloop
  endfacet
  facet normal 0 -1 0
    outer loop
      vertex 118.15 11.4 6.39999
      vertex 118.15 11.4 4.79999
      vertex 119.75 11.4 6.4
    endloop
  endfacet
  facet normal 0 -1 0
    outer loop
      vertex 119.75 11.4 0
      vertex 118.15 11.4 4.79999
      vertex 118.15 11.4 0
    endloop
  endfacet
  facet normal 0 -1 0
    outer loop
      vertex 118.15 11.4 4.79999
      vertex 119.75 11.4 0
      vertex 119.75 11.4 6.4
    endloop
  endfacet
  facet normal -0 0 1
    outer loop
      vertex 118.15 17.4 6.4
      vertex 119.75 11.4 6.4
      vertex 119.75 17.4 6.4
    endloop
  endfacet
  facet normal 0 0 1
    outer loop
      vertex 119.75 11.4 6.4
      vertex 118.15 17.4 6.4
      vertex 118.15 11.4 6.4
    endloop
  endfacet
  facet normal 0 1 0
    outer loop
      vertex 119.75 17.4 6.4
      vertex 118.15 17.4 6.39999
      vertex 118.15 17.4 6.4
    endloop
  endfacet
  facet normal 0 1 0
    outer loop
      vertex 119.75 17.4 6.4
      vertex 118.15 17.4 4.79999
      vertex 118.15 17.4 6.39999
    endloop
  endfacet
  facet normal 0 1 -0
    outer loop
      vertex 119.75 17.4 0
      vertex 118.15 17.4 4.79999
      vertex 119.75 17.4 6.4
    endloop
  endfacet
  facet normal 0 1 0
    outer loop
      vertex 118.15 17.4 4.79999
      vertex 119.75 17.4 0
      vertex 118.15 17.4 0
    endloop
  endfacet
  facet normal 0 1 0
    outer loop
      vertex 118.15 17.4 6.39999
      vertex 118.15 17.4 4.79999
      vertex 117.35 17.4 4.79999
    endloop
  endfacet
  facet normal 1 -0 0
    outer loop
      vertex 119.75 11.4 6.4
      vertex 119.75 17.4 0
      vertex 119.75 17.4 6.4
    endloop
  endfacet
  facet normal 1 0 0
    outer loop
      vertex 119.75 17.4 0
      vertex 119.75 11.4 6.4
      vertex 119.75 11.4 0
    endloop
  endfacet
  facet normal -1 0 0
    outer loop
      vertex 118.15 11.4 6.39999
      vertex 118.15 17.4 6.4
      vertex 118.15 17.4 6.39999
    endloop
  endfacet
  facet normal -1 -0 0
    outer loop
      vertex 118.15 17.4 6.4
      vertex 118.15 11.4 6.39999
      vertex 118.15 11.4 6.4
    endloop
  endfacet
  facet normal -1 0 0
    outer loop
      vertex 118.15 11.4 0
      vertex 118.15 17.4 4.79999
      vertex 118.15 17.4 0
    endloop
  endfacet
  facet normal -1 -0 0
    outer loop
      vertex 118.15 17.4 4.79999
      vertex 118.15 11.4 0
      vertex 118.15 11.4 4.79999
    endloop
  endfacet
  facet normal 0 0 -1
    outer loop
      vertex 117.35 11.4 4.79999
      vertex 118.15 17.4 4.79999
      vertex 118.15 11.4 4.79999
    endloop
  endfacet
  facet normal -0 0 -1
    outer loop
      vertex 118.15 17.4 4.79999
      vertex 117.35 11.4 4.79999
      vertex 117.35 17.4 4.79999
    endloop
  endfacet
  facet normal -0.894427 0 0.447214
    outer loop
      vertex 117.35 11.4 4.79999
      vertex 118.15 17.4 6.39999
      vertex 117.35 17.4 4.79999
    endloop
  endfacet
  facet normal -0.894427 0 0.447214
    outer loop
      vertex 118.15 17.4 6.39999
      vertex 117.35 11.4 4.79999
      vertex 118.15 11.4 6.39999
    endloop
  endfacet
  facet normal 0 1 -0
    outer loop
      vertex 99.85 30.6 6.39999
      vertex 97.35 30.6 6.4
      vertex 99.85 30.6 6.4
    endloop
  endfacet
  facet normal 0 1 0
    outer loop
      vertex 99.85 30.6 4.79999
      vertex 99.85 30.6 6.39999
      vertex 100.85 30.6 4.79999
    endloop
  endfacet
  facet normal 0 1 0
    outer loop
      vertex 99.85 30.6 6.39999
      vertex 99.85 30.6 4.79999
      vertex 97.35 30.6 6.4
    endloop
  endfacet
  facet normal 0 1 0
    outer loop
      vertex 97.35 30.6 0
      vertex 99.85 30.6 4.79999
      vertex 99.85 30.6 0
    endloop
  endfacet
  facet normal 0 1 0
    outer loop
      vertex 99.85 30.6 4.79999
      vertex 97.35 30.6 0
      vertex 97.35 30.6 6.4
    endloop
  endfacet
  facet normal -0 0 1
    outer loop
      vertex 97.35 30.6 6.4
      vertex 99.85 24.6 6.4
      vertex 99.85 30.6 6.4
    endloop
  endfacet
  facet normal 0 0 1
    outer loop
      vertex 99.85 24.6 6.4
      vertex 97.35 30.6 6.4
      vertex 97.35 24.6 6.4
    endloop
  endfacet
  facet normal 0 -1 0
    outer loop
      vertex 97.35 24.6 6.4
      vertex 99.85 24.6 6.39999
      vertex 99.85 24.6 6.4
    endloop
  endfacet
  facet normal 0 -1 0
    outer loop
      vertex 97.35 24.6 6.4
      vertex 99.85 24.6 4.79999
      vertex 99.85 24.6 6.39999
    endloop
  endfacet
  facet normal 0 -1 0
    outer loop
      vertex 97.35 24.6 0
      vertex 99.85 24.6 4.79999
      vertex 97.35 24.6 6.4
    endloop
  endfacet
  facet normal 0 -1 -0
    outer loop
      vertex 99.85 24.6 4.79999
      vertex 97.35 24.6 0
      vertex 99.85 24.6 0
    endloop
  endfacet
  facet normal 0 -1 0
    outer loop
      vertex 99.85 24.6 6.39999
      vertex 99.85 24.6 4.79999
      vertex 100.85 24.6 4.79999
    endloop
  endfacet
  facet normal 1 -0 0
    outer loop
      vertex 99.85 24.6 6.4
      vertex 99.85 30.6 6.39999
      vertex 99.85 30.6 6.4
    endloop
  endfacet
  facet normal 1 0 0
    outer loop
      vertex 99.85 30.6 6.39999
      vertex 99.85 24.6 6.4
      vertex 99.85 24.6 6.39999
    endloop
  endfacet
  facet normal 1 -0 0
    outer loop
      vertex 99.85 24.6 4.79999
      vertex 99.85 30.6 0
      vertex 99.85 30.6 4.79999
    endloop
  endfacet
  facet normal 1 0 0
    outer loop
      vertex 99.85 30.6 0
      vertex 99.85 24.6 4.79999
      vertex 99.85 24.6 0
    endloop
  endfacet
  facet normal -1 0 0
    outer loop
      vertex 97.35 24.6 0
      vertex 97.35 30.6 6.4
      vertex 97.35 30.6 0
    endloop
  endfacet
  facet normal -1 -0 0
    outer loop
      vertex 97.35 30.6 6.4
      vertex 97.35 24.6 0
      vertex 97.35 24.6 6.4
    endloop
  endfacet
  facet normal 0 0 -1
    outer loop
      vertex 99.85 24.6 4.79999
      vertex 100.85 30.6 4.79999
      vertex 100.85 24.6 4.79999
    endloop
  endfacet
  facet normal -0 0 -1
    outer loop
      vertex 100.85 30.6 4.79999
      vertex 99.85 24.6 4.79999
      vertex 99.85 30.6 4.79999
    endloop
  endfacet
  facet normal 0.847998 -0 0.529999
    outer loop
      vertex 99.85 24.6 6.39999
      vertex 100.85 30.6 4.79999
      vertex 99.85 30.6 6.39999
    endloop
  endfacet
  facet normal 0.847998 0 0.529999
    outer loop
      vertex 100.85 30.6 4.79999
      vertex 99.85 24.6 6.39999
      vertex 100.85 24.6 4.79999
    endloop
  endfacet
  facet normal 0 -1 0
    outer loop
      vertex 118.15 24.6 6.39999
      vertex 119.75 24.6 6.4
      vertex 118.15 24.6 6.4
    endloop
  endfacet
  facet normal 0 -1 0
    outer loop
      vertex 118.15 24.6 4.79999
      vertex 118.15 24.6 6.39999
      vertex 117.35 24.6 4.79999
    endloop
  endfacet
  facet normal 0 -1 0
    outer loop
      vertex 118.15 24.6 6.39999
      vertex 118.15 24.6 4.79999
      vertex 119.75 24.6 6.4
    endloop
  endfacet
  facet normal 0 -1 0
    outer loop
      vertex 119.75 24.6 0
      vertex 118.15 24.6 4.79999
      vertex 118.15 24.6 0
    endloop
  endfacet
  facet normal 0 -1 0
    outer loop
      vertex 118.15 24.6 4.79999
      vertex 119.75 24.6 0
      vertex 119.75 24.6 6.4
    endloop
  endfacet
  facet normal -0 0 1
    outer loop
      vertex 118.15 30.6 6.4
      vertex 119.75 24.6 6.4
      vertex 119.75 30.6 6.4
    endloop
  endfacet
  facet normal 0 0 1
    outer loop
      vertex 119.75 24.6 6.4
      vertex 118.15 30.6 6.4
      vertex 118.15 24.6 6.4
    endloop
  endfacet
  facet normal 0 1 0
    outer loop
      vertex 119.75 30.6 6.4
      vertex 118.15 30.6 6.39999
      vertex 118.15 30.6 6.4
    endloop
  endfacet
  facet normal 0 1 0
    outer loop
      vertex 119.75 30.6 6.4
      vertex 118.15 30.6 4.79999
      vertex 118.15 30.6 6.39999
    endloop
  endfacet
  facet normal 0 1 -0
    outer loop
      vertex 119.75 30.6 0
      vertex 118.15 30.6 4.79999
      vertex 119.75 30.6 6.4
    endloop
  endfacet
  facet normal 0 1 0
    outer loop
      vertex 118.15 30.6 4.79999
      vertex 119.75 30.6 0
      vertex 118.15 30.6 0
    endloop
  endfacet
  facet normal 0 1 0
    outer loop
      vertex 118.15 30.6 6.39999
      vertex 118.15 30.6 4.79999
      vertex 117.35 30.6 4.79999
    endloop
  endfacet
  facet normal 1 -0 0
    outer loop
      vertex 119.75 24.6 6.4
      vertex 119.75 30.6 0
      vertex 119.75 30.6 6.4
    endloop
  endfacet
  facet normal 1 0 0
    outer loop
      vertex 119.75 30.6 0
      vertex 119.75 24.6 6.4
      vertex 119.75 24.6 0
    endloop
  endfacet
  facet normal -1 0 0
    outer loop
      vertex 118.15 24.6 6.39999
      vertex 118.15 30.6 6.4
      vertex 118.15 30.6 6.39999
    endloop
  endfacet
  facet normal -1 -0 0
    outer loop
      vertex 118.15 30.6 6.4
      vertex 118.15 24.6 6.39999
      vertex 118.15 24.6 6.4
    endloop
  endfacet
  facet normal -1 0 0
    outer loop
      vertex 118.15 24.6 0
      vertex 118.15 30.6 4.79999
      vertex 118.15 30.6 0
    endloop
  endfacet
  facet normal -1 -0 0
    outer loop
      vertex 118.15 30.6 4.79999
      vertex 118.15 24.6 0
      vertex 118.15 24.6 4.79999
    endloop
  endfacet
  facet normal 0 0 -1
    outer loop
      vertex 117.35 24.6 4.79999
      vertex 118.15 30.6 4.79999
      vertex 118.15 24.6 4.79999
    endloop
  endfacet
  facet normal -0 0 -1
    outer loop
      vertex 118.15 30.6 4.79999
      vertex 117.35 24.6 4.79999
      vertex 117.35 30.6 4.79999
    endloop
  endfacet
  facet normal -0.894427 0 0.447214
    outer loop
      vertex 117.35 24.6 4.79999
      vertex 118.15 30.6 6.39999
      vertex 117.35 30.6 4.79999
    endloop
  endfacet
  facet normal -0.894427 0 0.447214
    outer loop
      vertex 118.15 30.6 6.39999
      vertex 117.35 24.6 4.79999
      vertex 118.15 24.6 6.39999
    endloop
  endfacet
  facet normal -1 0 0
    outer loop
      vertex 104.5 3.35 0
      vertex 104.5 5.85 5.6
      vertex 104.5 5.85 0
    endloop
  endfacet
  facet normal -1 -0 0
    outer loop
      vertex 104.5 5.85 5.6
      vertex 104.5 3.35 0
      vertex 104.5 3.35 5.6
    endloop
  endfacet
  facet normal -0 0 1
    outer loop
      vertex 104.5 5.85 5.6
      vertex 113.5 3.35 5.6
      vertex 113.5 5.85 5.6
    endloop
  endfacet
  facet normal 0 0 1
    outer loop
      vertex 113.5 3.35 5.6
      vertex 104.5 5.85 5.6
      vertex 104.5 3.35 5.6
    endloop
  endfacet
  facet normal 1 -0 0
    outer loop
      vertex 113.5 3.35 5.6
      vertex 113.5 5.85 0
      vertex 113.5 5.85 5.6
    endloop
  endfacet
  facet normal 1 0 0
    outer loop
      vertex 113.5 5.85 0
      vertex 113.5 3.35 5.6
      vertex 113.5 3.35 0
    endloop
  endfacet
  facet normal 0 -1 0
    outer loop
      vertex 104.5 3.35 0
      vertex 113.5 3.35 5.6
      vertex 104.5 3.35 5.6
    endloop
  endfacet
  facet normal 0 -1 -0
    outer loop
      vertex 113.5 3.35 5.6
      vertex 104.5 3.35 0
      vertex 113.5 3.35 0
    endloop
  endfacet
  facet normal 0 1 -0
    outer loop
      vertex 113.5 5.85 0
      vertex 104.5 5.85 5.6
      vertex 113.5 5.85 5.6
    endloop
  endfacet
  facet normal 0 1 0
    outer loop
      vertex 104.5 5.85 5.6
      vertex 113.5 5.85 0
      vertex 104.5 5.85 0
    endloop
  endfacet
  facet normal -0 0 1
    outer loop
      vertex 104.5 38.65 5.6
      vertex 113.5 36.15 5.6
      vertex 113.5 38.65 5.6
    endloop
  endfacet
  facet normal 0 0 1
    outer loop
      vertex 113.5 36.15 5.6
      vertex 104.5 38.65 5.6
      vertex 104.5 36.15 5.6
    endloop
  endfacet
  facet normal -1 0 0
    outer loop
      vertex 104.5 36.15 0
      vertex 104.5 38.65 5.6
      vertex 104.5 38.65 0
    endloop
  endfacet
  facet normal -1 -0 0
    outer loop
      vertex 104.5 38.65 5.6
      vertex 104.5 36.15 0
      vertex 104.5 36.15 5.6
    endloop
  endfacet
  facet normal 1 -0 0
    outer loop
      vertex 113.5 36.15 5.6
      vertex 113.5 38.65 0
      vertex 113.5 38.65 5.6
    endloop
  endfacet
  facet normal 1 0 0
    outer loop
      vertex 113.5 38.65 0
      vertex 113.5 36.15 5.6
      vertex 113.5 36.15 0
    endloop
  endfacet
  facet normal 0 1 -0
    outer loop
      vertex 113.5 38.65 0
      vertex 104.5 38.65 5.6
      vertex 113.5 38.65 5.6
    endloop
  endfacet
  facet normal 0 1 0
    outer loop
      vertex 104.5 38.65 5.6
      vertex 113.5 38.65 0
      vertex 104.5 38.65 0
    endloop
  endfacet
  facet normal 0 -1 0
    outer loop
      vertex 104.5 36.15 0
      vertex 113.5 36.15 5.6
      vertex 104.5 36.15 5.6
    endloop
  endfacet
  facet normal 0 -1 -0
    outer loop
      vertex 113.5 36.15 5.6
      vertex 104.5 36.15 0
      vertex 113.5 36.15 0
    endloop
  endfacet
  facet normal -1 0 0
    outer loop
      vertex 59 5 0
      vertex 59 8 3
      vertex 59 8 0
    endloop
  endfacet
  facet normal -1 -0 0
    outer loop
      vertex 59 8 3
      vertex 59 5 0
      vertex 59 5 3
    endloop
  endfacet
  facet normal 0 0 1
    outer loop
      vertex 65 8 3
      vertex 59 8 3
      vertex 65 5 3
    endloop
  endfacet
  facet normal 0 0 1
    outer loop
      vertex 75 8 3
      vertex 69 8 3
      vertex 75 5 3
    endloop
  endfacet
  facet normal -0 0 1
    outer loop
      vertex 75 5 3
      vertex 77 0 3
      vertex 77 5 3
    endloop
  endfacet
  facet normal 0 0 1
    outer loop
      vertex 69 5 3
      vertex 75 5 3
      vertex 69 8 3
    endloop
  endfacet
  facet normal 0 0 1
    outer loop
      vertex 75 5 3
      vertex 69 5 3
      vertex 77 0 3
    endloop
  endfacet
  facet normal -0 0 1
    outer loop
      vertex 65 5 3
      vertex 77 0 3
      vertex 69 5 3
    endloop
  endfacet
  facet normal 0 0 1
    outer loop
      vertex 59 5 3
      vertex 65 5 3
      vertex 59 8 3
    endloop
  endfacet
  facet normal 0 0 1
    outer loop
      vertex 57 0 3
      vertex 65 5 3
      vertex 59 5 3
    endloop
  endfacet
  facet normal 0 0 1
    outer loop
      vertex 57 0 3
      vertex 59 5 3
      vertex 57 5 3
    endloop
  endfacet
  facet normal 0 0 1
    outer loop
      vertex 65 5 3
      vertex 57 0 3
      vertex 77 0 3
    endloop
  endfacet
  facet normal 1 -0 0
    outer loop
      vertex 65 5 3
      vertex 65 8 0
      vertex 65 8 3
    endloop
  endfacet
  facet normal 1 0 0
    outer loop
      vertex 65 8 0
      vertex 65 5 3
      vertex 65 5 0
    endloop
  endfacet
  facet normal 0 1 -0
    outer loop
      vertex 65 8 0
      vertex 59 8 3
      vertex 65 8 3
    endloop
  endfacet
  facet normal 0 1 0
    outer loop
      vertex 59 8 3
      vertex 65 8 0
      vertex 59 8 0
    endloop
  endfacet
  facet normal -1 0 0
    outer loop
      vertex 59 22 0
      vertex 59 28 3
      vertex 59 28 0
    endloop
  endfacet
  facet normal -1 -0 0
    outer loop
      vertex 59 28 3
      vertex 59 22 0
      vertex 59 22 3
    endloop
  endfacet
  facet normal -0 0 1
    outer loop
      vertex 59 28 3
      vertex 65 22 3
      vertex 65 28 3
    endloop
  endfacet
  facet normal 0 0 1
    outer loop
      vertex 65 22 3
      vertex 59 28 3
      vertex 59 22 3
    endloop
  endfacet
  facet normal 1 -0 0
    outer loop
      vertex 65 22 3
      vertex 65 28 0
      vertex 65 28 3
    endloop
  endfacet
  facet normal 1 0 0
    outer loop
      vertex 65 28 0
      vertex 65 22 3
      vertex 65 22 0
    endloop
  endfacet
  facet normal 0 1 -0
    outer loop
      vertex 65 28 0
      vertex 59 28 3
      vertex 65 28 3
    endloop
  endfacet
  facet normal 0 1 0
    outer loop
      vertex 59 28 3
      vertex 65 28 0
      vertex 59 28 0
    endloop
  endfacet
  facet normal 0 -1 0
    outer loop
      vertex 59 22 0
      vertex 65 22 3
      vertex 59 22 3
    endloop
  endfacet
  facet normal 0 -1 -0
    outer loop
      vertex 65 22 3
      vertex 59 22 0
      vertex 65 22 0
    endloop
  endfacet
  facet normal -1 0 0
    outer loop
      vertex 69 5 0
      vertex 69 8 3
      vertex 69 8 0
    endloop
  endfacet
  facet normal -1 -0 0
    outer loop
      vertex 69 8 3
      vertex 69 5 0
      vertex 69 5 3
    endloop
  endfacet
  facet normal 1 -0 0
    outer loop
      vertex 75 5 3
      vertex 75 8 0
      vertex 75 8 3
    endloop
  endfacet
  facet normal 1 0 0
    outer loop
      vertex 75 8 0
      vertex 75 5 3
      vertex 75 5 0
    endloop
  endfacet
  facet normal 0 1 -0
    outer loop
      vertex 75 8 0
      vertex 69 8 3
      vertex 75 8 3
    endloop
  endfacet
  facet normal 0 1 0
    outer loop
      vertex 69 8 3
      vertex 75 8 0
      vertex 69 8 0
    endloop
  endfacet
  facet normal -1 0 0
    outer loop
      vertex 69 22 0
      vertex 69 28 3
      vertex 69 28 0
    endloop
  endfacet
  facet normal -1 -0 0
    outer loop
      vertex 69 28 3
      vertex 69 22 0
      vertex 69 22 3
    endloop
  endfacet
  facet normal -0 0 1
    outer loop
      vertex 69 28 3
      vertex 75 22 3
      vertex 75 28 3
    endloop
  endfacet
  facet normal 0 0 1
    outer loop
      vertex 75 22 3
      vertex 69 28 3
      vertex 69 22 3
    endloop
  endfacet
  facet normal 1 -0 0
    outer loop
      vertex 75 22 3
      vertex 75 28 0
      vertex 75 28 3
    endloop
  endfacet
  facet normal 1 0 0
    outer loop
      vertex 75 28 0
      vertex 75 22 3
      vertex 75 22 0
    endloop
  endfacet
  facet normal 0 -1 0
    outer loop
      vertex 69 22 0
      vertex 75 22 3
      vertex 69 22 3
    endloop
  endfacet
  facet normal 0 -1 -0
    outer loop
      vertex 75 22 3
      vertex 69 22 0
      vertex 75 22 0
    endloop
  endfacet
  facet normal 0 1 -0
    outer loop
      vertex 75 28 0
      vertex 69 28 3
      vertex 75 28 3
    endloop
  endfacet
  facet normal 0 1 0
    outer loop
      vertex 69 28 3
      vertex 75 28 0
      vertex 69 28 0
    endloop
  endfacet
  facet normal 0 1 -0
    outer loop
      vertex 56.85 11.4 6.39999
      vertex 54.35 11.4 6.4
      vertex 56.85 11.4 6.4
    endloop
  endfacet
  facet normal 0 1 0
    outer loop
      vertex 56.85 11.4 4.79999
      vertex 56.85 11.4 6.39999
      vertex 57.85 11.4 4.79999
    endloop
  endfacet
  facet normal 0 1 0
    outer loop
      vertex 56.85 11.4 6.39999
      vertex 56.85 11.4 4.79999
      vertex 54.35 11.4 6.4
    endloop
  endfacet
  facet normal 0 1 0
    outer loop
      vertex 54.35 11.4 0
      vertex 56.85 11.4 4.79999
      vertex 56.85 11.4 0
    endloop
  endfacet
  facet normal 0 1 0
    outer loop
      vertex 56.85 11.4 4.79999
      vertex 54.35 11.4 0
      vertex 54.35 11.4 6.4
    endloop
  endfacet
  facet normal -0 0 1
    outer loop
      vertex 54.35 11.4 6.4
      vertex 56.85 5.4 6.4
      vertex 56.85 11.4 6.4
    endloop
  endfacet
  facet normal 0 0 1
    outer loop
      vertex 56.85 5.4 6.4
      vertex 54.35 11.4 6.4
      vertex 54.35 5.4 6.4
    endloop
  endfacet
  facet normal 0 -1 0
    outer loop
      vertex 54.35 5.4 6.4
      vertex 56.85 5.4 6.39999
      vertex 56.85 5.4 6.4
    endloop
  endfacet
  facet normal 0 -1 0
    outer loop
      vertex 54.35 5.4 6.4
      vertex 56.85 5.4 4.79999
      vertex 56.85 5.4 6.39999
    endloop
  endfacet
  facet normal 0 -1 0
    outer loop
      vertex 54.35 5.4 0
      vertex 56.85 5.4 4.79999
      vertex 54.35 5.4 6.4
    endloop
  endfacet
  facet normal 0 -1 -0
    outer loop
      vertex 56.85 5.4 4.79999
      vertex 54.35 5.4 0
      vertex 56.85 5.4 0
    endloop
  endfacet
  facet normal 0 -1 0
    outer loop
      vertex 56.85 5.4 6.39999
      vertex 56.85 5.4 4.79999
      vertex 57.85 5.4 4.79999
    endloop
  endfacet
  facet normal 1 -0 0
    outer loop
      vertex 56.85 5.4 6.4
      vertex 56.85 11.4 6.39999
      vertex 56.85 11.4 6.4
    endloop
  endfacet
  facet normal 1 0 0
    outer loop
      vertex 56.85 11.4 6.39999
      vertex 56.85 5.4 6.4
      vertex 56.85 5.4 6.39999
    endloop
  endfacet
  facet normal 1 -0 0
    outer loop
      vertex 56.85 5.4 4.79999
      vertex 56.85 11.4 0
      vertex 56.85 11.4 4.79999
    endloop
  endfacet
  facet normal 1 0 0
    outer loop
      vertex 56.85 11.4 0
      vertex 56.85 5.4 4.79999
      vertex 56.85 5.4 0
    endloop
  endfacet
  facet normal -1 0 0
    outer loop
      vertex 54.35 5.4 0
      vertex 54.35 11.4 6.4
      vertex 54.35 11.4 0
    endloop
  endfacet
  facet normal -1 -0 0
    outer loop
      vertex 54.35 11.4 6.4
      vertex 54.35 5.4 0
      vertex 54.35 5.4 6.4
    endloop
  endfacet
  facet normal 0 0 -1
    outer loop
      vertex 56.85 5.4 4.79999
      vertex 57.85 11.4 4.79999
      vertex 57.85 5.4 4.79999
    endloop
  endfacet
  facet normal -0 0 -1
    outer loop
      vertex 57.85 11.4 4.79999
      vertex 56.85 5.4 4.79999
      vertex 56.85 11.4 4.79999
    endloop
  endfacet
  facet normal 0.847998 -0 0.529999
    outer loop
      vertex 56.85 5.4 6.39999
      vertex 57.85 11.4 4.79999
      vertex 56.85 11.4 6.39999
    endloop
  endfacet
  facet normal 0.847998 0 0.529999
    outer loop
      vertex 57.85 11.4 4.79999
      vertex 56.85 5.4 6.39999
      vertex 57.85 5.4 4.79999
    endloop
  endfacet
  facet normal 0 -1 0
    outer loop
      vertex 77.15 5.4 6.39999
      vertex 78.75 5.4 6.4
      vertex 77.15 5.4 6.4
    endloop
  endfacet
  facet normal 0 -1 0
    outer loop
      vertex 77.15 5.4 4.79999
      vertex 77.15 5.4 6.39999
      vertex 76.35 5.4 4.79999
    endloop
  endfacet
  facet normal 0 -1 0
    outer loop
      vertex 77.15 5.4 6.39999
      vertex 77.15 5.4 4.79999
      vertex 78.75 5.4 6.4
    endloop
  endfacet
  facet normal 0 -1 0
    outer loop
      vertex 78.75 5.4 0
      vertex 77.15 5.4 4.79999
      vertex 77.15 5.4 0
    endloop
  endfacet
  facet normal 0 -1 0
    outer loop
      vertex 77.15 5.4 4.79999
      vertex 78.75 5.4 0
      vertex 78.75 5.4 6.4
    endloop
  endfacet
  facet normal -0 0 1
    outer loop
      vertex 77.15 11.4 6.4
      vertex 78.75 5.4 6.4
      vertex 78.75 11.4 6.4
    endloop
  endfacet
  facet normal 0 0 1
    outer loop
      vertex 78.75 5.4 6.4
      vertex 77.15 11.4 6.4
      vertex 77.15 5.4 6.4
    endloop
  endfacet
  facet normal 0 1 0
    outer loop
      vertex 78.75 11.4 6.4
      vertex 77.15 11.4 6.39999
      vertex 77.15 11.4 6.4
    endloop
  endfacet
  facet normal 0 1 0
    outer loop
      vertex 78.75 11.4 6.4
      vertex 77.15 11.4 4.79999
      vertex 77.15 11.4 6.39999
    endloop
  endfacet
  facet normal 0 1 -0
    outer loop
      vertex 78.75 11.4 0
      vertex 77.15 11.4 4.79999
      vertex 78.75 11.4 6.4
    endloop
  endfacet
  facet normal 0 1 0
    outer loop
      vertex 77.15 11.4 4.79999
      vertex 78.75 11.4 0
      vertex 77.15 11.4 0
    endloop
  endfacet
  facet normal 0 1 0
    outer loop
      vertex 77.15 11.4 6.39999
      vertex 77.15 11.4 4.79999
      vertex 76.35 11.4 4.79999
    endloop
  endfacet
  facet normal 1 -0 0
    outer loop
      vertex 78.75 5.4 6.4
      vertex 78.75 11.4 0
      vertex 78.75 11.4 6.4
    endloop
  endfacet
  facet normal 1 0 0
    outer loop
      vertex 78.75 11.4 0
      vertex 78.75 5.4 6.4
      vertex 78.75 5.4 0
    endloop
  endfacet
  facet normal -1 0 0
    outer loop
      vertex 77.15 5.4 6.39999
      vertex 77.15 11.4 6.4
      vertex 77.15 11.4 6.39999
    endloop
  endfacet
  facet normal -1 -0 0
    outer loop
      vertex 77.15 11.4 6.4
      vertex 77.15 5.4 6.39999
      vertex 77.15 5.4 6.4
    endloop
  endfacet
  facet normal -1 0 0
    outer loop
      vertex 77.15 5.4 0
      vertex 77.15 11.4 4.79999
      vertex 77.15 11.4 0
    endloop
  endfacet
  facet normal -1 -0 0
    outer loop
      vertex 77.15 11.4 4.79999
      vertex 77.15 5.4 0
      vertex 77.15 5.4 4.79999
    endloop
  endfacet
  facet normal 0 0 -1
    outer loop
      vertex 76.35 5.4 4.79999
      vertex 77.15 11.4 4.79999
      vertex 77.15 5.4 4.79999
    endloop
  endfacet
  facet normal -0 0 -1
    outer loop
      vertex 77.15 11.4 4.79999
      vertex 76.35 5.4 4.79999
      vertex 76.35 11.4 4.79999
    endloop
  endfacet
  facet normal -0.894427 0 0.447214
    outer loop
      vertex 76.35 5.4 4.79999
      vertex 77.15 11.4 6.39999
      vertex 76.35 11.4 4.79999
    endloop
  endfacet
  facet normal -0.894427 0 0.447214
    outer loop
      vertex 77.15 11.4 6.39999
      vertex 76.35 5.4 4.79999
      vertex 77.15 5.4 6.39999
    endloop
  endfacet
  facet normal 0 1 -0
    outer loop
      vertex 56.85 24.6 6.39999
      vertex 54.35 24.6 6.4
      vertex 56.85 24.6 6.4
    endloop
  endfacet
  facet normal 0 1 0
    outer loop
      vertex 56.85 24.6 4.79999
      vertex 56.85 24.6 6.39999
      vertex 57.85 24.6 4.79999
    endloop
  endfacet
  facet normal 0 1 0
    outer loop
      vertex 56.85 24.6 6.39999
      vertex 56.85 24.6 4.79999
      vertex 54.35 24.6 6.4
    endloop
  endfacet
  facet normal 0 1 0
    outer loop
      vertex 54.35 24.6 0
      vertex 56.85 24.6 4.79999
      vertex 56.85 24.6 0
    endloop
  endfacet
  facet normal 0 1 0
    outer loop
      vertex 56.85 24.6 4.79999
      vertex 54.35 24.6 0
      vertex 54.35 24.6 6.4
    endloop
  endfacet
  facet normal -0 0 1
    outer loop
      vertex 54.35 24.6 6.4
      vertex 56.85 18.6 6.4
      vertex 56.85 24.6 6.4
    endloop
  endfacet
  facet normal 0 0 1
    outer loop
      vertex 56.85 18.6 6.4
      vertex 54.35 24.6 6.4
      vertex 54.35 18.6 6.4
    endloop
  endfacet
  facet normal 0 -1 0
    outer loop
      vertex 54.35 18.6 6.4
      vertex 56.85 18.6 6.39999
      vertex 56.85 18.6 6.4
    endloop
  endfacet
  facet normal 0 -1 0
    outer loop
      vertex 54.35 18.6 6.4
      vertex 56.85 18.6 4.79999
      vertex 56.85 18.6 6.39999
    endloop
  endfacet
  facet normal 0 -1 0
    outer loop
      vertex 54.35 18.6 0
      vertex 56.85 18.6 4.79999
      vertex 54.35 18.6 6.4
    endloop
  endfacet
  facet normal 0 -1 -0
    outer loop
      vertex 56.85 18.6 4.79999
      vertex 54.35 18.6 0
      vertex 56.85 18.6 0
    endloop
  endfacet
  facet normal 0 -1 0
    outer loop
      vertex 56.85 18.6 6.39999
      vertex 56.85 18.6 4.79999
      vertex 57.85 18.6 4.79999
    endloop
  endfacet
  facet normal 1 -0 0
    outer loop
      vertex 56.85 18.6 6.4
      vertex 56.85 24.6 6.39999
      vertex 56.85 24.6 6.4
    endloop
  endfacet
  facet normal 1 0 0
    outer loop
      vertex 56.85 24.6 6.39999
      vertex 56.85 18.6 6.4
      vertex 56.85 18.6 6.39999
    endloop
  endfacet
  facet normal 1 -0 0
    outer loop
      vertex 56.85 18.6 4.79999
      vertex 56.85 24.6 0
      vertex 56.85 24.6 4.79999
    endloop
  endfacet
  facet normal 1 0 0
    outer loop
      vertex 56.85 24.6 0
      vertex 56.85 18.6 4.79999
      vertex 56.85 18.6 0
    endloop
  endfacet
  facet normal -1 0 0
    outer loop
      vertex 54.35 18.6 0
      vertex 54.35 24.6 6.4
      vertex 54.35 24.6 0
    endloop
  endfacet
  facet normal -1 -0 0
    outer loop
      vertex 54.35 24.6 6.4
      vertex 54.35 18.6 0
      vertex 54.35 18.6 6.4
    endloop
  endfacet
  facet normal 0 0 -1
    outer loop
      vertex 56.85 18.6 4.79999
      vertex 57.85 24.6 4.79999
      vertex 57.85 18.6 4.79999
    endloop
  endfacet
  facet normal -0 0 -1
    outer loop
      vertex 57.85 24.6 4.79999
      vertex 56.85 18.6 4.79999
      vertex 56.85 24.6 4.79999
    endloop
  endfacet
  facet normal 0.847998 -0 0.529999
    outer loop
      vertex 56.85 18.6 6.39999
      vertex 57.85 24.6 4.79999
      vertex 56.85 24.6 6.39999
    endloop
  endfacet
  facet normal 0.847998 0 0.529999
    outer loop
      vertex 57.85 24.6 4.79999
      vertex 56.85 18.6 6.39999
      vertex 57.85 18.6 4.79999
    endloop
  endfacet
  facet normal 0 -1 0
    outer loop
      vertex 77.15 18.6 6.39999
      vertex 78.75 18.6 6.4
      vertex 77.15 18.6 6.4
    endloop
  endfacet
  facet normal 0 -1 0
    outer loop
      vertex 77.15 18.6 4.79999
      vertex 77.15 18.6 6.39999
      vertex 76.35 18.6 4.79999
    endloop
  endfacet
  facet normal 0 -1 0
    outer loop
      vertex 77.15 18.6 6.39999
      vertex 77.15 18.6 4.79999
      vertex 78.75 18.6 6.4
    endloop
  endfacet
  facet normal 0 -1 0
    outer loop
      vertex 78.75 18.6 0
      vertex 77.15 18.6 4.79999
      vertex 77.15 18.6 0
    endloop
  endfacet
  facet normal 0 -1 0
    outer loop
      vertex 77.15 18.6 4.79999
      vertex 78.75 18.6 0
      vertex 78.75 18.6 6.4
    endloop
  endfacet
  facet normal -0 0 1
    outer loop
      vertex 77.15 24.6 6.4
      vertex 78.75 18.6 6.4
      vertex 78.75 24.6 6.4
    endloop
  endfacet
  facet normal 0 0 1
    outer loop
      vertex 78.75 18.6 6.4
      vertex 77.15 24.6 6.4
      vertex 77.15 18.6 6.4
    endloop
  endfacet
  facet normal 0 1 0
    outer loop
      vertex 78.75 24.6 6.4
      vertex 77.15 24.6 6.39999
      vertex 77.15 24.6 6.4
    endloop
  endfacet
  facet normal 0 1 0
    outer loop
      vertex 78.75 24.6 6.4
      vertex 77.15 24.6 4.79999
      vertex 77.15 24.6 6.39999
    endloop
  endfacet
  facet normal 0 1 -0
    outer loop
      vertex 78.75 24.6 0
      vertex 77.15 24.6 4.79999
      vertex 78.75 24.6 6.4
    endloop
  endfacet
  facet normal 0 1 0
    outer loop
      vertex 77.15 24.6 4.79999
      vertex 78.75 24.6 0
      vertex 77.15 24.6 0
    endloop
  endfacet
  facet normal 0 1 0
    outer loop
      vertex 77.15 24.6 6.39999
      vertex 77.15 24.6 4.79999
      vertex 76.35 24.6 4.79999
    endloop
  endfacet
  facet normal 1 -0 0
    outer loop
      vertex 78.75 18.6 6.4
      vertex 78.75 24.6 0
      vertex 78.75 24.6 6.4
    endloop
  endfacet
  facet normal 1 0 0
    outer loop
      vertex 78.75 24.6 0
      vertex 78.75 18.6 6.4
      vertex 78.75 18.6 0
    endloop
  endfacet
  facet normal -1 0 0
    outer loop
      vertex 77.15 18.6 6.39999
      vertex 77.15 24.6 6.4
      vertex 77.15 24.6 6.39999
    endloop
  endfacet
  facet normal -1 -0 0
    outer loop
      vertex 77.15 24.6 6.4
      vertex 77.15 18.6 6.39999
      vertex 77.15 18.6 6.4
    endloop
  endfacet
  facet normal -1 0 0
    outer loop
      vertex 77.15 18.6 0
      vertex 77.15 24.6 4.79999
      vertex 77.15 24.6 0
    endloop
  endfacet
  facet normal -1 -0 0
    outer loop
      vertex 77.15 24.6 4.79999
      vertex 77.15 18.6 0
      vertex 77.15 18.6 4.79999
    endloop
  endfacet
  facet normal 0 0 -1
    outer loop
      vertex 76.35 18.6 4.79999
      vertex 77.15 24.6 4.79999
      vertex 77.15 18.6 4.79999
    endloop
  endfacet
  facet normal -0 0 -1
    outer loop
      vertex 77.15 24.6 4.79999
      vertex 76.35 18.6 4.79999
      vertex 76.35 24.6 4.79999
    endloop
  endfacet
  facet normal -0.894427 0 0.447214
    outer loop
      vertex 76.35 18.6 4.79999
      vertex 77.15 24.6 6.39999
      vertex 76.35 24.6 4.79999
    endloop
  endfacet
  facet normal -0.894427 0 0.447214
    outer loop
      vertex 77.15 24.6 6.39999
      vertex 76.35 18.6 4.79999
      vertex 77.15 18.6 6.39999
    endloop
  endfacet
  facet normal -1 0 0
    outer loop
      vertex 60.45 -1.2 0
      vertex 60.45 0 2.5
      vertex 60.45 0 0
    endloop
  endfacet
  facet normal -1 -0 0
    outer loop
      vertex 60.45 0 2.5
      vertex 60.45 -1.2 0
      vertex 60.45 -1.2 2.5
    endloop
  endfacet
  facet normal 0 0 1
    outer loop
      vertex 73.55 0 2.5
      vertex 60.45 0 2.5
      vertex 73.55 -1.2 2.5
    endloop
  endfacet
  facet normal -0 0 1
    outer loop
      vertex 73.55 -1.2 2.5
      vertex 75.3 -2.4 2.5
      vertex 75.3 -1.2 2.5
    endloop
  endfacet
  facet normal 0 0 1
    outer loop
      vertex 60.45 -1.2 2.5
      vertex 73.55 -1.2 2.5
      vertex 60.45 0 2.5
    endloop
  endfacet
  facet normal 0 0 1
    outer loop
      vertex 73.55 -1.2 2.5
      vertex 60.45 -1.2 2.5
      vertex 75.3 -2.4 2.5
    endloop
  endfacet
  facet normal 0 0 1
    outer loop
      vertex 58.7 -2.4 2.5
      vertex 60.45 -1.2 2.5
      vertex 58.7 -1.2 2.5
    endloop
  endfacet
  facet normal 0 0 1
    outer loop
      vertex 60.45 -1.2 2.5
      vertex 58.7 -2.4 2.5
      vertex 75.3 -2.4 2.5
    endloop
  endfacet
  facet normal 1 -0 0
    outer loop
      vertex 73.55 -1.2 2.5
      vertex 73.55 0 0
      vertex 73.55 0 2.5
    endloop
  endfacet
  facet normal 1 0 0
    outer loop
      vertex 73.55 0 0
      vertex 73.55 -1.2 2.5
      vertex 73.55 -1.2 0
    endloop
  endfacet
  facet normal 0 -1 0
    outer loop
      vertex 57 0 3
      vertex 60.45 0 2.5
      vertex 77 0 3
    endloop
  endfacet
  facet normal 0 -1 0
    outer loop
      vertex 57 0 0
      vertex 60.45 0 2.5
      vertex 57 0 3
    endloop
  endfacet
  facet normal 0 -1 -0
    outer loop
      vertex 60.45 0 2.5
      vertex 57 0 0
      vertex 60.45 0 0
    endloop
  endfacet
  facet normal 0 -1 0
    outer loop
      vertex 73.55 0 2.5
      vertex 77 0 3
      vertex 60.45 0 2.5
    endloop
  endfacet
  facet normal 0 -1 0
    outer loop
      vertex 77 0 0
      vertex 73.55 0 2.5
      vertex 73.55 0 0
    endloop
  endfacet
  facet normal 0 -1 0
    outer loop
      vertex 73.55 0 2.5
      vertex 77 0 0
      vertex 77 0 3
    endloop
  endfacet
  facet normal 0 1 -0
    outer loop
      vertex 75.3 -1.2 0
      vertex 73.55 -1.2 2.5
      vertex 75.3 -1.2 2.5
    endloop
  endfacet
  facet normal 0 1 0
    outer loop
      vertex 73.55 -1.2 2.5
      vertex 75.3 -1.2 0
      vertex 73.55 -1.2 0
    endloop
  endfacet
  facet normal 0 1 -0
    outer loop
      vertex 60.45 -1.2 0
      vertex 58.7 -1.2 2.5
      vertex 60.45 -1.2 2.5
    endloop
  endfacet
  facet normal 0 1 0
    outer loop
      vertex 58.7 -1.2 2.5
      vertex 60.45 -1.2 0
      vertex 58.7 -1.2 0
    endloop
  endfacet
  facet normal -1 0 0
    outer loop
      vertex 58.7 -2.4 0
      vertex 58.7 -1.2 2.5
      vertex 58.7 -1.2 0
    endloop
  endfacet
  facet normal -1 -0 0
    outer loop
      vertex 58.7 -1.2 2.5
      vertex 58.7 -2.4 0
      vertex 58.7 -2.4 2.5
    endloop
  endfacet
  facet normal 1 -0 0
    outer loop
      vertex 75.3 -2.4 2.5
      vertex 75.3 -1.2 0
      vertex 75.3 -1.2 2.5
    endloop
  endfacet
  facet normal 1 0 0
    outer loop
      vertex 75.3 -1.2 0
      vertex 75.3 -2.4 2.5
      vertex 75.3 -2.4 0
    endloop
  endfacet
  facet normal 0 -1 0
    outer loop
      vertex 0.599999 -2.4 -2.4
      vertex 58.7 -2.4 0
      vertex 0.599999 -2.4 0
    endloop
  endfacet
  facet normal 0 -1 -0
    outer loop
      vertex 58.7 -2.4 0
      vertex 0.599999 -2.4 -2.4
      vertex 75.3 -2.4 0
    endloop
  endfacet
  facet normal 0 -1 0
    outer loop
      vertex 133.4 -2.4 -2.4
      vertex 75.3 -2.4 0
      vertex 0.599999 -2.4 -2.4
    endloop
  endfacet
  facet normal 0 -1 0
    outer loop
      vertex 75.3 -2.4 0
      vertex 133.4 -2.4 -2.4
      vertex 133.4 -2.4 0
    endloop
  endfacet
  facet normal 0 -1 0
    outer loop
      vertex 58.7 -2.4 0
      vertex 75.3 -2.4 2.5
      vertex 58.7 -2.4 2.5
    endloop
  endfacet
  facet normal 0 -1 -0
    outer loop
      vertex 75.3 -2.4 2.5
      vertex 58.7 -2.4 0
      vertex 75.3 -2.4 0
    endloop
  endfacet
  facet normal -1 0 0
    outer loop
      vertex 57 0 0
      vertex 57 5 3
      vertex 57 5 0
    endloop
  endfacet
  facet normal -1 -0 0
    outer loop
      vertex 57 5 3
      vertex 57 0 0
      vertex 57 0 3
    endloop
  endfacet
  facet normal 1 -0 0
    outer loop
      vertex 77 0 3
      vertex 77 5 0
      vertex 77 5 3
    endloop
  endfacet
  facet normal 1 0 0
    outer loop
      vertex 77 5 0
      vertex 77 0 3
      vertex 77 0 0
    endloop
  endfacet
  facet normal 0 1 -0
    outer loop
      vertex 77 5 0
      vertex 75 5 3
      vertex 77 5 3
    endloop
  endfacet
  facet normal 0 1 0
    outer loop
      vertex 75 5 3
      vertex 77 5 0
      vertex 75 5 0
    endloop
  endfacet
  facet normal 0 1 -0
    outer loop
      vertex 59 5 0
      vertex 57 5 3
      vertex 59 5 3
    endloop
  endfacet
  facet normal 0 1 0
    outer loop
      vertex 57 5 3
      vertex 59 5 0
      vertex 57 5 0
    endloop
  endfacet
  facet normal 0 1 -0
    outer loop
      vertex 69 5 0
      vertex 65 5 3
      vertex 69 5 3
    endloop
  endfacet
  facet normal 0 1 0
    outer loop
      vertex 65 5 3
      vertex 69 5 0
      vertex 65 5 0
    endloop
  endfacet
  facet normal 0.0581772 -0.998306 0
    outer loop
      vertex 133.4 -2.4 -2.4
      vertex 133.748 -2.37972 0
      vertex 133.4 -2.4 0
    endloop
  endfacet
  facet normal 0.0581772 -0.998306 0
    outer loop
      vertex 133.748 -2.37972 0
      vertex 133.4 -2.4 -2.4
      vertex 133.748 -2.37972 -2.4
    endloop
  endfacet
  facet normal 0.173464 -0.98484 0
    outer loop
      vertex 133.748 -2.37972 -2.4
      vertex 134.092 -2.31913 0
      vertex 133.748 -2.37972 0
    endloop
  endfacet
  facet normal 0.173464 -0.98484 0
    outer loop
      vertex 134.092 -2.31913 0
      vertex 133.748 -2.37972 -2.4
      vertex 134.092 -2.31913 -2.4
    endloop
  endfacet
  facet normal -0.0573304 0.998355 0
    outer loop
      vertex 0.599999 118.4 -2.4
      vertex 0.251718 118.38 0
      vertex 0.599999 118.4 0
    endloop
  endfacet
  facet normal -0.0573304 0.998355 0
    outer loop
      vertex 0.251718 118.38 0
      vertex 0.599999 118.4 -2.4
      vertex 0.251718 118.38 -2.4
    endloop
  endfacet
  facet normal 0.0879496 0.996125 -0
    outer loop
      vertex 133.921 118.354 -2.4
      vertex 133.4 118.4 0
      vertex 133.921 118.354 0
    endloop
  endfacet
  facet normal 0.0879496 0.996125 0
    outer loop
      vertex 133.4 118.4 0
      vertex 133.921 118.354 -2.4
      vertex 133.4 118.4 -2.4
    endloop
  endfacet
  facet normal -0.835071 0.550142 0
    outer loop
      vertex -1.99808 116.9 -2.4
      vertex -1.80637 117.191 0
      vertex -1.80637 117.191 -2.4
    endloop
  endfacet
  facet normal -0.835071 0.550142 0
    outer loop
      vertex -1.80637 117.191 0
      vertex -1.99808 116.9 -2.4
      vertex -1.99808 116.9 0
    endloop
  endfacet
  facet normal 0 1 -0
    outer loop
      vertex 133.4 118.4 -2.4
      vertex 111.55 118.4 0
      vertex 133.4 118.4 0
    endloop
  endfacet
  facet normal 0 1 0
    outer loop
      vertex 111.55 118.4 0
      vertex 133.4 118.4 -2.4
      vertex 99.95 118.4 0
    endloop
  endfacet
  facet normal 0 1 0
    outer loop
      vertex 0.599999 118.4 -2.4
      vertex 99.95 118.4 0
      vertex 133.4 118.4 -2.4
    endloop
  endfacet
  facet normal 0 1 0
    outer loop
      vertex 99.95 118.4 0
      vertex 0.599999 118.4 -2.4
      vertex 0.599999 118.4 0
    endloop
  endfacet
  facet normal -0.998309 -0.0581304 0
    outer loop
      vertex -2.37972 0.251718 -2.4
      vertex -2.4 0.599999 0
      vertex -2.4 0.599999 -2.4
    endloop
  endfacet
  facet normal -0.998309 -0.0581304 0
    outer loop
      vertex -2.4 0.599999 0
      vertex -2.37972 0.251718 -2.4
      vertex -2.37972 0.251718 0
    endloop
  endfacet
  facet normal -1 0 0
    outer loop
      vertex -2.4 0.599999 -2.4
      vertex -2.4 115.4 0
      vertex -2.4 115.4 -2.4
    endloop
  endfacet
  facet normal -1 -0 0
    outer loop
      vertex -2.4 115.4 0
      vertex -2.4 0.599999 -2.4
      vertex -2.4 0.599999 0
    endloop
  endfacet
  facet normal -0.342003 -0.939699 0
    outer loop
      vertex -0.588232 -2.15465 -2.4
      vertex -0.260412 -2.27396 0
      vertex -0.588232 -2.15465 0
    endloop
  endfacet
  facet normal -0.342003 -0.939699 -0
    outer loop
      vertex -0.260412 -2.27396 0
      vertex -0.588232 -2.15465 -2.4
      vertex -0.260412 -2.27396 -2.4
    endloop
  endfacet
  facet normal 1 -0 0
    outer loop
      vertex 136.4 0.599999 0
      vertex 136.4 115.4 -2.4
      vertex 136.4 115.4 0
    endloop
  endfacet
  facet normal 1 0 0
    outer loop
      vertex 136.4 115.4 -2.4
      vertex 136.4 0.599999 0
      vertex 136.4 0.599999 -2.4
    endloop
  endfacet
  facet normal 0.728284 0.685275 0
    outer loop
      vertex 135.698 117.328 0
      vertex 135.459 117.582 -2.4
      vertex 135.459 117.582 0
    endloop
  endfacet
  facet normal 0.728284 0.685275 0
    outer loop
      vertex 135.459 117.582 -2.4
      vertex 135.698 117.328 0
      vertex 135.698 117.328 -2.4
    endloop
  endfacet
  facet normal 0.449503 0.893279 -0
    outer loop
      vertex 134.9 117.998 -2.4
      vertex 134.588 118.155 0
      vertex 134.9 117.998 0
    endloop
  endfacet
  facet normal 0.449503 0.893279 0
    outer loop
      vertex 134.588 118.155 0
      vertex 134.9 117.998 -2.4
      vertex 134.588 118.155 -2.4
    endloop
  endfacet
  facet normal -0.766916 0.641748 0
    outer loop
      vertex -1.80637 117.191 -2.4
      vertex -1.58211 117.459 0
      vertex -1.58211 117.459 -2.4
    endloop
  endfacet
  facet normal -0.766916 0.641748 0
    outer loop
      vertex -1.58211 117.459 0
      vertex -1.80637 117.191 -2.4
      vertex -1.80637 117.191 0
    endloop
  endfacet
  facet normal -0.996195 0.0871527 0
    outer loop
      vertex -2.4 115.4 -2.4
      vertex -2.35442 115.921 0
      vertex -2.35442 115.921 -2.4
    endloop
  endfacet
  facet normal -0.996195 0.0871527 0
    outer loop
      vertex -2.35442 115.921 0
      vertex -2.4 115.4 -2.4
      vertex -2.4 115.4 0
    endloop
  endfacet
  facet normal -0.642791 -0.766041 0
    outer loop
      vertex -1.45873 -1.58211 -2.4
      vertex -1.19147 -1.80637 0
      vertex -1.45873 -1.58211 0
    endloop
  endfacet
  facet normal -0.642791 -0.766041 -0
    outer loop
      vertex -1.19147 -1.80637 0
      vertex -1.45873 -1.58211 -2.4
      vertex -1.19147 -1.80637 -2.4
    endloop
  endfacet
  facet normal -0.087161 -0.996194 0
    outer loop
      vertex 0.0790491 -2.35442 -2.4
      vertex 0.599999 -2.4 0
      vertex 0.0790491 -2.35442 0
    endloop
  endfacet
  facet normal -0.087161 -0.996194 -0
    outer loop
      vertex 0.599999 -2.4 0
      vertex 0.0790491 -2.35442 -2.4
      vertex 0.599999 -2.4 -2.4
    endloop
  endfacet
  facet normal 0.766408 -0.642354 0
    outer loop
      vertex 135.582 -1.45873 0
      vertex 135.806 -1.19147 -2.4
      vertex 135.806 -1.19147 0
    endloop
  endfacet
  facet normal 0.766408 -0.642354 0
    outer loop
      vertex 135.806 -1.19147 -2.4
      vertex 135.582 -1.45873 0
      vertex 135.582 -1.45873 -2.4
    endloop
  endfacet
  facet normal 0.229679 0.973266 -0
    outer loop
      vertex 134.26 118.274 -2.4
      vertex 133.921 118.354 0
      vertex 134.26 118.274 0
    endloop
  endfacet
  facet normal 0.229679 0.973266 0
    outer loop
      vertex 133.921 118.354 0
      vertex 134.26 118.274 -2.4
      vertex 133.921 118.354 -2.4
    endloop
  endfacet
  facet normal -0.50122 0.86532 0
    outer loop
      vertex -0.746405 118.081 -2.4
      vertex -1.04853 117.906 0
      vertex -0.746405 118.081 0
    endloop
  endfacet
  facet normal -0.50122 0.86532 0
    outer loop
      vertex -1.04853 117.906 0
      vertex -0.746405 118.081 -2.4
      vertex -1.04853 117.906 -2.4
    endloop
  endfacet
  facet normal -0.97297 0.23093 0
    outer loop
      vertex -2.35442 115.921 -2.4
      vertex -2.27396 116.26 0
      vertex -2.27396 116.26 -2.4
    endloop
  endfacet
  facet normal -0.97297 0.23093 0
    outer loop
      vertex -2.27396 116.26 0
      vertex -2.35442 115.921 -2.4
      vertex -2.35442 115.921 0
    endloop
  endfacet
  facet normal -0.549523 -0.835478 0
    outer loop
      vertex -1.19147 -1.80637 -2.4
      vertex -0.9 -1.99808 0
      vertex -1.19147 -1.80637 0
    endloop
  endfacet
  facet normal -0.549523 -0.835478 -0
    outer loop
      vertex -0.9 -1.99808 0
      vertex -1.19147 -1.80637 -2.4
      vertex -0.9 -1.99808 -2.4
    endloop
  endfacet
  facet normal -0.448786 -0.893639 0
    outer loop
      vertex -0.9 -1.99808 -2.4
      vertex -0.588232 -2.15465 0
      vertex -0.9 -1.99808 0
    endloop
  endfacet
  facet normal -0.448786 -0.893639 -0
    outer loop
      vertex -0.588232 -2.15465 0
      vertex -0.9 -1.99808 -2.4
      vertex -0.588232 -2.15465 -2.4
    endloop
  endfacet
  facet normal 0 0 -1
    outer loop
      vertex 128.207 4.34504 -2.4
      vertex 5.793 4.34504 -2.4
      vertex 128.375 4.6493 -2.4
    endloop
  endfacet
  facet normal 0 0 -1
    outer loop
      vertex 128.576 111.067 -2.4
      vertex 6.08051 112.653 -2.4
      vertex 6.1 113 -2.4
    endloop
  endfacet
  facet normal 0 0 -1
    outer loop
      vertex 5.62484 4.6493 -2.4
      vertex 128.375 4.6493 -2.4
      vertex 5.793 4.34504 -2.4
    endloop
  endfacet
  facet normal 0 0 -1
    outer loop
      vertex 128.576 111.067 -2.4
      vertex 6.02228 112.31 -2.4
      vertex 6.08051 112.653 -2.4
    endloop
  endfacet
  facet normal 0 0 -1
    outer loop
      vertex 128.375 4.6493 -2.4
      vertex 5.62484 4.6493 -2.4
      vertex 128.576 4.93282 -2.4
    endloop
  endfacet
  facet normal 0 0 -1
    outer loop
      vertex 128.576 111.067 -2.4
      vertex 5.92604 111.976 -2.4
      vertex 6.02228 112.31 -2.4
    endloop
  endfacet
  facet normal 0 0 -1
    outer loop
      vertex 5.42368 4.93282 -2.4
      vertex 128.576 4.93282 -2.4
      vertex 5.62484 4.6493 -2.4
    endloop
  endfacet
  facet normal 0 0 -1
    outer loop
      vertex 128.576 111.067 -2.4
      vertex 5.793 111.655 -2.4
      vertex 5.92604 111.976 -2.4
    endloop
  endfacet
  facet normal 0 0 -1
    outer loop
      vertex 128.576 4.93282 -2.4
      vertex 5.42368 4.93282 -2.4
      vertex 128.576 111.067 -2.4
    endloop
  endfacet
  facet normal 0 0 -1
    outer loop
      vertex 128.576 111.067 -2.4
      vertex 5.62484 111.351 -2.4
      vertex 5.793 111.655 -2.4
    endloop
  endfacet
  facet normal 0 0 -1
    outer loop
      vertex 5.42368 111.067 -2.4
      vertex 128.576 111.067 -2.4
      vertex 5.42368 4.93282 -2.4
    endloop
  endfacet
  facet normal 0 0 -1
    outer loop
      vertex 128.576 111.067 -2.4
      vertex 5.42368 111.067 -2.4
      vertex 5.62484 111.351 -2.4
    endloop
  endfacet
  facet normal 0 0 -1
    outer loop
      vertex 5.19203 5.19203 -2.4
      vertex 5.42368 111.067 -2.4
      vertex 5.42368 4.93282 -2.4
    endloop
  endfacet
  facet normal 0 0 -1
    outer loop
      vertex 5.19203 5.19203 -2.4
      vertex 5.19203 110.808 -2.4
      vertex 5.42368 111.067 -2.4
    endloop
  endfacet
  facet normal 0 0 -1
    outer loop
      vertex 4.93282 5.42368 -2.4
      vertex 5.19203 110.808 -2.4
      vertex 5.19203 5.19203 -2.4
    endloop
  endfacet
  facet normal 0 0 -1
    outer loop
      vertex 4.93282 5.42368 -2.4
      vertex 4.93282 110.576 -2.4
      vertex 5.19203 110.808 -2.4
    endloop
  endfacet
  facet normal 0 0 -1
    outer loop
      vertex 4.6493 5.62484 -2.4
      vertex 4.93282 110.576 -2.4
      vertex 4.93282 5.42368 -2.4
    endloop
  endfacet
  facet normal 0 0 -1
    outer loop
      vertex 4.6493 5.62484 -2.4
      vertex 4.6493 110.375 -2.4
      vertex 4.93282 110.576 -2.4
    endloop
  endfacet
  facet normal 0 0 -1
    outer loop
      vertex 4.34504 5.793 -2.4
      vertex 4.6493 110.375 -2.4
      vertex 4.6493 5.62484 -2.4
    endloop
  endfacet
  facet normal 0 0 -1
    outer loop
      vertex 4.34504 5.793 -2.4
      vertex 4.34504 110.207 -2.4
      vertex 4.6493 110.375 -2.4
    endloop
  endfacet
  facet normal 0 0 -1
    outer loop
      vertex 4.02386 5.92604 -2.4
      vertex 4.34504 110.207 -2.4
      vertex 4.34504 5.793 -2.4
    endloop
  endfacet
  facet normal 0 0 -1
    outer loop
      vertex 4.02386 5.92604 -2.4
      vertex 4.02386 110.074 -2.4
      vertex 4.34504 110.207 -2.4
    endloop
  endfacet
  facet normal 0 0 -1
    outer loop
      vertex 3.68981 6.02228 -2.4
      vertex 4.02386 110.074 -2.4
      vertex 4.02386 5.92604 -2.4
    endloop
  endfacet
  facet normal 0 0 -1
    outer loop
      vertex 3.68981 6.02228 -2.4
      vertex 3.68981 109.978 -2.4
      vertex 4.02386 110.074 -2.4
    endloop
  endfacet
  facet normal 0 0 -1
    outer loop
      vertex 3.34709 6.08051 -2.4
      vertex 3.68981 109.978 -2.4
      vertex 3.68981 6.02228 -2.4
    endloop
  endfacet
  facet normal 0 0 -1
    outer loop
      vertex 3.34709 6.08051 -2.4
      vertex 3.34709 109.919 -2.4
      vertex 3.68981 109.978 -2.4
    endloop
  endfacet
  facet normal 0 0 -1
    outer loop
      vertex 3 6.1 -2.4
      vertex 3.34709 109.919 -2.4
      vertex 3.34709 6.08051 -2.4
    endloop
  endfacet
  facet normal 0 0 -1
    outer loop
      vertex 3 6.1 -2.4
      vertex 3 109.9 -2.4
      vertex 3.34709 109.919 -2.4
    endloop
  endfacet
  facet normal 0 0 -1
    outer loop
      vertex 2.65291 6.08051 -2.4
      vertex 3 109.9 -2.4
      vertex 3 6.1 -2.4
    endloop
  endfacet
  facet normal 0 0 -1
    outer loop
      vertex 2.65291 6.08051 -2.4
      vertex 2.65291 109.919 -2.4
      vertex 3 109.9 -2.4
    endloop
  endfacet
  facet normal 0 0 -1
    outer loop
      vertex 2.31019 6.02228 -2.4
      vertex 2.65291 109.919 -2.4
      vertex 2.65291 6.08051 -2.4
    endloop
  endfacet
  facet normal 0 0 -1
    outer loop
      vertex 2.31019 6.02228 -2.4
      vertex 2.31019 109.978 -2.4
      vertex 2.65291 109.919 -2.4
    endloop
  endfacet
  facet normal 0 0 -1
    outer loop
      vertex 1.97614 5.92604 -2.4
      vertex 2.31019 109.978 -2.4
      vertex 2.31019 6.02228 -2.4
    endloop
  endfacet
  facet normal 0 0 -1
    outer loop
      vertex 1.97614 5.92604 -2.4
      vertex 1.97614 110.074 -2.4
      vertex 2.31019 109.978 -2.4
    endloop
  endfacet
  facet normal 0 0 -1
    outer loop
      vertex 1.65496 5.793 -2.4
      vertex 1.97614 110.074 -2.4
      vertex 1.97614 5.92604 -2.4
    endloop
  endfacet
  facet normal 0 0 -1
    outer loop
      vertex 1.65496 5.793 -2.4
      vertex 1.65496 110.207 -2.4
      vertex 1.97614 110.074 -2.4
    endloop
  endfacet
  facet normal 0 0 -1
    outer loop
      vertex 1.3507 5.62484 -2.4
      vertex 1.65496 110.207 -2.4
      vertex 1.65496 5.793 -2.4
    endloop
  endfacet
  facet normal 0 0 -1
    outer loop
      vertex 1.3507 5.62484 -2.4
      vertex 1.3507 110.375 -2.4
      vertex 1.65496 110.207 -2.4
    endloop
  endfacet
  facet normal 0 0 -1
    outer loop
      vertex 1.06718 5.42368 -2.4
      vertex 1.3507 110.375 -2.4
      vertex 1.3507 5.62484 -2.4
    endloop
  endfacet
  facet normal 0 0 -1
    outer loop
      vertex 1.06718 5.42368 -2.4
      vertex 1.06718 110.576 -2.4
      vertex 1.3507 110.375 -2.4
    endloop
  endfacet
  facet normal 0 0 -1
    outer loop
      vertex 0.807969 5.19203 -2.4
      vertex 1.06718 110.576 -2.4
      vertex 1.06718 5.42368 -2.4
    endloop
  endfacet
  facet normal 0 0 -1
    outer loop
      vertex 0.807969 5.19203 -2.4
      vertex 0.807969 110.808 -2.4
      vertex 1.06718 110.576 -2.4
    endloop
  endfacet
  facet normal 0 0 -1
    outer loop
      vertex 0.576323 4.93282 -2.4
      vertex 0.807969 110.808 -2.4
      vertex 0.807969 5.19203 -2.4
    endloop
  endfacet
  facet normal 0 0 -1
    outer loop
      vertex 0.576323 4.93282 -2.4
      vertex 0.576323 111.067 -2.4
      vertex 0.807969 110.808 -2.4
    endloop
  endfacet
  facet normal 0 0 -1
    outer loop
      vertex 0.375155 4.6493 -2.4
      vertex 0.576323 111.067 -2.4
      vertex 0.576323 4.93282 -2.4
    endloop
  endfacet
  facet normal 0 0 -1
    outer loop
      vertex 0.375155 4.6493 -2.4
      vertex 0.375155 111.351 -2.4
      vertex 0.576323 111.067 -2.4
    endloop
  endfacet
  facet normal 0 0 -1
    outer loop
      vertex -2.4 0.599999 -2.4
      vertex 0.375155 4.6493 -2.4
      vertex 0.206997 4.34504 -2.4
    endloop
  endfacet
  facet normal -0 0 -1
    outer loop
      vertex 0.375155 4.6493 -2.4
      vertex -2.4 0.599999 -2.4
      vertex 0.375155 111.351 -2.4
    endloop
  endfacet
  facet normal 0 0 -1
    outer loop
      vertex -2.4 0.599999 -2.4
      vertex 0.206997 4.34504 -2.4
      vertex 0.0739622 4.02386 -2.4
    endloop
  endfacet
  facet normal 0 0 -1
    outer loop
      vertex -2.4 115.4 -2.4
      vertex 0.375155 111.351 -2.4
      vertex -2.4 0.599999 -2.4
    endloop
  endfacet
  facet normal 0 0 -1
    outer loop
      vertex -2.4 0.599999 -2.4
      vertex 0.0739622 4.02386 -2.4
      vertex -0.0222759 3.68981 -2.4
    endloop
  endfacet
  facet normal 0 0 -1
    outer loop
      vertex 0.375155 111.351 -2.4
      vertex -2.4 115.4 -2.4
      vertex 0.206997 111.655 -2.4
    endloop
  endfacet
  facet normal 0 0 -1
    outer loop
      vertex -2.4 0.599999 -2.4
      vertex -0.0222759 3.68981 -2.4
      vertex -0.0805073 3.34709 -2.4
    endloop
  endfacet
  facet normal 0 0 -1
    outer loop
      vertex 0.206997 111.655 -2.4
      vertex -2.4 115.4 -2.4
      vertex 0.0739622 111.976 -2.4
    endloop
  endfacet
  facet normal 0 0 -1
    outer loop
      vertex -2.4 0.599999 -2.4
      vertex -0.0805073 3.34709 -2.4
      vertex -0.0999994 3 -2.4
    endloop
  endfacet
  facet normal 0 0 -1
    outer loop
      vertex 0.0739622 111.976 -2.4
      vertex -2.4 115.4 -2.4
      vertex -0.0222759 112.31 -2.4
    endloop
  endfacet
  facet normal 0 0 -1
    outer loop
      vertex 133.926 4.02386 -2.4
      vertex 136.4 0.599999 -2.4
      vertex 134.022 3.68981 -2.4
    endloop
  endfacet
  facet normal 0 0 -1
    outer loop
      vertex 136.4 115.4 -2.4
      vertex 134.081 112.653 -2.4
      vertex 134.1 113 -2.4
    endloop
  endfacet
  facet normal 0 0 -1
    outer loop
      vertex 133.793 4.34504 -2.4
      vertex 136.4 0.599999 -2.4
      vertex 133.926 4.02386 -2.4
    endloop
  endfacet
  facet normal 0 0 -1
    outer loop
      vertex 136.4 115.4 -2.4
      vertex 134.022 112.31 -2.4
      vertex 134.081 112.653 -2.4
    endloop
  endfacet
  facet normal 0 0 -1
    outer loop
      vertex 133.625 4.6493 -2.4
      vertex 136.4 0.599999 -2.4
      vertex 133.793 4.34504 -2.4
    endloop
  endfacet
  facet normal 0 0 -1
    outer loop
      vertex 136.4 115.4 -2.4
      vertex 133.926 111.976 -2.4
      vertex 134.022 112.31 -2.4
    endloop
  endfacet
  facet normal 0 0 -1
    outer loop
      vertex 136.4 0.599999 -2.4
      vertex 133.625 4.6493 -2.4
      vertex 136.4 115.4 -2.4
    endloop
  endfacet
  facet normal 0 0 -1
    outer loop
      vertex 136.4 115.4 -2.4
      vertex 133.793 111.655 -2.4
      vertex 133.926 111.976 -2.4
    endloop
  endfacet
  facet normal 0 0 -1
    outer loop
      vertex 133.625 111.351 -2.4
      vertex 136.4 115.4 -2.4
      vertex 133.625 4.6493 -2.4
    endloop
  endfacet
  facet normal 0 0 -1
    outer loop
      vertex 136.4 115.4 -2.4
      vertex 133.625 111.351 -2.4
      vertex 133.793 111.655 -2.4
    endloop
  endfacet
  facet normal 0 0 -1
    outer loop
      vertex 133.424 4.93282 -2.4
      vertex 133.625 111.351 -2.4
      vertex 133.625 4.6493 -2.4
    endloop
  endfacet
  facet normal 0 0 -1
    outer loop
      vertex 133.424 4.93282 -2.4
      vertex 133.424 111.067 -2.4
      vertex 133.625 111.351 -2.4
    endloop
  endfacet
  facet normal 0 0 -1
    outer loop
      vertex 133.192 5.19203 -2.4
      vertex 133.424 111.067 -2.4
      vertex 133.424 4.93282 -2.4
    endloop
  endfacet
  facet normal 0 0 -1
    outer loop
      vertex 133.192 5.19203 -2.4
      vertex 133.192 110.808 -2.4
      vertex 133.424 111.067 -2.4
    endloop
  endfacet
  facet normal 0 0 -1
    outer loop
      vertex 132.933 5.42368 -2.4
      vertex 133.192 110.808 -2.4
      vertex 133.192 5.19203 -2.4
    endloop
  endfacet
  facet normal 0 0 -1
    outer loop
      vertex 132.933 5.42368 -2.4
      vertex 132.933 110.576 -2.4
      vertex 133.192 110.808 -2.4
    endloop
  endfacet
  facet normal 0 0 -1
    outer loop
      vertex 132.649 5.62484 -2.4
      vertex 132.933 110.576 -2.4
      vertex 132.933 5.42368 -2.4
    endloop
  endfacet
  facet normal 0 0 -1
    outer loop
      vertex 132.649 5.62484 -2.4
      vertex 132.649 110.375 -2.4
      vertex 132.933 110.576 -2.4
    endloop
  endfacet
  facet normal 0 0 -1
    outer loop
      vertex 132.345 5.793 -2.4
      vertex 132.649 110.375 -2.4
      vertex 132.649 5.62484 -2.4
    endloop
  endfacet
  facet normal 0 0 -1
    outer loop
      vertex 132.345 5.793 -2.4
      vertex 132.345 110.207 -2.4
      vertex 132.649 110.375 -2.4
    endloop
  endfacet
  facet normal 0 0 -1
    outer loop
      vertex 132.024 5.92604 -2.4
      vertex 132.345 110.207 -2.4
      vertex 132.345 5.793 -2.4
    endloop
  endfacet
  facet normal 0 0 -1
    outer loop
      vertex 132.024 5.92604 -2.4
      vertex 132.024 110.074 -2.4
      vertex 132.345 110.207 -2.4
    endloop
  endfacet
  facet normal 0 0 -1
    outer loop
      vertex 131.69 6.02228 -2.4
      vertex 132.024 110.074 -2.4
      vertex 132.024 5.92604 -2.4
    endloop
  endfacet
  facet normal 0 0 -1
    outer loop
      vertex 131.69 6.02228 -2.4
      vertex 131.69 109.978 -2.4
      vertex 132.024 110.074 -2.4
    endloop
  endfacet
  facet normal 0 0 -1
    outer loop
      vertex 131.347 6.08051 -2.4
      vertex 131.69 109.978 -2.4
      vertex 131.69 6.02228 -2.4
    endloop
  endfacet
  facet normal 0 0 -1
    outer loop
      vertex 131.347 6.08051 -2.4
      vertex 131.347 109.919 -2.4
      vertex 131.69 109.978 -2.4
    endloop
  endfacet
  facet normal 0 0 -1
    outer loop
      vertex 131 6.1 -2.4
      vertex 131.347 109.919 -2.4
      vertex 131.347 6.08051 -2.4
    endloop
  endfacet
  facet normal 0 0 -1
    outer loop
      vertex 131 6.1 -2.4
      vertex 131 109.9 -2.4
      vertex 131.347 109.919 -2.4
    endloop
  endfacet
  facet normal 0 0 -1
    outer loop
      vertex 130.653 6.08051 -2.4
      vertex 131 109.9 -2.4
      vertex 131 6.1 -2.4
    endloop
  endfacet
  facet normal 0 0 -1
    outer loop
      vertex 130.653 6.08051 -2.4
      vertex 130.653 109.919 -2.4
      vertex 131 109.9 -2.4
    endloop
  endfacet
  facet normal 0 0 -1
    outer loop
      vertex 130.31 6.02228 -2.4
      vertex 130.653 109.919 -2.4
      vertex 130.653 6.08051 -2.4
    endloop
  endfacet
  facet normal 0 0 -1
    outer loop
      vertex 130.31 6.02228 -2.4
      vertex 130.31 109.978 -2.4
      vertex 130.653 109.919 -2.4
    endloop
  endfacet
  facet normal 0 0 -1
    outer loop
      vertex 129.976 5.92604 -2.4
      vertex 130.31 109.978 -2.4
      vertex 130.31 6.02228 -2.4
    endloop
  endfacet
  facet normal 0 0 -1
    outer loop
      vertex 129.976 5.92604 -2.4
      vertex 129.976 110.074 -2.4
      vertex 130.31 109.978 -2.4
    endloop
  endfacet
  facet normal 0 0 -1
    outer loop
      vertex 129.655 5.793 -2.4
      vertex 129.976 110.074 -2.4
      vertex 129.976 5.92604 -2.4
    endloop
  endfacet
  facet normal 0 0 -1
    outer loop
      vertex 129.655 5.793 -2.4
      vertex 129.655 110.207 -2.4
      vertex 129.976 110.074 -2.4
    endloop
  endfacet
  facet normal 0 0 -1
    outer loop
      vertex 129.351 5.62484 -2.4
      vertex 129.655 110.207 -2.4
      vertex 129.655 5.793 -2.4
    endloop
  endfacet
  facet normal 0 0 -1
    outer loop
      vertex 129.351 5.62484 -2.4
      vertex 129.351 110.375 -2.4
      vertex 129.655 110.207 -2.4
    endloop
  endfacet
  facet normal 0 0 -1
    outer loop
      vertex 129.067 5.42368 -2.4
      vertex 129.351 110.375 -2.4
      vertex 129.351 5.62484 -2.4
    endloop
  endfacet
  facet normal 0 0 -1
    outer loop
      vertex 129.067 5.42368 -2.4
      vertex 129.067 110.576 -2.4
      vertex 129.351 110.375 -2.4
    endloop
  endfacet
  facet normal 0 0 -1
    outer loop
      vertex 128.808 5.19203 -2.4
      vertex 129.067 110.576 -2.4
      vertex 129.067 5.42368 -2.4
    endloop
  endfacet
  facet normal 0 0 -1
    outer loop
      vertex 128.808 5.19203 -2.4
      vertex 128.808 110.808 -2.4
      vertex 129.067 110.576 -2.4
    endloop
  endfacet
  facet normal 0 0 -1
    outer loop
      vertex 128.576 4.93282 -2.4
      vertex 128.808 110.808 -2.4
      vertex 128.808 5.19203 -2.4
    endloop
  endfacet
  facet normal 0 0 -1
    outer loop
      vertex 128.576 4.93282 -2.4
      vertex 128.576 111.067 -2.4
      vertex 128.808 110.808 -2.4
    endloop
  endfacet
  facet normal 0 0 -1
    outer loop
      vertex 5.92604 4.02386 -2.4
      vertex 128.074 4.02386 -2.4
      vertex 6.02228 3.68981 -2.4
    endloop
  endfacet
  facet normal 0 0 -1
    outer loop
      vertex 128.074 4.02386 -2.4
      vertex 5.92604 4.02386 -2.4
      vertex 128.207 4.34504 -2.4
    endloop
  endfacet
  facet normal 0 0 -1
    outer loop
      vertex 127.978 3.68981 -2.4
      vertex 6.02228 3.68981 -2.4
      vertex 128.074 4.02386 -2.4
    endloop
  endfacet
  facet normal 0 0 -1
    outer loop
      vertex 5.793 4.34504 -2.4
      vertex 128.207 4.34504 -2.4
      vertex 5.92604 4.02386 -2.4
    endloop
  endfacet
  facet normal 0 0 -1
    outer loop
      vertex 6.02228 3.68981 -2.4
      vertex 127.978 3.68981 -2.4
      vertex 6.08051 3.34709 -2.4
    endloop
  endfacet
  facet normal 0 0 -1
    outer loop
      vertex 128.576 111.067 -2.4
      vertex 6.1 113 -2.4
      vertex 128.375 111.351 -2.4
    endloop
  endfacet
  facet normal 0 0 -1
    outer loop
      vertex 127.919 3.34709 -2.4
      vertex 6.08051 3.34709 -2.4
      vertex 127.978 3.68981 -2.4
    endloop
  endfacet
  facet normal 0 0 -1
    outer loop
      vertex 128.375 111.351 -2.4
      vertex 6.1 113 -2.4
      vertex 128.207 111.655 -2.4
    endloop
  endfacet
  facet normal 0 0 -1
    outer loop
      vertex 6.08051 3.34709 -2.4
      vertex 127.919 3.34709 -2.4
      vertex 6.1 3 -2.4
    endloop
  endfacet
  facet normal 0 0 -1
    outer loop
      vertex 128.207 111.655 -2.4
      vertex 6.1 113 -2.4
      vertex 128.074 111.976 -2.4
    endloop
  endfacet
  facet normal 0 0 -1
    outer loop
      vertex 6.1 3 -2.4
      vertex 127.919 3.34709 -2.4
      vertex 127.9 3 -2.4
    endloop
  endfacet
  facet normal 0 0 -1
    outer loop
      vertex 128.074 111.976 -2.4
      vertex 6.1 113 -2.4
      vertex 127.978 112.31 -2.4
    endloop
  endfacet
  facet normal 0 0 -1
    outer loop
      vertex 134.022 3.68981 -2.4
      vertex 136.4 0.599999 -2.4
      vertex 134.081 3.34709 -2.4
    endloop
  endfacet
  facet normal 0 0 -1
    outer loop
      vertex 133.625 1.3507 -2.4
      vertex 136.4 0.599999 -2.4
      vertex 136.354 0.0790491 -2.4
    endloop
  endfacet
  facet normal 0 0 -1
    outer loop
      vertex 134.081 3.34709 -2.4
      vertex 136.4 0.599999 -2.4
      vertex 134.1 3 -2.4
    endloop
  endfacet
  facet normal 0 0 -1
    outer loop
      vertex 133.424 1.06718 -2.4
      vertex 136.354 0.0790491 -2.4
      vertex 136.274 -0.260412 -2.4
    endloop
  endfacet
  facet normal 0 0 -1
    outer loop
      vertex 134.081 113.347 -2.4
      vertex 136.4 115.4 -2.4
      vertex 134.1 113 -2.4
    endloop
  endfacet
  facet normal 0 0 -1
    outer loop
      vertex 133.424 1.06718 -2.4
      vertex 136.274 -0.260412 -2.4
      vertex 136.155 -0.588232 -2.4
    endloop
  endfacet
  facet normal 0 0 -1
    outer loop
      vertex 134.022 113.69 -2.4
      vertex 136.4 115.4 -2.4
      vertex 134.081 113.347 -2.4
    endloop
  endfacet
  facet normal 0 0 -1
    outer loop
      vertex 133.424 1.06718 -2.4
      vertex 136.155 -0.588232 -2.4
      vertex 135.998 -0.9 -2.4
    endloop
  endfacet
  facet normal 0 0 -1
    outer loop
      vertex 133.926 114.024 -2.4
      vertex 136.4 115.4 -2.4
      vertex 134.022 113.69 -2.4
    endloop
  endfacet
  facet normal 0 0 -1
    outer loop
      vertex 133.424 1.06718 -2.4
      vertex 135.998 -0.9 -2.4
      vertex 135.806 -1.19147 -2.4
    endloop
  endfacet
  facet normal 0 0 -1
    outer loop
      vertex 133.793 114.345 -2.4
      vertex 136.4 115.4 -2.4
      vertex 133.926 114.024 -2.4
    endloop
  endfacet
  facet normal 0 0 -1
    outer loop
      vertex 133.192 0.807969 -2.4
      vertex 135.806 -1.19147 -2.4
      vertex 135.582 -1.45873 -2.4
    endloop
  endfacet
  facet normal 0 0 -1
    outer loop
      vertex 133.625 114.649 -2.4
      vertex 136.4 115.4 -2.4
      vertex 133.793 114.345 -2.4
    endloop
  endfacet
  facet normal 0 0 -1
    outer loop
      vertex 133.192 0.807969 -2.4
      vertex 135.582 -1.45873 -2.4
      vertex 135.328 -1.69813 -2.4
    endloop
  endfacet
  facet normal -0 0 -1
    outer loop
      vertex 136.4 115.4 -2.4
      vertex 133.625 114.649 -2.4
      vertex 136.38 115.748 -2.4
    endloop
  endfacet
  facet normal 0 0 -1
    outer loop
      vertex 133.192 0.807969 -2.4
      vertex 135.328 -1.69813 -2.4
      vertex 135.049 -1.90647 -2.4
    endloop
  endfacet
  facet normal -0 0 -1
    outer loop
      vertex 136.38 115.748 -2.4
      vertex 133.625 114.649 -2.4
      vertex 136.319 116.092 -2.4
    endloop
  endfacet
  facet normal 0 0 -1
    outer loop
      vertex 132.933 0.576323 -2.4
      vertex 135.049 -1.90647 -2.4
      vertex 134.746 -2.08089 -2.4
    endloop
  endfacet
  facet normal 0 0 -1
    outer loop
      vertex 133.424 114.933 -2.4
      vertex 136.319 116.092 -2.4
      vertex 133.625 114.649 -2.4
    endloop
  endfacet
  facet normal 0 0 -1
    outer loop
      vertex 132.933 0.576323 -2.4
      vertex 134.746 -2.08089 -2.4
      vertex 134.426 -2.21908 -2.4
    endloop
  endfacet
  facet normal -0 0 -1
    outer loop
      vertex 136.319 116.092 -2.4
      vertex 133.424 114.933 -2.4
      vertex 136.219 116.426 -2.4
    endloop
  endfacet
  facet normal -0 0 -1
    outer loop
      vertex 136.219 116.426 -2.4
      vertex 133.424 114.933 -2.4
      vertex 136.081 116.746 -2.4
    endloop
  endfacet
  facet normal 0 0 -1
    outer loop
      vertex 132.933 0.576323 -2.4
      vertex 134.426 -2.21908 -2.4
      vertex 134.092 -2.31913 -2.4
    endloop
  endfacet
  facet normal 0 0 -1
    outer loop
      vertex 136.4 0.599999 -2.4
      vertex 134.081 2.65291 -2.4
      vertex 134.1 3 -2.4
    endloop
  endfacet
  facet normal 0 0 -1
    outer loop
      vertex 136.4 0.599999 -2.4
      vertex 134.022 2.31019 -2.4
      vertex 134.081 2.65291 -2.4
    endloop
  endfacet
  facet normal 0 0 -1
    outer loop
      vertex 136.4 0.599999 -2.4
      vertex 133.926 1.97614 -2.4
      vertex 134.022 2.31019 -2.4
    endloop
  endfacet
  facet normal 0 0 -1
    outer loop
      vertex 136.4 0.599999 -2.4
      vertex 133.793 1.65496 -2.4
      vertex 133.926 1.97614 -2.4
    endloop
  endfacet
  facet normal 0 0 -1
    outer loop
      vertex 132.649 0.375155 -2.4
      vertex 134.092 -2.31913 -2.4
      vertex 133.748 -2.37972 -2.4
    endloop
  endfacet
  facet normal 0 0 -1
    outer loop
      vertex 136.4 0.599999 -2.4
      vertex 133.625 1.3507 -2.4
      vertex 133.793 1.65496 -2.4
    endloop
  endfacet
  facet normal 0 0 -1
    outer loop
      vertex 136.354 0.0790491 -2.4
      vertex 133.424 1.06718 -2.4
      vertex 133.625 1.3507 -2.4
    endloop
  endfacet
  facet normal 0 0 -1
    outer loop
      vertex 132.649 0.375155 -2.4
      vertex 133.748 -2.37972 -2.4
      vertex 133.4 -2.4 -2.4
    endloop
  endfacet
  facet normal 0 0 -1
    outer loop
      vertex 135.806 -1.19147 -2.4
      vertex 133.192 0.807969 -2.4
      vertex 133.424 1.06718 -2.4
    endloop
  endfacet
  facet normal 0 0 -1
    outer loop
      vertex 135.049 -1.90647 -2.4
      vertex 132.933 0.576323 -2.4
      vertex 133.192 0.807969 -2.4
    endloop
  endfacet
  facet normal 0 0 -1
    outer loop
      vertex 134.092 -2.31913 -2.4
      vertex 132.649 0.375155 -2.4
      vertex 132.933 0.576323 -2.4
    endloop
  endfacet
  facet normal 0 0 -1
    outer loop
      vertex 133.4 -2.4 -2.4
      vertex 132.345 0.206997 -2.4
      vertex 132.649 0.375155 -2.4
    endloop
  endfacet
  facet normal 0 0 -1
    outer loop
      vertex 133.4 -2.4 -2.4
      vertex 132.024 0.0739622 -2.4
      vertex 132.345 0.206997 -2.4
    endloop
  endfacet
  facet normal 0 0 -1
    outer loop
      vertex 133.4 -2.4 -2.4
      vertex 131.69 -0.0222759 -2.4
      vertex 132.024 0.0739622 -2.4
    endloop
  endfacet
  facet normal 0 0 -1
    outer loop
      vertex 133.4 -2.4 -2.4
      vertex 131.347 -0.0805073 -2.4
      vertex 131.69 -0.0222759 -2.4
    endloop
  endfacet
  facet normal 0 0 -1
    outer loop
      vertex 133.4 -2.4 -2.4
      vertex 131 -0.0999994 -2.4
      vertex 131.347 -0.0805073 -2.4
    endloop
  endfacet
  facet normal 0 0 -1
    outer loop
      vertex 133.4 -2.4 -2.4
      vertex 130.653 -0.0805073 -2.4
      vertex 131 -0.0999994 -2.4
    endloop
  endfacet
  facet normal 0 0 -1
    outer loop
      vertex 133.4 -2.4 -2.4
      vertex 130.31 -0.0222759 -2.4
      vertex 130.653 -0.0805073 -2.4
    endloop
  endfacet
  facet normal 0 0 -1
    outer loop
      vertex 133.4 -2.4 -2.4
      vertex 129.976 0.0739622 -2.4
      vertex 130.31 -0.0222759 -2.4
    endloop
  endfacet
  facet normal 0 0 -1
    outer loop
      vertex 133.4 -2.4 -2.4
      vertex 129.655 0.206997 -2.4
      vertex 129.976 0.0739622 -2.4
    endloop
  endfacet
  facet normal 0 0 -1
    outer loop
      vertex 133.4 -2.4 -2.4
      vertex 129.351 0.375155 -2.4
      vertex 129.655 0.206997 -2.4
    endloop
  endfacet
  facet normal 0 0 -1
    outer loop
      vertex 127.978 112.31 -2.4
      vertex 6.1 113 -2.4
      vertex 127.919 112.653 -2.4
    endloop
  endfacet
  facet normal 0 0 -1
    outer loop
      vertex 127.919 2.65291 -2.4
      vertex 6.1 3 -2.4
      vertex 127.9 3 -2.4
    endloop
  endfacet
  facet normal 0 0 -1
    outer loop
      vertex 6.08051 2.65291 -2.4
      vertex 127.919 2.65291 -2.4
      vertex 127.978 2.31019 -2.4
    endloop
  endfacet
  facet normal 0 0 -1
    outer loop
      vertex 6.02228 2.31019 -2.4
      vertex 127.978 2.31019 -2.4
      vertex 128.074 1.97614 -2.4
    endloop
  endfacet
  facet normal 0 0 -1
    outer loop
      vertex 5.92604 1.97614 -2.4
      vertex 128.074 1.97614 -2.4
      vertex 128.207 1.65496 -2.4
    endloop
  endfacet
  facet normal 0 0 -1
    outer loop
      vertex 5.793 1.65496 -2.4
      vertex 128.207 1.65496 -2.4
      vertex 128.375 1.3507 -2.4
    endloop
  endfacet
  facet normal 0 0 -1
    outer loop
      vertex 5.62484 1.3507 -2.4
      vertex 128.375 1.3507 -2.4
      vertex 128.576 1.06718 -2.4
    endloop
  endfacet
  facet normal 0 0 -1
    outer loop
      vertex 5.42368 1.06718 -2.4
      vertex 128.576 1.06718 -2.4
      vertex 128.808 0.807969 -2.4
    endloop
  endfacet
  facet normal 0 0 -1
    outer loop
      vertex 5.19203 0.807969 -2.4
      vertex 128.808 0.807969 -2.4
      vertex 129.067 0.576323 -2.4
    endloop
  endfacet
  facet normal 0 0 -1
    outer loop
      vertex 4.93282 0.576323 -2.4
      vertex 129.067 0.576323 -2.4
      vertex 129.351 0.375155 -2.4
    endloop
  endfacet
  facet normal 0 0 -1
    outer loop
      vertex 4.6493 0.375155 -2.4
      vertex 129.351 0.375155 -2.4
      vertex 133.4 -2.4 -2.4
    endloop
  endfacet
  facet normal 0 0 -1
    outer loop
      vertex 127.919 2.65291 -2.4
      vertex 6.08051 2.65291 -2.4
      vertex 6.1 3 -2.4
    endloop
  endfacet
  facet normal 0 0 -1
    outer loop
      vertex 127.978 2.31019 -2.4
      vertex 6.02228 2.31019 -2.4
      vertex 6.08051 2.65291 -2.4
    endloop
  endfacet
  facet normal 0 0 -1
    outer loop
      vertex 128.074 1.97614 -2.4
      vertex 5.92604 1.97614 -2.4
      vertex 6.02228 2.31019 -2.4
    endloop
  endfacet
  facet normal 0 0 -1
    outer loop
      vertex 128.207 1.65496 -2.4
      vertex 5.793 1.65496 -2.4
      vertex 5.92604 1.97614 -2.4
    endloop
  endfacet
  facet normal 0 0 -1
    outer loop
      vertex 128.375 1.3507 -2.4
      vertex 5.62484 1.3507 -2.4
      vertex 5.793 1.65496 -2.4
    endloop
  endfacet
  facet normal 0 0 -1
    outer loop
      vertex 128.576 1.06718 -2.4
      vertex 5.42368 1.06718 -2.4
      vertex 5.62484 1.3507 -2.4
    endloop
  endfacet
  facet normal 0 0 -1
    outer loop
      vertex 128.808 0.807969 -2.4
      vertex 5.19203 0.807969 -2.4
      vertex 5.42368 1.06718 -2.4
    endloop
  endfacet
  facet normal 0 0 -1
    outer loop
      vertex 129.067 0.576323 -2.4
      vertex 4.93282 0.576323 -2.4
      vertex 5.19203 0.807969 -2.4
    endloop
  endfacet
  facet normal 0 0 -1
    outer loop
      vertex 129.351 0.375155 -2.4
      vertex 4.6493 0.375155 -2.4
      vertex 4.93282 0.576323 -2.4
    endloop
  endfacet
  facet normal 0 0 -1
    outer loop
      vertex 0.599999 -2.4 -2.4
      vertex 4.6493 0.375155 -2.4
      vertex 133.4 -2.4 -2.4
    endloop
  endfacet
  facet normal 0 0 -1
    outer loop
      vertex 4.6493 0.375155 -2.4
      vertex 0.599999 -2.4 -2.4
      vertex 4.34504 0.206997 -2.4
    endloop
  endfacet
  facet normal 0 0 -1
    outer loop
      vertex 4.34504 0.206997 -2.4
      vertex 0.599999 -2.4 -2.4
      vertex 4.02386 0.0739622 -2.4
    endloop
  endfacet
  facet normal 0 0 -1
    outer loop
      vertex 4.02386 0.0739622 -2.4
      vertex 0.599999 -2.4 -2.4
      vertex 3.68981 -0.0222759 -2.4
    endloop
  endfacet
  facet normal 0 0 -1
    outer loop
      vertex 3.68981 -0.0222759 -2.4
      vertex 0.599999 -2.4 -2.4
      vertex 3.34709 -0.0805073 -2.4
    endloop
  endfacet
  facet normal 0 0 -1
    outer loop
      vertex 3.34709 -0.0805073 -2.4
      vertex 0.599999 -2.4 -2.4
      vertex 3 -0.0999994 -2.4
    endloop
  endfacet
  facet normal 0 0 -1
    outer loop
      vertex 0.599999 -2.4 -2.4
      vertex 2.65291 -0.0805073 -2.4
      vertex 3 -0.0999994 -2.4
    endloop
  endfacet
  facet normal 0 0 -1
    outer loop
      vertex 0.599999 -2.4 -2.4
      vertex 2.31019 -0.0222759 -2.4
      vertex 2.65291 -0.0805073 -2.4
    endloop
  endfacet
  facet normal 0 0 -1
    outer loop
      vertex 0.599999 -2.4 -2.4
      vertex 1.97614 0.0739622 -2.4
      vertex 2.31019 -0.0222759 -2.4
    endloop
  endfacet
  facet normal 0 0 -1
    outer loop
      vertex 0.599999 -2.4 -2.4
      vertex 1.65496 0.206997 -2.4
      vertex 1.97614 0.0739622 -2.4
    endloop
  endfacet
  facet normal 0 0 -1
    outer loop
      vertex 0.599999 -2.4 -2.4
      vertex 1.3507 0.375155 -2.4
      vertex 1.65496 0.206997 -2.4
    endloop
  endfacet
  facet normal 0 0 -1
    outer loop
      vertex 0.0790491 -2.35442 -2.4
      vertex 1.3507 0.375155 -2.4
      vertex 0.599999 -2.4 -2.4
    endloop
  endfacet
  facet normal -0 0 -1
    outer loop
      vertex 1.3507 0.375155 -2.4
      vertex 0.0790491 -2.35442 -2.4
      vertex 1.06718 0.576323 -2.4
    endloop
  endfacet
  facet normal 0 0 -1
    outer loop
      vertex -0.260412 -2.27396 -2.4
      vertex 1.06718 0.576323 -2.4
      vertex 0.0790491 -2.35442 -2.4
    endloop
  endfacet
  facet normal 0 0 -1
    outer loop
      vertex -0.588232 -2.15465 -2.4
      vertex 1.06718 0.576323 -2.4
      vertex -0.260412 -2.27396 -2.4
    endloop
  endfacet
  facet normal 0 0 -1
    outer loop
      vertex -0.9 -1.99808 -2.4
      vertex 1.06718 0.576323 -2.4
      vertex -0.588232 -2.15465 -2.4
    endloop
  endfacet
  facet normal -0 0 -1
    outer loop
      vertex 1.06718 0.576323 -2.4
      vertex -0.9 -1.99808 -2.4
      vertex 0.807969 0.807969 -2.4
    endloop
  endfacet
  facet normal 0 0 -1
    outer loop
      vertex -1.19147 -1.80637 -2.4
      vertex 0.807969 0.807969 -2.4
      vertex -0.9 -1.99808 -2.4
    endloop
  endfacet
  facet normal 0 0 -1
    outer loop
      vertex -1.45873 -1.58211 -2.4
      vertex 0.807969 0.807969 -2.4
      vertex -1.19147 -1.80637 -2.4
    endloop
  endfacet
  facet normal 0 0 -1
    outer loop
      vertex -1.69813 -1.32836 -2.4
      vertex 0.807969 0.807969 -2.4
      vertex -1.45873 -1.58211 -2.4
    endloop
  endfacet
  facet normal 0 0 -1
    outer loop
      vertex -1.90647 -1.04853 -2.4
      vertex 0.807969 0.807969 -2.4
      vertex -1.69813 -1.32836 -2.4
    endloop
  endfacet
  facet normal 0 0 -1
    outer loop
      vertex -2.08089 -0.746405 -2.4
      vertex 0.576323 1.06718 -2.4
      vertex -1.90647 -1.04853 -2.4
    endloop
  endfacet
  facet normal -0 0 -1
    outer loop
      vertex 0.807969 0.807969 -2.4
      vertex -1.90647 -1.04853 -2.4
      vertex 0.576323 1.06718 -2.4
    endloop
  endfacet
  facet normal -0 0 -1
    outer loop
      vertex 136.081 116.746 -2.4
      vertex 133.424 114.933 -2.4
      vertex 135.906 117.049 -2.4
    endloop
  endfacet
  facet normal 0 0 -1
    outer loop
      vertex 133.192 115.192 -2.4
      vertex 135.906 117.049 -2.4
      vertex 133.424 114.933 -2.4
    endloop
  endfacet
  facet normal -0 0 -1
    outer loop
      vertex 135.906 117.049 -2.4
      vertex 133.192 115.192 -2.4
      vertex 135.698 117.328 -2.4
    endloop
  endfacet
  facet normal -0 0 -1
    outer loop
      vertex 135.698 117.328 -2.4
      vertex 133.192 115.192 -2.4
      vertex 135.459 117.582 -2.4
    endloop
  endfacet
  facet normal -0 0 -1
    outer loop
      vertex 135.459 117.582 -2.4
      vertex 133.192 115.192 -2.4
      vertex 135.191 117.806 -2.4
    endloop
  endfacet
  facet normal -0 0 -1
    outer loop
      vertex 135.191 117.806 -2.4
      vertex 133.192 115.192 -2.4
      vertex 134.9 117.998 -2.4
    endloop
  endfacet
  facet normal 0 0 -1
    outer loop
      vertex 132.933 115.424 -2.4
      vertex 134.9 117.998 -2.4
      vertex 133.192 115.192 -2.4
    endloop
  endfacet
  facet normal -0 0 -1
    outer loop
      vertex 134.9 117.998 -2.4
      vertex 132.933 115.424 -2.4
      vertex 134.588 118.155 -2.4
    endloop
  endfacet
  facet normal -0 0 -1
    outer loop
      vertex 134.588 118.155 -2.4
      vertex 132.933 115.424 -2.4
      vertex 134.26 118.274 -2.4
    endloop
  endfacet
  facet normal -0 0 -1
    outer loop
      vertex 134.26 118.274 -2.4
      vertex 132.933 115.424 -2.4
      vertex 133.921 118.354 -2.4
    endloop
  endfacet
  facet normal 0 0 -1
    outer loop
      vertex 132.649 115.625 -2.4
      vertex 133.921 118.354 -2.4
      vertex 132.933 115.424 -2.4
    endloop
  endfacet
  facet normal -0 0 -1
    outer loop
      vertex 133.921 118.354 -2.4
      vertex 132.649 115.625 -2.4
      vertex 133.4 118.4 -2.4
    endloop
  endfacet
  facet normal 0 0 -1
    outer loop
      vertex 132.345 115.793 -2.4
      vertex 133.4 118.4 -2.4
      vertex 132.649 115.625 -2.4
    endloop
  endfacet
  facet normal 0 0 -1
    outer loop
      vertex 132.024 115.926 -2.4
      vertex 133.4 118.4 -2.4
      vertex 132.345 115.793 -2.4
    endloop
  endfacet
  facet normal 0 0 -1
    outer loop
      vertex 131.69 116.022 -2.4
      vertex 133.4 118.4 -2.4
      vertex 132.024 115.926 -2.4
    endloop
  endfacet
  facet normal 0 0 -1
    outer loop
      vertex 131.347 116.081 -2.4
      vertex 133.4 118.4 -2.4
      vertex 131.69 116.022 -2.4
    endloop
  endfacet
  facet normal 0 0 -1
    outer loop
      vertex 131 116.1 -2.4
      vertex 133.4 118.4 -2.4
      vertex 131.347 116.081 -2.4
    endloop
  endfacet
  facet normal 0 0 -1
    outer loop
      vertex 130.653 116.081 -2.4
      vertex 133.4 118.4 -2.4
      vertex 131 116.1 -2.4
    endloop
  endfacet
  facet normal 0 0 -1
    outer loop
      vertex 130.31 116.022 -2.4
      vertex 133.4 118.4 -2.4
      vertex 130.653 116.081 -2.4
    endloop
  endfacet
  facet normal 0 0 -1
    outer loop
      vertex 129.976 115.926 -2.4
      vertex 133.4 118.4 -2.4
      vertex 130.31 116.022 -2.4
    endloop
  endfacet
  facet normal 0 0 -1
    outer loop
      vertex 129.655 115.793 -2.4
      vertex 133.4 118.4 -2.4
      vertex 129.976 115.926 -2.4
    endloop
  endfacet
  facet normal 0 0 -1
    outer loop
      vertex 129.351 115.625 -2.4
      vertex 133.4 118.4 -2.4
      vertex 129.655 115.793 -2.4
    endloop
  endfacet
  facet normal 0 0 -1
    outer loop
      vertex 127.919 112.653 -2.4
      vertex 6.1 113 -2.4
      vertex 127.9 113 -2.4
    endloop
  endfacet
  facet normal 0 0 -1
    outer loop
      vertex 127.9 113 -2.4
      vertex 6.1 113 -2.4
      vertex 127.919 113.347 -2.4
    endloop
  endfacet
  facet normal 0 0 -1
    outer loop
      vertex 6.08051 113.347 -2.4
      vertex 127.919 113.347 -2.4
      vertex 6.1 113 -2.4
    endloop
  endfacet
  facet normal 0 0 -1
    outer loop
      vertex 127.919 113.347 -2.4
      vertex 6.08051 113.347 -2.4
      vertex 127.978 113.69 -2.4
    endloop
  endfacet
  facet normal 0 0 -1
    outer loop
      vertex 6.02228 113.69 -2.4
      vertex 127.978 113.69 -2.4
      vertex 6.08051 113.347 -2.4
    endloop
  endfacet
  facet normal 0 0 -1
    outer loop
      vertex 127.978 113.69 -2.4
      vertex 6.02228 113.69 -2.4
      vertex 128.074 114.024 -2.4
    endloop
  endfacet
  facet normal 0 0 -1
    outer loop
      vertex 5.92604 114.024 -2.4
      vertex 128.074 114.024 -2.4
      vertex 6.02228 113.69 -2.4
    endloop
  endfacet
  facet normal 0 0 -1
    outer loop
      vertex 128.074 114.024 -2.4
      vertex 5.92604 114.024 -2.4
      vertex 128.207 114.345 -2.4
    endloop
  endfacet
  facet normal 0 0 -1
    outer loop
      vertex 5.793 114.345 -2.4
      vertex 128.207 114.345 -2.4
      vertex 5.92604 114.024 -2.4
    endloop
  endfacet
  facet normal 0 0 -1
    outer loop
      vertex 128.207 114.345 -2.4
      vertex 5.793 114.345 -2.4
      vertex 128.375 114.649 -2.4
    endloop
  endfacet
  facet normal 0 0 -1
    outer loop
      vertex 5.62484 114.649 -2.4
      vertex 128.375 114.649 -2.4
      vertex 5.793 114.345 -2.4
    endloop
  endfacet
  facet normal 0 0 -1
    outer loop
      vertex 128.375 114.649 -2.4
      vertex 5.62484 114.649 -2.4
      vertex 128.576 114.933 -2.4
    endloop
  endfacet
  facet normal 0 0 -1
    outer loop
      vertex 5.42368 114.933 -2.4
      vertex 128.576 114.933 -2.4
      vertex 5.62484 114.649 -2.4
    endloop
  endfacet
  facet normal 0 0 -1
    outer loop
      vertex 128.576 114.933 -2.4
      vertex 5.42368 114.933 -2.4
      vertex 128.808 115.192 -2.4
    endloop
  endfacet
  facet normal 0 0 -1
    outer loop
      vertex 5.19203 115.192 -2.4
      vertex 128.808 115.192 -2.4
      vertex 5.42368 114.933 -2.4
    endloop
  endfacet
  facet normal 0 0 -1
    outer loop
      vertex 128.808 115.192 -2.4
      vertex 5.19203 115.192 -2.4
      vertex 129.067 115.424 -2.4
    endloop
  endfacet
  facet normal 0 0 -1
    outer loop
      vertex 4.93282 115.424 -2.4
      vertex 129.067 115.424 -2.4
      vertex 5.19203 115.192 -2.4
    endloop
  endfacet
  facet normal 0 0 -1
    outer loop
      vertex 129.067 115.424 -2.4
      vertex 4.93282 115.424 -2.4
      vertex 129.351 115.625 -2.4
    endloop
  endfacet
  facet normal 0 0 -1
    outer loop
      vertex 4.6493 115.625 -2.4
      vertex 129.351 115.625 -2.4
      vertex 4.93282 115.424 -2.4
    endloop
  endfacet
  facet normal 0 0 -1
    outer loop
      vertex 129.351 115.625 -2.4
      vertex 4.6493 115.625 -2.4
      vertex 133.4 118.4 -2.4
    endloop
  endfacet
  facet normal 0 0 -1
    outer loop
      vertex 0.599999 118.4 -2.4
      vertex 4.6493 115.625 -2.4
      vertex 4.34504 115.793 -2.4
    endloop
  endfacet
  facet normal 0 0 -1
    outer loop
      vertex 0.599999 118.4 -2.4
      vertex 4.34504 115.793 -2.4
      vertex 4.02386 115.926 -2.4
    endloop
  endfacet
  facet normal 0 0 -1
    outer loop
      vertex 0.599999 118.4 -2.4
      vertex 4.02386 115.926 -2.4
      vertex 3.68981 116.022 -2.4
    endloop
  endfacet
  facet normal 0 0 -1
    outer loop
      vertex 0.599999 118.4 -2.4
      vertex 3.68981 116.022 -2.4
      vertex 3.34709 116.081 -2.4
    endloop
  endfacet
  facet normal 0 0 -1
    outer loop
      vertex 0.599999 118.4 -2.4
      vertex 3.34709 116.081 -2.4
      vertex 3 116.1 -2.4
    endloop
  endfacet
  facet normal 0 0 -1
    outer loop
      vertex 4.6493 115.625 -2.4
      vertex 0.599999 118.4 -2.4
      vertex 133.4 118.4 -2.4
    endloop
  endfacet
  facet normal 0 0 -1
    outer loop
      vertex 2.65291 116.081 -2.4
      vertex 0.599999 118.4 -2.4
      vertex 3 116.1 -2.4
    endloop
  endfacet
  facet normal 0 0 -1
    outer loop
      vertex 2.31019 116.022 -2.4
      vertex 0.599999 118.4 -2.4
      vertex 2.65291 116.081 -2.4
    endloop
  endfacet
  facet normal 0 0 -1
    outer loop
      vertex 1.97614 115.926 -2.4
      vertex 0.599999 118.4 -2.4
      vertex 2.31019 116.022 -2.4
    endloop
  endfacet
  facet normal 0 0 -1
    outer loop
      vertex 1.65496 115.793 -2.4
      vertex 0.599999 118.4 -2.4
      vertex 1.97614 115.926 -2.4
    endloop
  endfacet
  facet normal 0 0 -1
    outer loop
      vertex 1.3507 115.625 -2.4
      vertex 0.599999 118.4 -2.4
      vertex 1.65496 115.793 -2.4
    endloop
  endfacet
  facet normal 0 0 -1
    outer loop
      vertex -0.0918484 118.319 -2.4
      vertex 1.3507 115.625 -2.4
      vertex 1.06718 115.424 -2.4
    endloop
  endfacet
  facet normal 0 0 -1
    outer loop
      vertex -1.04853 117.906 -2.4
      vertex 1.06718 115.424 -2.4
      vertex 0.807969 115.192 -2.4
    endloop
  endfacet
  facet normal 0 0 -1
    outer loop
      vertex -1.80637 117.191 -2.4
      vertex 0.807969 115.192 -2.4
      vertex 0.576323 114.933 -2.4
    endloop
  endfacet
  facet normal 0 0 -1
    outer loop
      vertex -2.35442 115.921 -2.4
      vertex 0.576323 114.933 -2.4
      vertex 0.375155 114.649 -2.4
    endloop
  endfacet
  facet normal 0 0 -1
    outer loop
      vertex 1.3507 115.625 -2.4
      vertex 0.251718 118.38 -2.4
      vertex 0.599999 118.4 -2.4
    endloop
  endfacet
  facet normal 0 0 -1
    outer loop
      vertex -2.4 115.4 -2.4
      vertex 0.375155 114.649 -2.4
      vertex 0.206997 114.345 -2.4
    endloop
  endfacet
  facet normal 0 0 -1
    outer loop
      vertex -2.4 115.4 -2.4
      vertex 0.206997 114.345 -2.4
      vertex 0.0739622 114.024 -2.4
    endloop
  endfacet
  facet normal 0 0 -1
    outer loop
      vertex -2.4 115.4 -2.4
      vertex 0.0739622 114.024 -2.4
      vertex -0.0222759 113.69 -2.4
    endloop
  endfacet
  facet normal 0 0 -1
    outer loop
      vertex -2.4 115.4 -2.4
      vertex -0.0222759 113.69 -2.4
      vertex -0.0805073 113.347 -2.4
    endloop
  endfacet
  facet normal 0 0 -1
    outer loop
      vertex 1.3507 115.625 -2.4
      vertex -0.0918484 118.319 -2.4
      vertex 0.251718 118.38 -2.4
    endloop
  endfacet
  facet normal 0 0 -1
    outer loop
      vertex -2.4 115.4 -2.4
      vertex -0.0805073 113.347 -2.4
      vertex -0.0999994 113 -2.4
    endloop
  endfacet
  facet normal 0 0 -1
    outer loop
      vertex 1.06718 115.424 -2.4
      vertex -0.426062 118.219 -2.4
      vertex -0.0918484 118.319 -2.4
    endloop
  endfacet
  facet normal 0 0 -1
    outer loop
      vertex -0.0222759 112.31 -2.4
      vertex -2.4 115.4 -2.4
      vertex -0.0805073 112.653 -2.4
    endloop
  endfacet
  facet normal 0 0 -1
    outer loop
      vertex -2.21908 -0.426062 -2.4
      vertex 0.576323 1.06718 -2.4
      vertex -2.08089 -0.746405 -2.4
    endloop
  endfacet
  facet normal 0 0 -1
    outer loop
      vertex -0.0805073 112.653 -2.4
      vertex -2.4 115.4 -2.4
      vertex -0.0999994 113 -2.4
    endloop
  endfacet
  facet normal 0 0 -1
    outer loop
      vertex -2.31913 -0.0918484 -2.4
      vertex 0.576323 1.06718 -2.4
      vertex -2.21908 -0.426062 -2.4
    endloop
  endfacet
  facet normal 0 0 -1
    outer loop
      vertex 0.375155 114.649 -2.4
      vertex -2.4 115.4 -2.4
      vertex -2.35442 115.921 -2.4
    endloop
  endfacet
  facet normal -0 0 -1
    outer loop
      vertex 0.576323 1.06718 -2.4
      vertex -2.31913 -0.0918484 -2.4
      vertex 0.375155 1.3507 -2.4
    endloop
  endfacet
  facet normal 0 0 -1
    outer loop
      vertex 1.06718 115.424 -2.4
      vertex -0.746405 118.081 -2.4
      vertex -0.426062 118.219 -2.4
    endloop
  endfacet
  facet normal 0 0 -1
    outer loop
      vertex -2.37972 0.251718 -2.4
      vertex 0.375155 1.3507 -2.4
      vertex -2.31913 -0.0918484 -2.4
    endloop
  endfacet
  facet normal 0 0 -1
    outer loop
      vertex 1.06718 115.424 -2.4
      vertex -1.04853 117.906 -2.4
      vertex -0.746405 118.081 -2.4
    endloop
  endfacet
  facet normal 0 0 -1
    outer loop
      vertex -2.4 0.599999 -2.4
      vertex 0.375155 1.3507 -2.4
      vertex -2.37972 0.251718 -2.4
    endloop
  endfacet
  facet normal 0 0 -1
    outer loop
      vertex 0.807969 115.192 -2.4
      vertex -1.32836 117.698 -2.4
      vertex -1.04853 117.906 -2.4
    endloop
  endfacet
  facet normal -0 0 -1
    outer loop
      vertex 0.375155 1.3507 -2.4
      vertex -2.4 0.599999 -2.4
      vertex 0.206997 1.65496 -2.4
    endloop
  endfacet
  facet normal 0 0 -1
    outer loop
      vertex 0.807969 115.192 -2.4
      vertex -1.58211 117.459 -2.4
      vertex -1.32836 117.698 -2.4
    endloop
  endfacet
  facet normal -0 0 -1
    outer loop
      vertex 0.206997 1.65496 -2.4
      vertex -2.4 0.599999 -2.4
      vertex 0.0739622 1.97614 -2.4
    endloop
  endfacet
  facet normal 0 0 -1
    outer loop
      vertex 0.807969 115.192 -2.4
      vertex -1.80637 117.191 -2.4
      vertex -1.58211 117.459 -2.4
    endloop
  endfacet
  facet normal -0 0 -1
    outer loop
      vertex 0.0739622 1.97614 -2.4
      vertex -2.4 0.599999 -2.4
      vertex -0.0222759 2.31019 -2.4
    endloop
  endfacet
  facet normal 0 0 -1
    outer loop
      vertex 0.576323 114.933 -2.4
      vertex -1.99808 116.9 -2.4
      vertex -1.80637 117.191 -2.4
    endloop
  endfacet
  facet normal -0 0 -1
    outer loop
      vertex -0.0222759 2.31019 -2.4
      vertex -2.4 0.599999 -2.4
      vertex -0.0805073 2.65291 -2.4
    endloop
  endfacet
  facet normal 0 0 -1
    outer loop
      vertex 0.576323 114.933 -2.4
      vertex -2.15465 116.588 -2.4
      vertex -1.99808 116.9 -2.4
    endloop
  endfacet
  facet normal -0 0 -1
    outer loop
      vertex -0.0805073 2.65291 -2.4
      vertex -2.4 0.599999 -2.4
      vertex -0.0999994 3 -2.4
    endloop
  endfacet
  facet normal 0 0 -1
    outer loop
      vertex 0.576323 114.933 -2.4
      vertex -2.27396 116.26 -2.4
      vertex -2.15465 116.588 -2.4
    endloop
  endfacet
  facet normal 0 0 -1
    outer loop
      vertex 0.576323 114.933 -2.4
      vertex -2.35442 115.921 -2.4
      vertex -2.27396 116.26 -2.4
    endloop
  endfacet
  facet normal -0.230633 -0.973041 0
    outer loop
      vertex -0.260412 -2.27396 -2.4
      vertex 0.0790491 -2.35442 0
      vertex -0.260412 -2.27396 0
    endloop
  endfacet
  facet normal -0.230633 -0.973041 -0
    outer loop
      vertex 0.0790491 -2.35442 0
      vertex -0.260412 -2.27396 -2.4
      vertex 0.0790491 -2.35442 -2.4
    endloop
  endfacet
  facet normal 0.957984 0.286822 0
    outer loop
      vertex 136.319 116.092 0
      vertex 136.219 116.426 -2.4
      vertex 136.219 116.426 0
    endloop
  endfacet
  facet normal 0.957984 0.286822 0
    outer loop
      vertex 136.219 116.426 -2.4
      vertex 136.319 116.092 0
      vertex 136.319 116.092 -2.4
    endloop
  endfacet
  facet normal 0.973336 -0.229384 0
    outer loop
      vertex 136.274 -0.260412 0
      vertex 136.354 0.0790491 -2.4
      vertex 136.354 0.0790491 0
    endloop
  endfacet
  facet normal 0.973336 -0.229384 0
    outer loop
      vertex 136.354 0.0790491 -2.4
      vertex 136.274 -0.260412 0
      vertex 136.274 -0.260412 -2.4
    endloop
  endfacet
  facet normal 0.286953 -0.957945 0
    outer loop
      vertex 134.092 -2.31913 -2.4
      vertex 134.426 -2.21908 0
      vertex 134.092 -2.31913 0
    endloop
  endfacet
  facet normal 0.286953 -0.957945 0
    outer loop
      vertex 134.426 -2.21908 0
      vertex 134.092 -2.31913 -2.4
      vertex 134.426 -2.21908 -2.4
    endloop
  endfacet
  facet normal 0.341053 0.940044 -0
    outer loop
      vertex 134.588 118.155 -2.4
      vertex 134.26 118.274 0
      vertex 134.588 118.155 0
    endloop
  endfacet
  facet normal 0.341053 0.940044 0
    outer loop
      vertex 134.26 118.274 0
      vertex 134.588 118.155 -2.4
      vertex 134.26 118.274 -2.4
    endloop
  endfacet
  facet normal 0.550722 0.834689 -0
    outer loop
      vertex 135.191 117.806 -2.4
      vertex 134.9 117.998 0
      vertex 135.191 117.806 0
    endloop
  endfacet
  facet normal 0.550722 0.834689 0
    outer loop
      vertex 134.9 117.998 0
      vertex 135.191 117.806 -2.4
      vertex 134.9 117.998 -2.4
    endloop
  endfacet
  facet normal 0.64131 0.767282 -0
    outer loop
      vertex 135.459 117.582 -2.4
      vertex 135.191 117.806 0
      vertex 135.459 117.582 0
    endloop
  endfacet
  facet normal 0.64131 0.767282 0
    outer loop
      vertex 135.191 117.806 0
      vertex 135.459 117.582 -2.4
      vertex 135.191 117.806 -2.4
    endloop
  endfacet
  facet normal -0.939759 0.341837 0
    outer loop
      vertex -2.27396 116.26 -2.4
      vertex -2.15465 116.588 0
      vertex -2.15465 116.588 -2.4
    endloop
  endfacet
  facet normal -0.939759 0.341837 0
    outer loop
      vertex -2.15465 116.588 0
      vertex -2.27396 116.26 -2.4
      vertex -2.27396 116.26 0
    endloop
  endfacet
  facet normal -0.802104 -0.597185 0
    outer loop
      vertex -1.69813 -1.32836 -2.4
      vertex -1.90647 -1.04853 0
      vertex -1.90647 -1.04853 -2.4
    endloop
  endfacet
  facet normal -0.802104 -0.597185 0
    outer loop
      vertex -1.90647 -1.04853 0
      vertex -1.69813 -1.32836 -2.4
      vertex -1.69813 -1.32836 0
    endloop
  endfacet
  facet normal -0.727375 -0.68624 0
    outer loop
      vertex -1.45873 -1.58211 -2.4
      vertex -1.69813 -1.32836 0
      vertex -1.69813 -1.32836 -2.4
    endloop
  endfacet
  facet normal -0.727375 -0.68624 0
    outer loop
      vertex -1.69813 -1.32836 0
      vertex -1.45873 -1.58211 -2.4
      vertex -1.45873 -1.58211 0
    endloop
  endfacet
  facet normal -0.918208 -0.396098 0
    outer loop
      vertex -2.08089 -0.746405 -2.4
      vertex -2.21908 -0.426062 0
      vertex -2.21908 -0.426062 -2.4
    endloop
  endfacet
  facet normal -0.918208 -0.396098 0
    outer loop
      vertex -2.21908 -0.426062 0
      vertex -2.08089 -0.746405 -2.4
      vertex -2.08089 -0.746405 0
    endloop
  endfacet
  facet normal -0.984803 -0.173676 0
    outer loop
      vertex -2.31913 -0.0918484 -2.4
      vertex -2.37972 0.251718 0
      vertex -2.37972 0.251718 -2.4
    endloop
  endfacet
  facet normal -0.984803 -0.173676 0
    outer loop
      vertex -2.37972 0.251718 0
      vertex -2.31913 -0.0918484 -2.4
      vertex -2.31913 -0.0918484 0
    endloop
  endfacet
  facet normal 0.998353 0.0573766 0
    outer loop
      vertex 136.4 115.4 0
      vertex 136.38 115.748 -2.4
      vertex 136.38 115.748 0
    endloop
  endfacet
  facet normal 0.998353 0.0573766 0
    outer loop
      vertex 136.38 115.748 -2.4
      vertex 136.4 115.4 0
      vertex 136.4 115.4 -2.4
    endloop
  endfacet
  facet normal 0.396456 -0.918054 0
    outer loop
      vertex 134.426 -2.21908 -2.4
      vertex 134.746 -2.08089 0
      vertex 134.426 -2.21908 0
    endloop
  endfacet
  facet normal 0.396456 -0.918054 0
    outer loop
      vertex 134.746 -2.08089 0
      vertex 134.426 -2.21908 -2.4
      vertex 134.746 -2.08089 -2.4
    endloop
  endfacet
  facet normal -0.893773 0.448519 0
    outer loop
      vertex -2.15465 116.588 -2.4
      vertex -1.99808 116.9 0
      vertex -1.99808 116.9 -2.4
    endloop
  endfacet
  facet normal -0.893773 0.448519 0
    outer loop
      vertex -1.99808 116.9 0
      vertex -2.15465 116.588 -2.4
      vertex -2.15465 116.588 0
    endloop
  endfacet
  facet normal -0.685633 0.727947 0
    outer loop
      vertex -1.32836 117.698 -2.4
      vertex -1.58211 117.459 0
      vertex -1.32836 117.698 0
    endloop
  endfacet
  facet normal -0.685633 0.727947 0
    outer loop
      vertex -1.58211 117.459 0
      vertex -1.32836 117.698 -2.4
      vertex -1.58211 117.459 -2.4
    endloop
  endfacet
  facet normal -0.395639 0.918406 0
    outer loop
      vertex -0.426062 118.219 -2.4
      vertex -0.746405 118.081 0
      vertex -0.426062 118.219 0
    endloop
  endfacet
  facet normal -0.395639 0.918406 0
    outer loop
      vertex -0.746405 118.081 0
      vertex -0.426062 118.219 -2.4
      vertex -0.746405 118.081 -2.4
    endloop
  endfacet
  facet normal -0.86604 -0.499974 0
    outer loop
      vertex -1.90647 -1.04853 -2.4
      vertex -2.08089 -0.746405 0
      vertex -2.08089 -0.746405 -2.4
    endloop
  endfacet
  facet normal -0.86604 -0.499974 0
    outer loop
      vertex -2.08089 -0.746405 0
      vertex -1.90647 -1.04853 -2.4
      vertex -1.90647 -1.04853 0
    endloop
  endfacet
  facet normal -0.957995 -0.286785 0
    outer loop
      vertex -2.21908 -0.426062 -2.4
      vertex -2.31913 -0.0918484 0
      vertex -2.31913 -0.0918484 -2.4
    endloop
  endfacet
  facet normal -0.957995 -0.286785 0
    outer loop
      vertex -2.31913 -0.0918484 0
      vertex -2.21908 -0.426062 -2.4
      vertex -2.21908 -0.426062 0
    endloop
  endfacet
  facet normal 0.801721 0.597699 0
    outer loop
      vertex 135.906 117.049 0
      vertex 135.698 117.328 -2.4
      vertex 135.698 117.328 0
    endloop
  endfacet
  facet normal 0.801721 0.597699 0
    outer loop
      vertex 135.698 117.328 -2.4
      vertex 135.906 117.049 0
      vertex 135.906 117.049 -2.4
    endloop
  endfacet
  facet normal 0.865948 0.500135 0
    outer loop
      vertex 136.081 116.746 0
      vertex 135.906 117.049 -2.4
      vertex 135.906 117.049 0
    endloop
  endfacet
  facet normal 0.865948 0.500135 0
    outer loop
      vertex 135.906 117.049 -2.4
      vertex 136.081 116.746 0
      vertex 136.081 116.746 -2.4
    endloop
  endfacet
  facet normal 0.918252 0.395996 0
    outer loop
      vertex 136.219 116.426 0
      vertex 136.081 116.746 -2.4
      vertex 136.081 116.746 0
    endloop
  endfacet
  facet normal 0.918252 0.395996 0
    outer loop
      vertex 136.081 116.746 -2.4
      vertex 136.219 116.426 0
      vertex 136.219 116.426 -2.4
    endloop
  endfacet
  facet normal 0.984639 0.174602 0
    outer loop
      vertex 136.38 115.748 0
      vertex 136.319 116.092 -2.4
      vertex 136.319 116.092 0
    endloop
  endfacet
  facet normal 0.984639 0.174602 0
    outer loop
      vertex 136.319 116.092 -2.4
      vertex 136.38 115.748 0
      vertex 136.38 115.748 -2.4
    endloop
  endfacet
  facet normal 0.893145 -0.449769 0
    outer loop
      vertex 135.998 -0.9 0
      vertex 136.155 -0.588232 -2.4
      vertex 136.155 -0.588232 0
    endloop
  endfacet
  facet normal 0.893145 -0.449769 0
    outer loop
      vertex 136.155 -0.588232 -2.4
      vertex 135.998 -0.9 0
      vertex 135.998 -0.9 -2.4
    endloop
  endfacet
  facet normal 0.685883 -0.727712 0
    outer loop
      vertex 135.328 -1.69813 -2.4
      vertex 135.582 -1.45873 0
      vertex 135.328 -1.69813 0
    endloop
  endfacet
  facet normal 0.685883 -0.727712 0
    outer loop
      vertex 135.582 -1.45873 0
      vertex 135.328 -1.69813 -2.4
      vertex 135.582 -1.45873 -2.4
    endloop
  endfacet
  facet normal 0.598326 -0.801253 0
    outer loop
      vertex 135.049 -1.90647 -2.4
      vertex 135.328 -1.69813 0
      vertex 135.049 -1.90647 0
    endloop
  endfacet
  facet normal 0.598326 -0.801253 0
    outer loop
      vertex 135.328 -1.69813 0
      vertex 135.049 -1.90647 -2.4
      vertex 135.328 -1.69813 -2.4
    endloop
  endfacet
  facet normal 0.49889 -0.866665 0
    outer loop
      vertex 134.746 -2.08089 -2.4
      vertex 135.049 -1.90647 0
      vertex 134.746 -2.08089 0
    endloop
  endfacet
  facet normal 0.49889 -0.866665 0
    outer loop
      vertex 135.049 -1.90647 0
      vertex 134.746 -2.08089 -2.4
      vertex 135.049 -1.90647 -2.4
    endloop
  endfacet
  facet normal -0.596557 0.80257 0
    outer loop
      vertex -1.04853 117.906 -2.4
      vertex -1.32836 117.698 0
      vertex -1.04853 117.906 0
    endloop
  endfacet
  facet normal -0.596557 0.80257 0
    outer loop
      vertex -1.32836 117.698 0
      vertex -1.04853 117.906 -2.4
      vertex -1.32836 117.698 -2.4
    endloop
  endfacet
  facet normal -0.286653 0.958034 0
    outer loop
      vertex -0.0918484 118.319 -2.4
      vertex -0.426062 118.219 0
      vertex -0.0918484 118.319 0
    endloop
  endfacet
  facet normal -0.286653 0.958034 0
    outer loop
      vertex -0.426062 118.219 0
      vertex -0.0918484 118.319 -2.4
      vertex -0.426062 118.219 -2.4
    endloop
  endfacet
  facet normal -0.174815 0.984601 0
    outer loop
      vertex 0.251718 118.38 -2.4
      vertex -0.0918484 118.319 0
      vertex 0.251718 118.38 0
    endloop
  endfacet
  facet normal -0.174815 0.984601 0
    outer loop
      vertex -0.0918484 118.319 0
      vertex 0.251718 118.38 -2.4
      vertex -0.0918484 118.319 -2.4
    endloop
  endfacet
  facet normal 0.939984 -0.341218 0
    outer loop
      vertex 136.155 -0.588232 0
      vertex 136.274 -0.260412 -2.4
      vertex 136.274 -0.260412 0
    endloop
  endfacet
  facet normal 0.939984 -0.341218 0
    outer loop
      vertex 136.274 -0.260412 -2.4
      vertex 136.155 -0.588232 0
      vertex 136.155 -0.588232 -2.4
    endloop
  endfacet
  facet normal 0.835097 -0.550103 0
    outer loop
      vertex 135.806 -1.19147 0
      vertex 135.998 -0.9 -2.4
      vertex 135.998 -0.9 0
    endloop
  endfacet
  facet normal 0.835097 -0.550103 0
    outer loop
      vertex 135.998 -0.9 -2.4
      vertex 135.806 -1.19147 0
      vertex 135.806 -1.19147 -2.4
    endloop
  endfacet
  facet normal 0.996124 -0.087958 0
    outer loop
      vertex 136.354 0.0790491 0
      vertex 136.4 0.599999 -2.4
      vertex 136.4 0.599999 0
    endloop
  endfacet
  facet normal 0.996124 -0.087958 0
    outer loop
      vertex 136.4 0.599999 -2.4
      vertex 136.354 0.0790491 0
      vertex 136.354 0.0790491 -2.4
    endloop
  endfacet
  facet normal -1 0 0
    outer loop
      vertex 99.95 116 0
      vertex 99.95 118.4 2.95
      vertex 99.95 118.4 0
    endloop
  endfacet
  facet normal -1 -0 0
    outer loop
      vertex 99.95 118.4 2.95
      vertex 99.95 116 0
      vertex 99.95 116 2.95
    endloop
  endfacet
  facet normal -0 0 1
    outer loop
      vertex 99.95 118.4 2.95
      vertex 111.55 116 2.95
      vertex 111.55 118.4 2.95
    endloop
  endfacet
  facet normal 0 0 1
    outer loop
      vertex 111.55 116 2.95
      vertex 99.95 118.4 2.95
      vertex 99.95 116 2.95
    endloop
  endfacet
  facet normal 1 -0 0
    outer loop
      vertex 111.55 116 2.95
      vertex 111.55 118.4 0
      vertex 111.55 118.4 2.95
    endloop
  endfacet
  facet normal 1 0 0
    outer loop
      vertex 111.55 118.4 0
      vertex 111.55 116 2.95
      vertex 111.55 116 0
    endloop
  endfacet
  facet normal 0 1 -0
    outer loop
      vertex 111.55 118.4 0
      vertex 99.95 118.4 2.95
      vertex 111.55 118.4 2.95
    endloop
  endfacet
  facet normal 0 1 0
    outer loop
      vertex 99.95 118.4 2.95
      vertex 111.55 118.4 0
      vertex 99.95 118.4 0
    endloop
  endfacet
  facet normal 0 -1 0
    outer loop
      vertex 99.95 116 0
      vertex 111.55 116 2.95
      vertex 99.95 116 2.95
    endloop
  endfacet
  facet normal 0 -1 -0
    outer loop
      vertex 111.55 116 2.95
      vertex 99.95 116 0
      vertex 111.55 116 0
    endloop
  endfacet
  facet normal -1 0 0
    outer loop
      vertex 55 30.15 0
      vertex 55 33.15 5.6
      vertex 55 33.15 0
    endloop
  endfacet
  facet normal -1 -0 0
    outer loop
      vertex 55 33.15 5.6
      vertex 55 30.15 0
      vertex 55 30.15 5.6
    endloop
  endfacet
  facet normal -0 0 1
    outer loop
      vertex 55 33.15 5.6
      vertex 79 30.15 5.6
      vertex 79 33.15 5.6
    endloop
  endfacet
  facet normal 0 0 1
    outer loop
      vertex 79 30.15 5.6
      vertex 55 33.15 5.6
      vertex 55 30.15 5.6
    endloop
  endfacet
  facet normal 1 -0 0
    outer loop
      vertex 79 30.15 5.6
      vertex 79 33.15 0
      vertex 79 33.15 5.6
    endloop
  endfacet
  facet normal 1 0 0
    outer loop
      vertex 79 33.15 0
      vertex 79 30.15 5.6
      vertex 79 30.15 0
    endloop
  endfacet
  facet normal 0 1 -0
    outer loop
      vertex 79 33.15 0
      vertex 55 33.15 5.6
      vertex 79 33.15 5.6
    endloop
  endfacet
  facet normal 0 1 0
    outer loop
      vertex 55 33.15 5.6
      vertex 79 33.15 0
      vertex 55 33.15 0
    endloop
  endfacet
  facet normal 0 -1 0
    outer loop
      vertex 55 30.15 0
      vertex 79 30.15 5.6
      vertex 55 30.15 5.6
    endloop
  endfacet
  facet normal 0 -1 -0
    outer loop
      vertex 79 30.15 5.6
      vertex 55 30.15 0
      vertex 79 30.15 0
    endloop
  endfacet
  facet normal -0.994869 -0.10117 0
    outer loop
      vertex 4.7 3 -0.7
      vertex 4.6652 3.34221 0
      vertex 4.6652 3.34221 -0.7
    endloop
  endfacet
  facet normal -0.994869 -0.10117 0
    outer loop
      vertex 4.6652 3.34221 0
      vertex 4.7 3 -0.7
      vertex 4.7 3 0
    endloop
  endfacet
  facet normal 1 -0 0
    outer loop
      vertex 1.30872 2.82801 0
      vertex 1.30872 3.17199 -0.7
      vertex 1.30872 3.17199 0
    endloop
  endfacet
  facet normal 1 0 0
    outer loop
      vertex 1.30872 3.17199 -0.7
      vertex 1.30872 2.82801 0
      vertex 1.30872 2.82801 -0.7
    endloop
  endfacet
  facet normal -0.0506437 -0.998717 0
    outer loop
      vertex 2.9139 4.69782 -0.7
      vertex 3.25743 4.6804 0
      vertex 2.9139 4.69782 0
    endloop
  endfacet
  facet normal -0.0506437 -0.998717 -0
    outer loop
      vertex 3.25743 4.6804 0
      vertex 2.9139 4.69782 -0.7
      vertex 3.25743 4.6804 -0.7
    endloop
  endfacet
  facet normal -0.0506437 0.998717 0
    outer loop
      vertex 3.25743 1.3196 -0.7
      vertex 2.9139 1.30218 0
      vertex 3.25743 1.3196 0
    endloop
  endfacet
  facet normal -0.0506437 0.998717 0
    outer loop
      vertex 2.9139 1.30218 0
      vertex 3.25743 1.3196 -0.7
      vertex 2.9139 1.30218 -0.7
    endloop
  endfacet
  facet normal -0.758747 -0.651385 0
    outer loop
      vertex 4.3953 3.97116 -0.7
      vertex 4.17124 4.23215 0
      vertex 4.17124 4.23215 -0.7
    endloop
  endfacet
  facet normal -0.758747 -0.651385 0
    outer loop
      vertex 4.17124 4.23215 0
      vertex 4.3953 3.97116 -0.7
      vertex 4.3953 3.97116 0
    endloop
  endfacet
  facet normal -0.954139 -0.299362 0
    outer loop
      vertex 4.6652 3.34221 -0.7
      vertex 4.56223 3.6704 0
      vertex 4.56223 3.6704 -0.7
    endloop
  endfacet
  facet normal -0.954139 -0.299362 0
    outer loop
      vertex 4.56223 3.6704 0
      vertex 4.6652 3.34221 -0.7
      vertex 4.6652 3.34221 0
    endloop
  endfacet
  facet normal 0.688972 -0.724788 0
    outer loop
      vertex 1.71011 4.10733 -0.7
      vertex 1.95942 4.34432 0
      vertex 1.71011 4.10733 0
    endloop
  endfacet
  facet normal 0.688972 -0.724788 0
    outer loop
      vertex 1.95942 4.34432 0
      vertex 1.71011 4.10733 -0.7
      vertex 1.95942 4.34432 -0.7
    endloop
  endfacet
  facet normal 0.347297 -0.937755 0
    outer loop
      vertex 2.25133 4.52627 -0.7
      vertex 2.57389 4.64573 0
      vertex 2.25133 4.52627 0
    endloop
  endfacet
  facet normal 0.347297 -0.937755 0
    outer loop
      vertex 2.57389 4.64573 0
      vertex 2.25133 4.52627 -0.7
      vertex 2.57389 4.64573 -0.7
    endloop
  endfacet
  facet normal -0.758747 0.651385 0
    outer loop
      vertex 4.17124 1.76785 -0.7
      vertex 4.3953 2.02884 0
      vertex 4.3953 2.02884 -0.7
    endloop
  endfacet
  facet normal -0.758747 0.651385 0
    outer loop
      vertex 4.3953 2.02884 0
      vertex 4.17124 1.76785 -0.7
      vertex 4.17124 1.76785 0
    endloop
  endfacet
  facet normal -0.874353 0.48529 0
    outer loop
      vertex 4.3953 2.02884 -0.7
      vertex 4.56223 2.3296 0
      vertex 4.56223 2.3296 -0.7
    endloop
  endfacet
  facet normal -0.874353 0.48529 0
    outer loop
      vertex 4.56223 2.3296 0
      vertex 4.3953 2.02884 -0.7
      vertex 4.3953 2.02884 0
    endloop
  endfacet
  facet normal -0.874353 -0.48529 0
    outer loop
      vertex 4.56223 3.6704 -0.7
      vertex 4.3953 3.97116 0
      vertex 4.3953 3.97116 -0.7
    endloop
  endfacet
  facet normal -0.874353 -0.48529 0
    outer loop
      vertex 4.3953 3.97116 0
      vertex 4.56223 3.6704 -0.7
      vertex 4.56223 3.6704 0
    endloop
  endfacet
  facet normal -0.44041 -0.897797 0
    outer loop
      vertex 3.59042 4.59418 -0.7
      vertex 3.89924 4.44269 0
      vertex 3.59042 4.59418 0
    endloop
  endfacet
  facet normal -0.44041 -0.897797 -0
    outer loop
      vertex 3.89924 4.44269 0
      vertex 3.59042 4.59418 -0.7
      vertex 3.89924 4.44269 -0.7
    endloop
  endfacet
  facet normal -0.25066 -0.968075 0
    outer loop
      vertex 3.25743 4.6804 -0.7
      vertex 3.59042 4.59418 0
      vertex 3.25743 4.6804 0
    endloop
  endfacet
  facet normal -0.25066 -0.968075 -0
    outer loop
      vertex 3.59042 4.59418 0
      vertex 3.25743 4.6804 -0.7
      vertex 3.59042 4.59418 -0.7
    endloop
  endfacet
  facet normal -0.612099 -0.790781 0
    outer loop
      vertex 3.89924 4.44269 -0.7
      vertex 4.17124 4.23215 0
      vertex 3.89924 4.44269 0
    endloop
  endfacet
  facet normal -0.612099 -0.790781 -0
    outer loop
      vertex 4.17124 4.23215 0
      vertex 3.89924 4.44269 -0.7
      vertex 4.17124 4.23215 -0.7
    endloop
  endfacet
  facet normal 0.918952 -0.394368 0
    outer loop
      vertex 1.37796 3.50892 0
      vertex 1.51361 3.82501 -0.7
      vertex 1.51361 3.82501 0
    endloop
  endfacet
  facet normal 0.918952 -0.394368 0
    outer loop
      vertex 1.51361 3.82501 -0.7
      vertex 1.37796 3.50892 0
      vertex 1.37796 3.50892 -0.7
    endloop
  endfacet
  facet normal 0.820764 -0.571267 0
    outer loop
      vertex 1.51361 3.82501 0
      vertex 1.71011 4.10733 -0.7
      vertex 1.71011 4.10733 0
    endloop
  endfacet
  facet normal 0.820764 -0.571267 0
    outer loop
      vertex 1.71011 4.10733 -0.7
      vertex 1.51361 3.82501 0
      vertex 1.51361 3.82501 -0.7
    endloop
  endfacet
  facet normal 0.97953 -0.201296 0
    outer loop
      vertex 1.30872 3.17199 0
      vertex 1.37796 3.50892 -0.7
      vertex 1.37796 3.50892 0
    endloop
  endfacet
  facet normal 0.97953 -0.201296 0
    outer loop
      vertex 1.37796 3.50892 -0.7
      vertex 1.30872 3.17199 0
      vertex 1.30872 3.17199 -0.7
    endloop
  endfacet
  facet normal 0.528966 -0.848643 0
    outer loop
      vertex 1.95942 4.34432 -0.7
      vertex 2.25133 4.52627 0
      vertex 1.95942 4.34432 0
    endloop
  endfacet
  facet normal 0.528966 -0.848643 0
    outer loop
      vertex 2.25133 4.52627 0
      vertex 1.95942 4.34432 -0.7
      vertex 2.25133 4.52627 -0.7
    endloop
  endfacet
  facet normal 0.151435 -0.988467 0
    outer loop
      vertex 2.57389 4.64573 -0.7
      vertex 2.9139 4.69782 0
      vertex 2.57389 4.64573 0
    endloop
  endfacet
  facet normal 0.151435 -0.988467 0
    outer loop
      vertex 2.9139 4.69782 0
      vertex 2.57389 4.64573 -0.7
      vertex 2.9139 4.69782 -0.7
    endloop
  endfacet
  facet normal -0.994869 0.10117 0
    outer loop
      vertex 4.6652 2.65779 -0.7
      vertex 4.7 3 0
      vertex 4.7 3 -0.7
    endloop
  endfacet
  facet normal -0.994869 0.10117 0
    outer loop
      vertex 4.7 3 0
      vertex 4.6652 2.65779 -0.7
      vertex 4.6652 2.65779 0
    endloop
  endfacet
  facet normal -0.25066 0.968075 0
    outer loop
      vertex 3.59042 1.40582 -0.7
      vertex 3.25743 1.3196 0
      vertex 3.59042 1.40582 0
    endloop
  endfacet
  facet normal -0.25066 0.968075 0
    outer loop
      vertex 3.25743 1.3196 0
      vertex 3.59042 1.40582 -0.7
      vertex 3.25743 1.3196 -0.7
    endloop
  endfacet
  facet normal -0.612099 0.790781 0
    outer loop
      vertex 4.17124 1.76785 -0.7
      vertex 3.89924 1.55731 0
      vertex 4.17124 1.76785 0
    endloop
  endfacet
  facet normal -0.612099 0.790781 0
    outer loop
      vertex 3.89924 1.55731 0
      vertex 4.17124 1.76785 -0.7
      vertex 3.89924 1.55731 -0.7
    endloop
  endfacet
  facet normal 0.528966 0.848643 -0
    outer loop
      vertex 2.25133 1.47373 -0.7
      vertex 1.95942 1.65568 0
      vertex 2.25133 1.47373 0
    endloop
  endfacet
  facet normal 0.528966 0.848643 0
    outer loop
      vertex 1.95942 1.65568 0
      vertex 2.25133 1.47373 -0.7
      vertex 1.95942 1.65568 -0.7
    endloop
  endfacet
  facet normal 0.151435 0.988467 -0
    outer loop
      vertex 2.9139 1.30218 -0.7
      vertex 2.57389 1.35427 0
      vertex 2.9139 1.30218 0
    endloop
  endfacet
  facet normal 0.151435 0.988467 0
    outer loop
      vertex 2.57389 1.35427 0
      vertex 2.9139 1.30218 -0.7
      vertex 2.57389 1.35427 -0.7
    endloop
  endfacet
  facet normal 0.820764 0.571267 0
    outer loop
      vertex 1.71011 1.89267 0
      vertex 1.51361 2.17499 -0.7
      vertex 1.51361 2.17499 0
    endloop
  endfacet
  facet normal 0.820764 0.571267 0
    outer loop
      vertex 1.51361 2.17499 -0.7
      vertex 1.71011 1.89267 0
      vertex 1.71011 1.89267 -0.7
    endloop
  endfacet
  facet normal 0.688972 0.724788 -0
    outer loop
      vertex 1.95942 1.65568 -0.7
      vertex 1.71011 1.89267 0
      vertex 1.95942 1.65568 0
    endloop
  endfacet
  facet normal 0.688972 0.724788 0
    outer loop
      vertex 1.71011 1.89267 0
      vertex 1.95942 1.65568 -0.7
      vertex 1.71011 1.89267 -0.7
    endloop
  endfacet
  facet normal 0.97953 0.201296 0
    outer loop
      vertex 1.37796 2.49108 0
      vertex 1.30872 2.82801 -0.7
      vertex 1.30872 2.82801 0
    endloop
  endfacet
  facet normal 0.97953 0.201296 0
    outer loop
      vertex 1.30872 2.82801 -0.7
      vertex 1.37796 2.49108 0
      vertex 1.37796 2.49108 -0.7
    endloop
  endfacet
  facet normal -0.44041 0.897797 0
    outer loop
      vertex 3.89924 1.55731 -0.7
      vertex 3.59042 1.40582 0
      vertex 3.89924 1.55731 0
    endloop
  endfacet
  facet normal -0.44041 0.897797 0
    outer loop
      vertex 3.59042 1.40582 0
      vertex 3.89924 1.55731 -0.7
      vertex 3.59042 1.40582 -0.7
    endloop
  endfacet
  facet normal -0.954139 0.299362 0
    outer loop
      vertex 4.56223 2.3296 -0.7
      vertex 4.6652 2.65779 0
      vertex 4.6652 2.65779 -0.7
    endloop
  endfacet
  facet normal -0.954139 0.299362 0
    outer loop
      vertex 4.6652 2.65779 0
      vertex 4.56223 2.3296 -0.7
      vertex 4.56223 2.3296 0
    endloop
  endfacet
  facet normal 0.347297 0.937755 -0
    outer loop
      vertex 2.57389 1.35427 -0.7
      vertex 2.25133 1.47373 0
      vertex 2.57389 1.35427 0
    endloop
  endfacet
  facet normal 0.347297 0.937755 0
    outer loop
      vertex 2.25133 1.47373 0
      vertex 2.57389 1.35427 -0.7
      vertex 2.25133 1.47373 -0.7
    endloop
  endfacet
  facet normal 0.918952 0.394368 0
    outer loop
      vertex 1.51361 2.17499 0
      vertex 1.37796 2.49108 -0.7
      vertex 1.37796 2.49108 0
    endloop
  endfacet
  facet normal 0.918952 0.394368 0
    outer loop
      vertex 1.37796 2.49108 -0.7
      vertex 1.51361 2.17499 0
      vertex 1.51361 2.17499 -0.7
    endloop
  endfacet
  facet normal -0.666356 -0.745634 0
    outer loop
      vertex 4.93282 5.42368 -2.4
      vertex 5.19203 5.19203 -0.7
      vertex 4.93282 5.42368 -0.7
    endloop
  endfacet
  facet normal -0.666356 -0.745634 -0
    outer loop
      vertex 5.19203 5.19203 -0.7
      vertex 4.93282 5.42368 -2.4
      vertex 5.19203 5.19203 -2.4
    endloop
  endfacet
  facet normal 0.382691 -0.923877 0
    outer loop
      vertex 1.65496 5.793 -2.4
      vertex 1.97614 5.92604 -0.7
      vertex 1.65496 5.793 -0.7
    endloop
  endfacet
  facet normal 0.382691 -0.923877 0
    outer loop
      vertex 1.97614 5.92604 -0.7
      vertex 1.65496 5.793 -2.4
      vertex 1.97614 5.92604 -2.4
    endloop
  endfacet
  facet normal 0.875224 -0.483718 0
    outer loop
      vertex 0.206997 4.34504 -0.7
      vertex 0.375155 4.6493 -2.4
      vertex 0.375155 4.6493 -0.7
    endloop
  endfacet
  facet normal 0.875224 -0.483718 0
    outer loop
      vertex 0.375155 4.6493 -2.4
      vertex 0.206997 4.34504 -0.7
      vertex 0.206997 4.34504 -2.4
    endloop
  endfacet
  facet normal -0.666349 0.74564 0
    outer loop
      vertex 5.19203 0.807969 -2.4
      vertex 4.93282 0.576323 -0.7
      vertex 5.19203 0.807969 -0.7
    endloop
  endfacet
  facet normal -0.666349 0.74564 0
    outer loop
      vertex 4.93282 0.576323 -0.7
      vertex 5.19203 0.807969 -2.4
      vertex 4.93282 0.576323 -2.4
    endloop
  endfacet
  facet normal -0.998427 0.0560643 0
    outer loop
      vertex 6.08051 2.65291 -2.4
      vertex 6.1 3 -0.7
      vertex 6.1 3 -2.4
    endloop
  endfacet
  facet normal -0.998427 0.0560643 0
    outer loop
      vertex 6.1 3 -0.7
      vertex 6.08051 2.65291 -2.4
      vertex 6.08051 2.65291 -0.7
    endloop
  endfacet
  facet normal -0.923877 -0.382691 0
    outer loop
      vertex 5.92604 4.02386 -2.4
      vertex 5.793 4.34504 -0.7
      vertex 5.793 4.34504 -2.4
    endloop
  endfacet
  facet normal -0.923877 -0.382691 0
    outer loop
      vertex 5.793 4.34504 -0.7
      vertex 5.92604 4.02386 -2.4
      vertex 5.92604 4.02386 -0.7
    endloop
  endfacet
  facet normal -0.875222 -0.483722 0
    outer loop
      vertex 5.793 4.34504 -2.4
      vertex 5.62484 4.6493 -0.7
      vertex 5.62484 4.6493 -2.4
    endloop
  endfacet
  facet normal -0.875222 -0.483722 0
    outer loop
      vertex 5.62484 4.6493 -0.7
      vertex 5.793 4.34504 -2.4
      vertex 5.793 4.34504 -0.7
    endloop
  endfacet
  facet normal -0.745634 -0.666356 0
    outer loop
      vertex 5.42368 4.93282 -2.4
      vertex 5.19203 5.19203 -0.7
      vertex 5.19203 5.19203 -2.4
    endloop
  endfacet
  facet normal -0.745634 -0.666356 0
    outer loop
      vertex 5.19203 5.19203 -0.7
      vertex 5.42368 4.93282 -2.4
      vertex 5.42368 4.93282 -0.7
    endloop
  endfacet
  facet normal -0.483722 -0.875222 0
    outer loop
      vertex 4.34504 5.793 -2.4
      vertex 4.6493 5.62484 -0.7
      vertex 4.34504 5.793 -0.7
    endloop
  endfacet
  facet normal -0.483722 -0.875222 -0
    outer loop
      vertex 4.6493 5.62484 -0.7
      vertex 4.34504 5.793 -2.4
      vertex 4.6493 5.62484 -2.4
    endloop
  endfacet
  facet normal 0.74564 -0.666349 0
    outer loop
      vertex 0.576323 4.93282 -0.7
      vertex 0.807969 5.19203 -2.4
      vertex 0.807969 5.19203 -0.7
    endloop
  endfacet
  facet normal 0.74564 -0.666349 0
    outer loop
      vertex 0.807969 5.19203 -2.4
      vertex 0.576323 4.93282 -0.7
      vertex 0.576323 4.93282 -2.4
    endloop
  endfacet
  facet normal 0.167505 -0.985871 0
    outer loop
      vertex 2.31019 6.02228 -2.4
      vertex 2.65291 6.08051 -0.7
      vertex 2.31019 6.02228 -0.7
    endloop
  endfacet
  facet normal 0.167505 -0.985871 0
    outer loop
      vertex 2.65291 6.08051 -0.7
      vertex 2.31019 6.02228 -2.4
      vertex 2.65291 6.08051 -2.4
    endloop
  endfacet
  facet normal 0.666354 -0.745635 0
    outer loop
      vertex 0.807969 5.19203 -2.4
      vertex 1.06718 5.42368 -0.7
      vertex 0.807969 5.19203 -0.7
    endloop
  endfacet
  facet normal 0.666354 -0.745635 0
    outer loop
      vertex 1.06718 5.42368 -0.7
      vertex 0.807969 5.19203 -2.4
      vertex 1.06718 5.42368 -2.4
    endloop
  endfacet
  facet normal -0.745635 0.666354 0
    outer loop
      vertex 5.19203 0.807969 -2.4
      vertex 5.42368 1.06718 -0.7
      vertex 5.42368 1.06718 -2.4
    endloop
  endfacet
  facet normal -0.745635 0.666354 0
    outer loop
      vertex 5.42368 1.06718 -0.7
      vertex 5.19203 0.807969 -2.4
      vertex 5.19203 0.807969 -0.7
    endloop
  endfacet
  facet normal -0.923877 0.382691 0
    outer loop
      vertex 5.793 1.65496 -2.4
      vertex 5.92604 1.97614 -0.7
      vertex 5.92604 1.97614 -2.4
    endloop
  endfacet
  facet normal -0.923877 0.382691 0
    outer loop
      vertex 5.92604 1.97614 -0.7
      vertex 5.793 1.65496 -2.4
      vertex 5.793 1.65496 -0.7
    endloop
  endfacet
  facet normal 0.167509 0.985871 -0
    outer loop
      vertex 2.65291 -0.0805073 -2.4
      vertex 2.31019 -0.0222759 -0.7
      vertex 2.65291 -0.0805073 -0.7
    endloop
  endfacet
  facet normal 0.167509 0.985871 0
    outer loop
      vertex 2.31019 -0.0222759 -0.7
      vertex 2.65291 -0.0805073 -2.4
      vertex 2.31019 -0.0222759 -2.4
    endloop
  endfacet
  facet normal 0.666348 0.745641 -0
    outer loop
      vertex 1.06718 0.576323 -2.4
      vertex 0.807969 0.807969 -0.7
      vertex 1.06718 0.576323 -0.7
    endloop
  endfacet
  facet normal 0.666348 0.745641 0
    outer loop
      vertex 0.807969 0.807969 -0.7
      vertex 1.06718 0.576323 -2.4
      vertex 0.807969 0.807969 -2.4
    endloop
  endfacet
  facet normal 0.745641 0.666348 0
    outer loop
      vertex 0.807969 0.807969 -0.7
      vertex 0.576323 1.06718 -2.4
      vertex 0.576323 1.06718 -0.7
    endloop
  endfacet
  facet normal 0.745641 0.666348 0
    outer loop
      vertex 0.576323 1.06718 -2.4
      vertex 0.807969 0.807969 -0.7
      vertex 0.807969 0.807969 -2.4
    endloop
  endfacet
  facet normal -0.960916 -0.27684 0
    outer loop
      vertex 6.02228 3.68981 -2.4
      vertex 5.92604 4.02386 -0.7
      vertex 5.92604 4.02386 -2.4
    endloop
  endfacet
  facet normal -0.960916 -0.27684 0
    outer loop
      vertex 5.92604 4.02386 -0.7
      vertex 6.02228 3.68981 -2.4
      vertex 6.02228 3.68981 -0.7
    endloop
  endfacet
  facet normal -0.815572 -0.578656 0
    outer loop
      vertex 5.62484 4.6493 -2.4
      vertex 5.42368 4.93282 -0.7
      vertex 5.42368 4.93282 -2.4
    endloop
  endfacet
  facet normal -0.815572 -0.578656 0
    outer loop
      vertex 5.42368 4.93282 -0.7
      vertex 5.62484 4.6493 -2.4
      vertex 5.62484 4.6493 -0.7
    endloop
  endfacet
  facet normal -0.0560643 -0.998427 0
    outer loop
      vertex 3 6.1 -2.4
      vertex 3.34709 6.08051 -0.7
      vertex 3 6.1 -0.7
    endloop
  endfacet
  facet normal -0.0560643 -0.998427 -0
    outer loop
      vertex 3.34709 6.08051 -0.7
      vertex 3 6.1 -2.4
      vertex 3.34709 6.08051 -2.4
    endloop
  endfacet
  facet normal -0.578656 -0.815572 0
    outer loop
      vertex 4.6493 5.62484 -2.4
      vertex 4.93282 5.42368 -0.7
      vertex 4.6493 5.62484 -0.7
    endloop
  endfacet
  facet normal -0.578656 -0.815572 -0
    outer loop
      vertex 4.93282 5.42368 -0.7
      vertex 4.6493 5.62484 -2.4
      vertex 4.93282 5.42368 -2.4
    endloop
  endfacet
  facet normal -0.382691 -0.923877 0
    outer loop
      vertex 4.02386 5.92604 -2.4
      vertex 4.34504 5.793 -0.7
      vertex 4.02386 5.92604 -0.7
    endloop
  endfacet
  facet normal -0.382691 -0.923877 -0
    outer loop
      vertex 4.34504 5.793 -0.7
      vertex 4.02386 5.92604 -2.4
      vertex 4.34504 5.793 -2.4
    endloop
  endfacet
  facet normal -0.27684 -0.960916 0
    outer loop
      vertex 3.68981 6.02228 -2.4
      vertex 4.02386 5.92604 -0.7
      vertex 3.68981 6.02228 -0.7
    endloop
  endfacet
  facet normal -0.27684 -0.960916 -0
    outer loop
      vertex 4.02386 5.92604 -0.7
      vertex 3.68981 6.02228 -2.4
      vertex 4.02386 5.92604 -2.4
    endloop
  endfacet
  facet normal 0.998427 -0.0560703 0
    outer loop
      vertex -0.0999994 3 -0.7
      vertex -0.0805073 3.34709 -2.4
      vertex -0.0805073 3.34709 -0.7
    endloop
  endfacet
  facet normal 0.998427 -0.0560703 0
    outer loop
      vertex -0.0805073 3.34709 -2.4
      vertex -0.0999994 3 -0.7
      vertex -0.0999994 3 -2.4
    endloop
  endfacet
  facet normal 0.923882 -0.382678 0
    outer loop
      vertex 0.0739622 4.02386 -0.7
      vertex 0.206997 4.34504 -2.4
      vertex 0.206997 4.34504 -0.7
    endloop
  endfacet
  facet normal 0.923882 -0.382678 0
    outer loop
      vertex 0.206997 4.34504 -2.4
      vertex 0.0739622 4.02386 -0.7
      vertex 0.0739622 4.02386 -2.4
    endloop
  endfacet
  facet normal 0.960917 -0.276835 0
    outer loop
      vertex -0.0222759 3.68981 -0.7
      vertex 0.0739622 4.02386 -2.4
      vertex 0.0739622 4.02386 -0.7
    endloop
  endfacet
  facet normal 0.960917 -0.276835 0
    outer loop
      vertex 0.0739622 4.02386 -2.4
      vertex -0.0222759 3.68981 -0.7
      vertex -0.0222759 3.68981 -2.4
    endloop
  endfacet
  facet normal 0.815561 -0.578671 0
    outer loop
      vertex 0.375155 4.6493 -0.7
      vertex 0.576323 4.93282 -2.4
      vertex 0.576323 4.93282 -0.7
    endloop
  endfacet
  facet normal 0.815561 -0.578671 0
    outer loop
      vertex 0.576323 4.93282 -2.4
      vertex 0.375155 4.6493 -0.7
      vertex 0.375155 4.6493 -2.4
    endloop
  endfacet
  facet normal 0.27684 -0.960916 0
    outer loop
      vertex 1.97614 5.92604 -2.4
      vertex 2.31019 6.02228 -0.7
      vertex 1.97614 5.92604 -0.7
    endloop
  endfacet
  facet normal 0.27684 -0.960916 0
    outer loop
      vertex 2.31019 6.02228 -0.7
      vertex 1.97614 5.92604 -2.4
      vertex 2.31019 6.02228 -2.4
    endloop
  endfacet
  facet normal 0.0560643 -0.998427 0
    outer loop
      vertex 2.65291 6.08051 -2.4
      vertex 3 6.1 -0.7
      vertex 2.65291 6.08051 -0.7
    endloop
  endfacet
  facet normal 0.0560643 -0.998427 0
    outer loop
      vertex 3 6.1 -0.7
      vertex 2.65291 6.08051 -2.4
      vertex 3 6.1 -2.4
    endloop
  endfacet
  facet normal 0.578656 -0.815572 0
    outer loop
      vertex 1.06718 5.42368 -2.4
      vertex 1.3507 5.62484 -0.7
      vertex 1.06718 5.42368 -0.7
    endloop
  endfacet
  facet normal 0.578656 -0.815572 0
    outer loop
      vertex 1.3507 5.62484 -0.7
      vertex 1.06718 5.42368 -2.4
      vertex 1.3507 5.62484 -2.4
    endloop
  endfacet
  facet normal 0.483722 -0.875222 0
    outer loop
      vertex 1.3507 5.62484 -2.4
      vertex 1.65496 5.793 -0.7
      vertex 1.3507 5.62484 -0.7
    endloop
  endfacet
  facet normal 0.483722 -0.875222 0
    outer loop
      vertex 1.65496 5.793 -0.7
      vertex 1.3507 5.62484 -2.4
      vertex 1.65496 5.793 -2.4
    endloop
  endfacet
  facet normal -0.998427 -0.0560643 0
    outer loop
      vertex 6.1 3 -2.4
      vertex 6.08051 3.34709 -0.7
      vertex 6.08051 3.34709 -2.4
    endloop
  endfacet
  facet normal -0.998427 -0.0560643 0
    outer loop
      vertex 6.08051 3.34709 -0.7
      vertex 6.1 3 -2.4
      vertex 6.1 3 -0.7
    endloop
  endfacet
  facet normal -0.0560703 0.998427 0
    outer loop
      vertex 3.34709 -0.0805073 -2.4
      vertex 3 -0.0999994 -0.7
      vertex 3.34709 -0.0805073 -0.7
    endloop
  endfacet
  facet normal -0.0560703 0.998427 0
    outer loop
      vertex 3 -0.0999994 -0.7
      vertex 3.34709 -0.0805073 -2.4
      vertex 3 -0.0999994 -2.4
    endloop
  endfacet
  facet normal -0.960916 0.27684 0
    outer loop
      vertex 5.92604 1.97614 -2.4
      vertex 6.02228 2.31019 -0.7
      vertex 6.02228 2.31019 -2.4
    endloop
  endfacet
  facet normal -0.960916 0.27684 0
    outer loop
      vertex 6.02228 2.31019 -0.7
      vertex 5.92604 1.97614 -2.4
      vertex 5.92604 1.97614 -0.7
    endloop
  endfacet
  facet normal -0.815572 0.578656 0
    outer loop
      vertex 5.42368 1.06718 -2.4
      vertex 5.62484 1.3507 -0.7
      vertex 5.62484 1.3507 -2.4
    endloop
  endfacet
  facet normal -0.815572 0.578656 0
    outer loop
      vertex 5.62484 1.3507 -0.7
      vertex 5.42368 1.06718 -2.4
      vertex 5.42368 1.06718 -0.7
    endloop
  endfacet
  facet normal -0.167509 0.985871 0
    outer loop
      vertex 3.68981 -0.0222759 -2.4
      vertex 3.34709 -0.0805073 -0.7
      vertex 3.68981 -0.0222759 -0.7
    endloop
  endfacet
  facet normal -0.167509 0.985871 0
    outer loop
      vertex 3.34709 -0.0805073 -0.7
      vertex 3.68981 -0.0222759 -2.4
      vertex 3.34709 -0.0805073 -2.4
    endloop
  endfacet
  facet normal -0.276835 0.960917 0
    outer loop
      vertex 4.02386 0.0739622 -2.4
      vertex 3.68981 -0.0222759 -0.7
      vertex 4.02386 0.0739622 -0.7
    endloop
  endfacet
  facet normal -0.276835 0.960917 0
    outer loop
      vertex 3.68981 -0.0222759 -0.7
      vertex 4.02386 0.0739622 -2.4
      vertex 3.68981 -0.0222759 -2.4
    endloop
  endfacet
  facet normal -0.483718 0.875224 0
    outer loop
      vertex 4.6493 0.375155 -2.4
      vertex 4.34504 0.206997 -0.7
      vertex 4.6493 0.375155 -0.7
    endloop
  endfacet
  facet normal -0.483718 0.875224 0
    outer loop
      vertex 4.34504 0.206997 -0.7
      vertex 4.6493 0.375155 -2.4
      vertex 4.34504 0.206997 -2.4
    endloop
  endfacet
  facet normal 0.0560703 0.998427 -0
    outer loop
      vertex 3 -0.0999994 -2.4
      vertex 2.65291 -0.0805073 -0.7
      vertex 3 -0.0999994 -0.7
    endloop
  endfacet
  facet normal 0.0560703 0.998427 0
    outer loop
      vertex 2.65291 -0.0805073 -0.7
      vertex 3 -0.0999994 -2.4
      vertex 2.65291 -0.0805073 -2.4
    endloop
  endfacet
  facet normal 0.382678 0.923882 -0
    outer loop
      vertex 1.97614 0.0739622 -2.4
      vertex 1.65496 0.206997 -0.7
      vertex 1.97614 0.0739622 -0.7
    endloop
  endfacet
  facet normal 0.382678 0.923882 0
    outer loop
      vertex 1.65496 0.206997 -0.7
      vertex 1.97614 0.0739622 -2.4
      vertex 1.65496 0.206997 -2.4
    endloop
  endfacet
  facet normal 0.578671 0.815561 -0
    outer loop
      vertex 1.3507 0.375155 -2.4
      vertex 1.06718 0.576323 -0.7
      vertex 1.3507 0.375155 -0.7
    endloop
  endfacet
  facet normal 0.578671 0.815561 0
    outer loop
      vertex 1.06718 0.576323 -0.7
      vertex 1.3507 0.375155 -2.4
      vertex 1.06718 0.576323 -2.4
    endloop
  endfacet
  facet normal 0.960917 0.276835 0
    outer loop
      vertex 0.0739622 1.97614 -0.7
      vertex -0.0222759 2.31019 -2.4
      vertex -0.0222759 2.31019 -0.7
    endloop
  endfacet
  facet normal 0.960917 0.276835 0
    outer loop
      vertex -0.0222759 2.31019 -2.4
      vertex 0.0739622 1.97614 -0.7
      vertex 0.0739622 1.97614 -2.4
    endloop
  endfacet
  facet normal 0.998427 0.0560703 0
    outer loop
      vertex -0.0805073 2.65291 -0.7
      vertex -0.0999994 3 -2.4
      vertex -0.0999994 3 -0.7
    endloop
  endfacet
  facet normal 0.998427 0.0560703 0
    outer loop
      vertex -0.0999994 3 -2.4
      vertex -0.0805073 2.65291 -0.7
      vertex -0.0805073 2.65291 -2.4
    endloop
  endfacet
  facet normal 0.875224 0.483718 0
    outer loop
      vertex 0.375155 1.3507 -0.7
      vertex 0.206997 1.65496 -2.4
      vertex 0.206997 1.65496 -0.7
    endloop
  endfacet
  facet normal 0.875224 0.483718 0
    outer loop
      vertex 0.206997 1.65496 -2.4
      vertex 0.375155 1.3507 -0.7
      vertex 0.375155 1.3507 -2.4
    endloop
  endfacet
  facet normal -0.985871 -0.167505 0
    outer loop
      vertex 6.08051 3.34709 -2.4
      vertex 6.02228 3.68981 -0.7
      vertex 6.02228 3.68981 -2.4
    endloop
  endfacet
  facet normal -0.985871 -0.167505 0
    outer loop
      vertex 6.02228 3.68981 -0.7
      vertex 6.08051 3.34709 -2.4
      vertex 6.08051 3.34709 -0.7
    endloop
  endfacet
  facet normal -0.167505 -0.985871 0
    outer loop
      vertex 3.34709 6.08051 -2.4
      vertex 3.68981 6.02228 -0.7
      vertex 3.34709 6.08051 -0.7
    endloop
  endfacet
  facet normal -0.167505 -0.985871 -0
    outer loop
      vertex 3.68981 6.02228 -0.7
      vertex 3.34709 6.08051 -2.4
      vertex 3.68981 6.02228 -2.4
    endloop
  endfacet
  facet normal 0 0 -1
    outer loop
      vertex 4.7 3 -0.7
      vertex 6.1 3 -0.7
      vertex 6.08051 2.65291 -0.7
    endloop
  endfacet
  facet normal 0 0 -1
    outer loop
      vertex 4.6652 2.65779 -0.7
      vertex 6.08051 2.65291 -0.7
      vertex 6.02228 2.31019 -0.7
    endloop
  endfacet
  facet normal 0 0 -1
    outer loop
      vertex 6.1 3 -0.7
      vertex 4.7 3 -0.7
      vertex 6.08051 3.34709 -0.7
    endloop
  endfacet
  facet normal 0 0 -1
    outer loop
      vertex 4.6652 2.65779 -0.7
      vertex 6.02228 2.31019 -0.7
      vertex 5.92604 1.97614 -0.7
    endloop
  endfacet
  facet normal 0 0 -1
    outer loop
      vertex 4.6652 3.34221 -0.7
      vertex 6.08051 3.34709 -0.7
      vertex 4.7 3 -0.7
    endloop
  endfacet
  facet normal 0 0 -1
    outer loop
      vertex 4.56223 2.3296 -0.7
      vertex 5.92604 1.97614 -0.7
      vertex 5.793 1.65496 -0.7
    endloop
  endfacet
  facet normal -0 0 -1
    outer loop
      vertex 6.08051 3.34709 -0.7
      vertex 4.6652 3.34221 -0.7
      vertex 6.02228 3.68981 -0.7
    endloop
  endfacet
  facet normal 0 0 -1
    outer loop
      vertex 4.56223 2.3296 -0.7
      vertex 5.793 1.65496 -0.7
      vertex 5.62484 1.3507 -0.7
    endloop
  endfacet
  facet normal -0 0 -1
    outer loop
      vertex 6.02228 3.68981 -0.7
      vertex 4.6652 3.34221 -0.7
      vertex 5.92604 4.02386 -0.7
    endloop
  endfacet
  facet normal 0 0 -1
    outer loop
      vertex 4.3953 2.02884 -0.7
      vertex 5.62484 1.3507 -0.7
      vertex 5.42368 1.06718 -0.7
    endloop
  endfacet
  facet normal 0 0 -1
    outer loop
      vertex 4.56223 3.6704 -0.7
      vertex 5.92604 4.02386 -0.7
      vertex 4.6652 3.34221 -0.7
    endloop
  endfacet
  facet normal 0 0 -1
    outer loop
      vertex 4.17124 1.76785 -0.7
      vertex 5.42368 1.06718 -0.7
      vertex 5.19203 0.807969 -0.7
    endloop
  endfacet
  facet normal -0 0 -1
    outer loop
      vertex 5.92604 4.02386 -0.7
      vertex 4.56223 3.6704 -0.7
      vertex 5.793 4.34504 -0.7
    endloop
  endfacet
  facet normal 0 0 -1
    outer loop
      vertex 4.17124 1.76785 -0.7
      vertex 5.19203 0.807969 -0.7
      vertex 4.93282 0.576323 -0.7
    endloop
  endfacet
  facet normal -0 0 -1
    outer loop
      vertex 5.793 4.34504 -0.7
      vertex 4.56223 3.6704 -0.7
      vertex 5.62484 4.6493 -0.7
    endloop
  endfacet
  facet normal 0 0 -1
    outer loop
      vertex 4.3953 3.97116 -0.7
      vertex 5.62484 4.6493 -0.7
      vertex 4.56223 3.6704 -0.7
    endloop
  endfacet
  facet normal 0 0 -1
    outer loop
      vertex 6.08051 2.65291 -0.7
      vertex 4.6652 2.65779 -0.7
      vertex 4.7 3 -0.7
    endloop
  endfacet
  facet normal 0 0 -1
    outer loop
      vertex 3.89924 1.55731 -0.7
      vertex 4.93282 0.576323 -0.7
      vertex 4.6493 0.375155 -0.7
    endloop
  endfacet
  facet normal 0 0 -1
    outer loop
      vertex 5.92604 1.97614 -0.7
      vertex 4.56223 2.3296 -0.7
      vertex 4.6652 2.65779 -0.7
    endloop
  endfacet
  facet normal 0 0 -1
    outer loop
      vertex 5.62484 1.3507 -0.7
      vertex 4.3953 2.02884 -0.7
      vertex 4.56223 2.3296 -0.7
    endloop
  endfacet
  facet normal 0 0 -1
    outer loop
      vertex 3.89924 1.55731 -0.7
      vertex 4.6493 0.375155 -0.7
      vertex 4.34504 0.206997 -0.7
    endloop
  endfacet
  facet normal 0 0 -1
    outer loop
      vertex 5.42368 1.06718 -0.7
      vertex 4.17124 1.76785 -0.7
      vertex 4.3953 2.02884 -0.7
    endloop
  endfacet
  facet normal 0 0 -1
    outer loop
      vertex 3.59042 1.40582 -0.7
      vertex 4.34504 0.206997 -0.7
      vertex 4.02386 0.0739622 -0.7
    endloop
  endfacet
  facet normal 0 0 -1
    outer loop
      vertex 4.93282 0.576323 -0.7
      vertex 3.89924 1.55731 -0.7
      vertex 4.17124 1.76785 -0.7
    endloop
  endfacet
  facet normal 0 0 -1
    outer loop
      vertex 3.59042 1.40582 -0.7
      vertex 4.02386 0.0739622 -0.7
      vertex 3.68981 -0.0222759 -0.7
    endloop
  endfacet
  facet normal 0 0 -1
    outer loop
      vertex 4.34504 0.206997 -0.7
      vertex 3.59042 1.40582 -0.7
      vertex 3.89924 1.55731 -0.7
    endloop
  endfacet
  facet normal 0 0 -1
    outer loop
      vertex 3.25743 1.3196 -0.7
      vertex 3.68981 -0.0222759 -0.7
      vertex 3.34709 -0.0805073 -0.7
    endloop
  endfacet
  facet normal 0 0 -1
    outer loop
      vertex 3.68981 -0.0222759 -0.7
      vertex 3.25743 1.3196 -0.7
      vertex 3.59042 1.40582 -0.7
    endloop
  endfacet
  facet normal 0 0 -1
    outer loop
      vertex 3 -0.0999994 -0.7
      vertex 3.25743 1.3196 -0.7
      vertex 3.34709 -0.0805073 -0.7
    endloop
  endfacet
  facet normal 0 0 -1
    outer loop
      vertex 3 -0.0999994 -0.7
      vertex 2.9139 1.30218 -0.7
      vertex 3.25743 1.3196 -0.7
    endloop
  endfacet
  facet normal 0 0 -1
    outer loop
      vertex 2.65291 -0.0805073 -0.7
      vertex 2.9139 1.30218 -0.7
      vertex 3 -0.0999994 -0.7
    endloop
  endfacet
  facet normal 0 0 -1
    outer loop
      vertex 2.65291 -0.0805073 -0.7
      vertex 2.57389 1.35427 -0.7
      vertex 2.9139 1.30218 -0.7
    endloop
  endfacet
  facet normal 0 0 -1
    outer loop
      vertex 2.31019 -0.0222759 -0.7
      vertex 2.57389 1.35427 -0.7
      vertex 2.65291 -0.0805073 -0.7
    endloop
  endfacet
  facet normal 0 0 -1
    outer loop
      vertex 1.97614 0.0739622 -0.7
      vertex 2.57389 1.35427 -0.7
      vertex 2.31019 -0.0222759 -0.7
    endloop
  endfacet
  facet normal -0 0 -1
    outer loop
      vertex 2.57389 1.35427 -0.7
      vertex 1.97614 0.0739622 -0.7
      vertex 2.25133 1.47373 -0.7
    endloop
  endfacet
  facet normal 0 0 -1
    outer loop
      vertex 1.65496 0.206997 -0.7
      vertex 2.25133 1.47373 -0.7
      vertex 1.97614 0.0739622 -0.7
    endloop
  endfacet
  facet normal 0 0 -1
    outer loop
      vertex 1.3507 0.375155 -0.7
      vertex 2.25133 1.47373 -0.7
      vertex 1.65496 0.206997 -0.7
    endloop
  endfacet
  facet normal -0 0 -1
    outer loop
      vertex 2.25133 1.47373 -0.7
      vertex 1.3507 0.375155 -0.7
      vertex 1.95942 1.65568 -0.7
    endloop
  endfacet
  facet normal 0 0 -1
    outer loop
      vertex 1.06718 0.576323 -0.7
      vertex 1.95942 1.65568 -0.7
      vertex 1.3507 0.375155 -0.7
    endloop
  endfacet
  facet normal 0 0 -1
    outer loop
      vertex 0.807969 0.807969 -0.7
      vertex 1.95942 1.65568 -0.7
      vertex 1.06718 0.576323 -0.7
    endloop
  endfacet
  facet normal -0 0 -1
    outer loop
      vertex 1.95942 1.65568 -0.7
      vertex 0.807969 0.807969 -0.7
      vertex 1.71011 1.89267 -0.7
    endloop
  endfacet
  facet normal 0 0 -1
    outer loop
      vertex 0.576323 1.06718 -0.7
      vertex 1.71011 1.89267 -0.7
      vertex 0.807969 0.807969 -0.7
    endloop
  endfacet
  facet normal -0 0 -1
    outer loop
      vertex 1.71011 1.89267 -0.7
      vertex 0.375155 1.3507 -0.7
      vertex 1.51361 2.17499 -0.7
    endloop
  endfacet
  facet normal 0 0 -1
    outer loop
      vertex 0.375155 1.3507 -0.7
      vertex 1.71011 1.89267 -0.7
      vertex 0.576323 1.06718 -0.7
    endloop
  endfacet
  facet normal -0 0 -1
    outer loop
      vertex 5.62484 4.6493 -0.7
      vertex 4.3953 3.97116 -0.7
      vertex 5.42368 4.93282 -0.7
    endloop
  endfacet
  facet normal 0 0 -1
    outer loop
      vertex 4.17124 4.23215 -0.7
      vertex 5.42368 4.93282 -0.7
      vertex 4.3953 3.97116 -0.7
    endloop
  endfacet
  facet normal -0 0 -1
    outer loop
      vertex 5.42368 4.93282 -0.7
      vertex 4.17124 4.23215 -0.7
      vertex 5.19203 5.19203 -0.7
    endloop
  endfacet
  facet normal -0 0 -1
    outer loop
      vertex 5.19203 5.19203 -0.7
      vertex 4.17124 4.23215 -0.7
      vertex 4.93282 5.42368 -0.7
    endloop
  endfacet
  facet normal 0 0 -1
    outer loop
      vertex 3.89924 4.44269 -0.7
      vertex 4.93282 5.42368 -0.7
      vertex 4.17124 4.23215 -0.7
    endloop
  endfacet
  facet normal -0 0 -1
    outer loop
      vertex 4.93282 5.42368 -0.7
      vertex 3.89924 4.44269 -0.7
      vertex 4.6493 5.62484 -0.7
    endloop
  endfacet
  facet normal -0 0 -1
    outer loop
      vertex 4.6493 5.62484 -0.7
      vertex 3.89924 4.44269 -0.7
      vertex 4.34504 5.793 -0.7
    endloop
  endfacet
  facet normal 0 0 -1
    outer loop
      vertex 3.59042 4.59418 -0.7
      vertex 4.34504 5.793 -0.7
      vertex 3.89924 4.44269 -0.7
    endloop
  endfacet
  facet normal -0 0 -1
    outer loop
      vertex 4.34504 5.793 -0.7
      vertex 3.59042 4.59418 -0.7
      vertex 4.02386 5.92604 -0.7
    endloop
  endfacet
  facet normal -0 0 -1
    outer loop
      vertex 4.02386 5.92604 -0.7
      vertex 3.59042 4.59418 -0.7
      vertex 3.68981 6.02228 -0.7
    endloop
  endfacet
  facet normal 0 0 -1
    outer loop
      vertex 3.25743 4.6804 -0.7
      vertex 3.68981 6.02228 -0.7
      vertex 3.59042 4.59418 -0.7
    endloop
  endfacet
  facet normal -0 0 -1
    outer loop
      vertex 3.68981 6.02228 -0.7
      vertex 3.25743 4.6804 -0.7
      vertex 3.34709 6.08051 -0.7
    endloop
  endfacet
  facet normal 0 0 -1
    outer loop
      vertex 3.25743 4.6804 -0.7
      vertex 3 6.1 -0.7
      vertex 3.34709 6.08051 -0.7
    endloop
  endfacet
  facet normal 0 0 -1
    outer loop
      vertex 2.9139 4.69782 -0.7
      vertex 3 6.1 -0.7
      vertex 3.25743 4.6804 -0.7
    endloop
  endfacet
  facet normal 0 0 -1
    outer loop
      vertex 2.9139 4.69782 -0.7
      vertex 2.65291 6.08051 -0.7
      vertex 3 6.1 -0.7
    endloop
  endfacet
  facet normal 0 0 -1
    outer loop
      vertex 2.57389 4.64573 -0.7
      vertex 2.65291 6.08051 -0.7
      vertex 2.9139 4.69782 -0.7
    endloop
  endfacet
  facet normal 0 0 -1
    outer loop
      vertex 2.57389 4.64573 -0.7
      vertex 2.31019 6.02228 -0.7
      vertex 2.65291 6.08051 -0.7
    endloop
  endfacet
  facet normal 0 0 -1
    outer loop
      vertex 1.97614 5.92604 -0.7
      vertex 2.57389 4.64573 -0.7
      vertex 2.25133 4.52627 -0.7
    endloop
  endfacet
  facet normal 0 0 -1
    outer loop
      vertex 2.57389 4.64573 -0.7
      vertex 1.97614 5.92604 -0.7
      vertex 2.31019 6.02228 -0.7
    endloop
  endfacet
  facet normal 0 0 -1
    outer loop
      vertex 1.3507 5.62484 -0.7
      vertex 2.25133 4.52627 -0.7
      vertex 1.95942 4.34432 -0.7
    endloop
  endfacet
  facet normal 0 0 -1
    outer loop
      vertex 0.807969 5.19203 -0.7
      vertex 1.95942 4.34432 -0.7
      vertex 1.71011 4.10733 -0.7
    endloop
  endfacet
  facet normal 0 0 -1
    outer loop
      vertex 2.25133 4.52627 -0.7
      vertex 1.65496 5.793 -0.7
      vertex 1.97614 5.92604 -0.7
    endloop
  endfacet
  facet normal 0 0 -1
    outer loop
      vertex 0.375155 4.6493 -0.7
      vertex 1.71011 4.10733 -0.7
      vertex 1.51361 3.82501 -0.7
    endloop
  endfacet
  facet normal 0 0 -1
    outer loop
      vertex 0.206997 4.34504 -0.7
      vertex 1.51361 3.82501 -0.7
      vertex 1.37796 3.50892 -0.7
    endloop
  endfacet
  facet normal 0 0 -1
    outer loop
      vertex 2.25133 4.52627 -0.7
      vertex 1.3507 5.62484 -0.7
      vertex 1.65496 5.793 -0.7
    endloop
  endfacet
  facet normal 0 0 -1
    outer loop
      vertex -0.0222759 3.68981 -0.7
      vertex 1.37796 3.50892 -0.7
      vertex 1.30872 3.17199 -0.7
    endloop
  endfacet
  facet normal 0 0 -1
    outer loop
      vertex 0.206997 1.65496 -0.7
      vertex 1.51361 2.17499 -0.7
      vertex 0.375155 1.3507 -0.7
    endloop
  endfacet
  facet normal 0 0 -1
    outer loop
      vertex 1.95942 4.34432 -0.7
      vertex 1.06718 5.42368 -0.7
      vertex 1.3507 5.62484 -0.7
    endloop
  endfacet
  facet normal -0 0 -1
    outer loop
      vertex 1.51361 2.17499 -0.7
      vertex 0.206997 1.65496 -0.7
      vertex 1.37796 2.49108 -0.7
    endloop
  endfacet
  facet normal 0 0 -1
    outer loop
      vertex 1.95942 4.34432 -0.7
      vertex 0.807969 5.19203 -0.7
      vertex 1.06718 5.42368 -0.7
    endloop
  endfacet
  facet normal 0 0 -1
    outer loop
      vertex 0.0739622 1.97614 -0.7
      vertex 1.37796 2.49108 -0.7
      vertex 0.206997 1.65496 -0.7
    endloop
  endfacet
  facet normal 0 0 -1
    outer loop
      vertex 1.71011 4.10733 -0.7
      vertex 0.576323 4.93282 -0.7
      vertex 0.807969 5.19203 -0.7
    endloop
  endfacet
  facet normal 0 0 -1
    outer loop
      vertex -0.0222759 2.31019 -0.7
      vertex 1.37796 2.49108 -0.7
      vertex 0.0739622 1.97614 -0.7
    endloop
  endfacet
  facet normal 0 0 -1
    outer loop
      vertex 1.71011 4.10733 -0.7
      vertex 0.375155 4.6493 -0.7
      vertex 0.576323 4.93282 -0.7
    endloop
  endfacet
  facet normal -0 0 -1
    outer loop
      vertex 1.37796 2.49108 -0.7
      vertex -0.0222759 2.31019 -0.7
      vertex 1.30872 2.82801 -0.7
    endloop
  endfacet
  facet normal 0 0 -1
    outer loop
      vertex 1.51361 3.82501 -0.7
      vertex 0.206997 4.34504 -0.7
      vertex 0.375155 4.6493 -0.7
    endloop
  endfacet
  facet normal 0 0 -1
    outer loop
      vertex -0.0805073 2.65291 -0.7
      vertex 1.30872 2.82801 -0.7
      vertex -0.0222759 2.31019 -0.7
    endloop
  endfacet
  facet normal 0 0 -1
    outer loop
      vertex 1.37796 3.50892 -0.7
      vertex 0.0739622 4.02386 -0.7
      vertex 0.206997 4.34504 -0.7
    endloop
  endfacet
  facet normal 0 0 -1
    outer loop
      vertex -0.0999994 3 -0.7
      vertex 1.30872 2.82801 -0.7
      vertex -0.0805073 2.65291 -0.7
    endloop
  endfacet
  facet normal 0 0 -1
    outer loop
      vertex 1.37796 3.50892 -0.7
      vertex -0.0222759 3.68981 -0.7
      vertex 0.0739622 4.02386 -0.7
    endloop
  endfacet
  facet normal 0 0 -1
    outer loop
      vertex 1.30872 2.82801 -0.7
      vertex -0.0999994 3 -0.7
      vertex 1.30872 3.17199 -0.7
    endloop
  endfacet
  facet normal 0 0 -1
    outer loop
      vertex 1.30872 3.17199 -0.7
      vertex -0.0805073 3.34709 -0.7
      vertex -0.0222759 3.68981 -0.7
    endloop
  endfacet
  facet normal -0 0 -1
    outer loop
      vertex 1.30872 3.17199 -0.7
      vertex -0.0999994 3 -0.7
      vertex -0.0805073 3.34709 -0.7
    endloop
  endfacet
  facet normal 0.985871 -0.167509 0
    outer loop
      vertex -0.0805073 3.34709 -0.7
      vertex -0.0222759 3.68981 -2.4
      vertex -0.0222759 3.68981 -0.7
    endloop
  endfacet
  facet normal 0.985871 -0.167509 0
    outer loop
      vertex -0.0222759 3.68981 -2.4
      vertex -0.0805073 3.34709 -0.7
      vertex -0.0805073 3.34709 -2.4
    endloop
  endfacet
  facet normal -0.985871 0.167505 0
    outer loop
      vertex 6.02228 2.31019 -2.4
      vertex 6.08051 2.65291 -0.7
      vertex 6.08051 2.65291 -2.4
    endloop
  endfacet
  facet normal -0.985871 0.167505 0
    outer loop
      vertex 6.08051 2.65291 -0.7
      vertex 6.02228 2.31019 -2.4
      vertex 6.02228 2.31019 -0.7
    endloop
  endfacet
  facet normal -0.382678 0.923882 0
    outer loop
      vertex 4.34504 0.206997 -2.4
      vertex 4.02386 0.0739622 -0.7
      vertex 4.34504 0.206997 -0.7
    endloop
  endfacet
  facet normal -0.382678 0.923882 0
    outer loop
      vertex 4.02386 0.0739622 -0.7
      vertex 4.34504 0.206997 -2.4
      vertex 4.02386 0.0739622 -2.4
    endloop
  endfacet
  facet normal -0.578671 0.815561 0
    outer loop
      vertex 4.93282 0.576323 -2.4
      vertex 4.6493 0.375155 -0.7
      vertex 4.93282 0.576323 -0.7
    endloop
  endfacet
  facet normal -0.578671 0.815561 0
    outer loop
      vertex 4.6493 0.375155 -0.7
      vertex 4.93282 0.576323 -2.4
      vertex 4.6493 0.375155 -2.4
    endloop
  endfacet
  facet normal 0.276835 0.960917 -0
    outer loop
      vertex 2.31019 -0.0222759 -2.4
      vertex 1.97614 0.0739622 -0.7
      vertex 2.31019 -0.0222759 -0.7
    endloop
  endfacet
  facet normal 0.276835 0.960917 0
    outer loop
      vertex 1.97614 0.0739622 -0.7
      vertex 2.31019 -0.0222759 -2.4
      vertex 1.97614 0.0739622 -2.4
    endloop
  endfacet
  facet normal 0.483718 0.875224 -0
    outer loop
      vertex 1.65496 0.206997 -2.4
      vertex 1.3507 0.375155 -0.7
      vertex 1.65496 0.206997 -0.7
    endloop
  endfacet
  facet normal 0.483718 0.875224 0
    outer loop
      vertex 1.3507 0.375155 -0.7
      vertex 1.65496 0.206997 -2.4
      vertex 1.3507 0.375155 -2.4
    endloop
  endfacet
  facet normal 0.923882 0.382678 0
    outer loop
      vertex 0.206997 1.65496 -0.7
      vertex 0.0739622 1.97614 -2.4
      vertex 0.0739622 1.97614 -0.7
    endloop
  endfacet
  facet normal 0.923882 0.382678 0
    outer loop
      vertex 0.0739622 1.97614 -2.4
      vertex 0.206997 1.65496 -0.7
      vertex 0.206997 1.65496 -2.4
    endloop
  endfacet
  facet normal 0.985871 0.167509 0
    outer loop
      vertex -0.0222759 2.31019 -0.7
      vertex -0.0805073 2.65291 -2.4
      vertex -0.0805073 2.65291 -0.7
    endloop
  endfacet
  facet normal 0.985871 0.167509 0
    outer loop
      vertex -0.0805073 2.65291 -2.4
      vertex -0.0222759 2.31019 -0.7
      vertex -0.0222759 2.31019 -2.4
    endloop
  endfacet
  facet normal 0.815561 0.578671 0
    outer loop
      vertex 0.576323 1.06718 -0.7
      vertex 0.375155 1.3507 -2.4
      vertex 0.375155 1.3507 -0.7
    endloop
  endfacet
  facet normal 0.815561 0.578671 0
    outer loop
      vertex 0.375155 1.3507 -2.4
      vertex 0.576323 1.06718 -0.7
      vertex 0.576323 1.06718 -2.4
    endloop
  endfacet
  facet normal -0.875222 0.483722 0
    outer loop
      vertex 5.62484 1.3507 -2.4
      vertex 5.793 1.65496 -0.7
      vertex 5.793 1.65496 -2.4
    endloop
  endfacet
  facet normal -0.875222 0.483722 0
    outer loop
      vertex 5.793 1.65496 -0.7
      vertex 5.62484 1.3507 -2.4
      vertex 5.62484 1.3507 -0.7
    endloop
  endfacet
  facet normal -0.99481 -0.101746 0
    outer loop
      vertex 132.7 3 -0.7
      vertex 132.665 3.34221 0
      vertex 132.665 3.34221 -0.7
    endloop
  endfacet
  facet normal -0.99481 -0.101746 0
    outer loop
      vertex 132.665 3.34221 0
      vertex 132.7 3 -0.7
      vertex 132.7 3 0
    endloop
  endfacet
  facet normal 1 -0 0
    outer loop
      vertex 129.309 2.82801 0
      vertex 129.309 3.17199 -0.7
      vertex 129.309 3.17199 0
    endloop
  endfacet
  facet normal 1 0 0
    outer loop
      vertex 129.309 3.17199 -0.7
      vertex 129.309 2.82801 0
      vertex 129.309 2.82801 -0.7
    endloop
  endfacet
  facet normal -0.0507218 -0.998713 0
    outer loop
      vertex 130.914 4.69782 -0.7
      vertex 131.257 4.6804 0
      vertex 130.914 4.69782 0
    endloop
  endfacet
  facet normal -0.0507218 -0.998713 -0
    outer loop
      vertex 131.257 4.6804 0
      vertex 130.914 4.69782 -0.7
      vertex 131.257 4.6804 -0.7
    endloop
  endfacet
  facet normal -0.0507218 0.998713 0
    outer loop
      vertex 131.257 1.3196 -0.7
      vertex 130.914 1.30218 0
      vertex 131.257 1.3196 0
    endloop
  endfacet
  facet normal -0.0507218 0.998713 0
    outer loop
      vertex 130.914 1.30218 0
      vertex 131.257 1.3196 -0.7
      vertex 130.914 1.30218 -0.7
    endloop
  endfacet
  facet normal -0.758834 -0.651284 0
    outer loop
      vertex 132.395 3.97116 -0.7
      vertex 132.171 4.23215 0
      vertex 132.171 4.23215 -0.7
    endloop
  endfacet
  facet normal -0.758834 -0.651284 0
    outer loop
      vertex 132.171 4.23215 0
      vertex 132.395 3.97116 -0.7
      vertex 132.395 3.97116 0
    endloop
  endfacet
  facet normal -0.954115 -0.299442 0
    outer loop
      vertex 132.665 3.34221 -0.7
      vertex 132.562 3.6704 0
      vertex 132.562 3.6704 -0.7
    endloop
  endfacet
  facet normal -0.954115 -0.299442 0
    outer loop
      vertex 132.562 3.6704 0
      vertex 132.665 3.34221 -0.7
      vertex 132.665 3.34221 0
    endloop
  endfacet
  facet normal 0.689422 -0.72436 0
    outer loop
      vertex 129.71 4.10733 -0.7
      vertex 129.959 4.34432 0
      vertex 129.71 4.10733 0
    endloop
  endfacet
  facet normal 0.689422 -0.72436 0
    outer loop
      vertex 129.959 4.34432 0
      vertex 129.71 4.10733 -0.7
      vertex 129.959 4.34432 -0.7
    endloop
  endfacet
  facet normal 0.346881 -0.937909 0
    outer loop
      vertex 130.251 4.52627 -0.7
      vertex 130.574 4.64573 0
      vertex 130.251 4.52627 0
    endloop
  endfacet
  facet normal 0.346881 -0.937909 0
    outer loop
      vertex 130.574 4.64573 0
      vertex 130.251 4.52627 -0.7
      vertex 130.574 4.64573 -0.7
    endloop
  endfacet
  facet normal -0.758834 0.651284 0
    outer loop
      vertex 132.171 1.76785 -0.7
      vertex 132.395 2.02884 0
      vertex 132.395 2.02884 -0.7
    endloop
  endfacet
  facet normal -0.758834 0.651284 0
    outer loop
      vertex 132.395 2.02884 0
      vertex 132.171 1.76785 -0.7
      vertex 132.171 1.76785 0
    endloop
  endfacet
  facet normal -0.874267 0.485445 0
    outer loop
      vertex 132.395 2.02884 -0.7
      vertex 132.562 2.3296 0
      vertex 132.562 2.3296 -0.7
    endloop
  endfacet
  facet normal -0.874267 0.485445 0
    outer loop
      vertex 132.562 2.3296 0
      vertex 132.395 2.02884 -0.7
      vertex 132.395 2.02884 0
    endloop
  endfacet
  facet normal 0.689422 0.72436 -0
    outer loop
      vertex 129.959 1.65568 -0.7
      vertex 129.71 1.89267 0
      vertex 129.959 1.65568 0
    endloop
  endfacet
  facet normal 0.689422 0.72436 0
    outer loop
      vertex 129.71 1.89267 0
      vertex 129.959 1.65568 -0.7
      vertex 129.71 1.89267 -0.7
    endloop
  endfacet
  facet normal -0.874267 -0.485445 0
    outer loop
      vertex 132.562 3.6704 -0.7
      vertex 132.395 3.97116 0
      vertex 132.395 3.97116 -0.7
    endloop
  endfacet
  facet normal -0.874267 -0.485445 0
    outer loop
      vertex 132.395 3.97116 0
      vertex 132.562 3.6704 -0.7
      vertex 132.562 3.6704 0
    endloop
  endfacet
  facet normal -0.440203 -0.897898 0
    outer loop
      vertex 131.59 4.59418 -0.7
      vertex 131.899 4.44269 0
      vertex 131.59 4.59418 0
    endloop
  endfacet
  facet normal -0.440203 -0.897898 -0
    outer loop
      vertex 131.899 4.44269 0
      vertex 131.59 4.59418 -0.7
      vertex 131.899 4.44269 -0.7
    endloop
  endfacet
  facet normal -0.250653 -0.968077 0
    outer loop
      vertex 131.257 4.6804 -0.7
      vertex 131.59 4.59418 0
      vertex 131.257 4.6804 0
    endloop
  endfacet
  facet normal -0.250653 -0.968077 -0
    outer loop
      vertex 131.59 4.59418 0
      vertex 131.257 4.6804 -0.7
      vertex 131.59 4.59418 -0.7
    endloop
  endfacet
  facet normal -0.612099 -0.790781 0
    outer loop
      vertex 131.899 4.44269 -0.7
      vertex 132.171 4.23215 0
      vertex 131.899 4.44269 0
    endloop
  endfacet
  facet normal -0.612099 -0.790781 -0
    outer loop
      vertex 132.171 4.23215 0
      vertex 131.899 4.44269 -0.7
      vertex 132.171 4.23215 -0.7
    endloop
  endfacet
  facet normal 0.918583 -0.395227 0
    outer loop
      vertex 129.378 3.50892 0
      vertex 129.514 3.82501 -0.7
      vertex 129.514 3.82501 0
    endloop
  endfacet
  facet normal 0.918583 -0.395227 0
    outer loop
      vertex 129.514 3.82501 -0.7
      vertex 129.378 3.50892 0
      vertex 129.378 3.50892 -0.7
    endloop
  endfacet
  facet normal 0.821446 -0.570287 0
    outer loop
      vertex 129.514 3.82501 0
      vertex 129.71 4.10733 -0.7
      vertex 129.71 4.10733 0
    endloop
  endfacet
  facet normal 0.821446 -0.570287 0
    outer loop
      vertex 129.71 4.10733 -0.7
      vertex 129.514 3.82501 0
      vertex 129.514 3.82501 -0.7
    endloop
  endfacet
  facet normal 0.979668 -0.200626 0
    outer loop
      vertex 129.309 3.17199 0
      vertex 129.378 3.50892 -0.7
      vertex 129.378 3.50892 0
    endloop
  endfacet
  facet normal 0.979668 -0.200626 0
    outer loop
      vertex 129.378 3.50892 -0.7
      vertex 129.309 3.17199 0
      vertex 129.309 3.17199 -0.7
    endloop
  endfacet
  facet normal 0.528849 -0.848716 0
    outer loop
      vertex 129.959 4.34432 -0.7
      vertex 130.251 4.52627 0
      vertex 129.959 4.34432 0
    endloop
  endfacet
  facet normal 0.528849 -0.848716 0
    outer loop
      vertex 130.251 4.52627 0
      vertex 129.959 4.34432 -0.7
      vertex 130.251 4.52627 -0.7
    endloop
  endfacet
  facet normal 0.151439 -0.988467 0
    outer loop
      vertex 130.574 4.64573 -0.7
      vertex 130.914 4.69782 0
      vertex 130.574 4.64573 0
    endloop
  endfacet
  facet normal 0.151439 -0.988467 0
    outer loop
      vertex 130.914 4.69782 0
      vertex 130.574 4.64573 -0.7
      vertex 130.914 4.69782 -0.7
    endloop
  endfacet
  facet normal -0.250653 0.968077 0
    outer loop
      vertex 131.59 1.40582 -0.7
      vertex 131.257 1.3196 0
      vertex 131.59 1.40582 0
    endloop
  endfacet
  facet normal -0.250653 0.968077 0
    outer loop
      vertex 131.257 1.3196 0
      vertex 131.59 1.40582 -0.7
      vertex 131.257 1.3196 -0.7
    endloop
  endfacet
  facet normal -0.612099 0.790781 0
    outer loop
      vertex 132.171 1.76785 -0.7
      vertex 131.899 1.55731 0
      vertex 132.171 1.76785 0
    endloop
  endfacet
  facet normal -0.612099 0.790781 0
    outer loop
      vertex 131.899 1.55731 0
      vertex 132.171 1.76785 -0.7
      vertex 131.899 1.55731 -0.7
    endloop
  endfacet
  facet normal 0.528849 0.848716 -0
    outer loop
      vertex 130.251 1.47373 -0.7
      vertex 129.959 1.65568 0
      vertex 130.251 1.47373 0
    endloop
  endfacet
  facet normal 0.528849 0.848716 0
    outer loop
      vertex 129.959 1.65568 0
      vertex 130.251 1.47373 -0.7
      vertex 129.959 1.65568 -0.7
    endloop
  endfacet
  facet normal 0.151439 0.988467 -0
    outer loop
      vertex 130.914 1.30218 -0.7
      vertex 130.574 1.35427 0
      vertex 130.914 1.30218 0
    endloop
  endfacet
  facet normal 0.151439 0.988467 0
    outer loop
      vertex 130.574 1.35427 0
      vertex 130.914 1.30218 -0.7
      vertex 130.574 1.35427 -0.7
    endloop
  endfacet
  facet normal 0.979668 0.200626 0
    outer loop
      vertex 129.378 2.49108 0
      vertex 129.309 2.82801 -0.7
      vertex 129.309 2.82801 0
    endloop
  endfacet
  facet normal 0.979668 0.200626 0
    outer loop
      vertex 129.309 2.82801 -0.7
      vertex 129.378 2.49108 0
      vertex 129.378 2.49108 -0.7
    endloop
  endfacet
  facet normal 0.821446 0.570287 0
    outer loop
      vertex 129.71 1.89267 0
      vertex 129.514 2.17499 -0.7
      vertex 129.514 2.17499 0
    endloop
  endfacet
  facet normal 0.821446 0.570287 0
    outer loop
      vertex 129.514 2.17499 -0.7
      vertex 129.71 1.89267 0
      vertex 129.71 1.89267 -0.7
    endloop
  endfacet
  facet normal 0.918583 0.395227 0
    outer loop
      vertex 129.514 2.17499 0
      vertex 129.378 2.49108 -0.7
      vertex 129.378 2.49108 0
    endloop
  endfacet
  facet normal 0.918583 0.395227 0
    outer loop
      vertex 129.378 2.49108 -0.7
      vertex 129.514 2.17499 0
      vertex 129.514 2.17499 -0.7
    endloop
  endfacet
  facet normal -0.440203 0.897898 0
    outer loop
      vertex 131.899 1.55731 -0.7
      vertex 131.59 1.40582 0
      vertex 131.899 1.55731 0
    endloop
  endfacet
  facet normal -0.440203 0.897898 0
    outer loop
      vertex 131.59 1.40582 0
      vertex 131.899 1.55731 -0.7
      vertex 131.59 1.40582 -0.7
    endloop
  endfacet
  facet normal -0.954115 0.299442 0
    outer loop
      vertex 132.562 2.3296 -0.7
      vertex 132.665 2.65779 0
      vertex 132.665 2.65779 -0.7
    endloop
  endfacet
  facet normal -0.954115 0.299442 0
    outer loop
      vertex 132.665 2.65779 0
      vertex 132.562 2.3296 -0.7
      vertex 132.562 2.3296 0
    endloop
  endfacet
  facet normal 0.346881 0.937909 -0
    outer loop
      vertex 130.574 1.35427 -0.7
      vertex 130.251 1.47373 0
      vertex 130.574 1.35427 0
    endloop
  endfacet
  facet normal 0.346881 0.937909 0
    outer loop
      vertex 130.251 1.47373 0
      vertex 130.574 1.35427 -0.7
      vertex 130.251 1.47373 -0.7
    endloop
  endfacet
  facet normal -0.99481 0.101746 0
    outer loop
      vertex 132.665 2.65779 -0.7
      vertex 132.7 3 0
      vertex 132.7 3 -0.7
    endloop
  endfacet
  facet normal -0.99481 0.101746 0
    outer loop
      vertex 132.7 3 0
      vertex 132.665 2.65779 -0.7
      vertex 132.665 2.65779 0
    endloop
  endfacet
  facet normal -0.666656 -0.745365 0
    outer loop
      vertex 132.933 5.42368 -2.4
      vertex 133.192 5.19203 -0.7
      vertex 132.933 5.42368 -0.7
    endloop
  endfacet
  facet normal -0.666656 -0.745365 -0
    outer loop
      vertex 133.192 5.19203 -0.7
      vertex 132.933 5.42368 -2.4
      vertex 133.192 5.19203 -2.4
    endloop
  endfacet
  facet normal 0.382874 -0.923801 0
    outer loop
      vertex 129.655 5.793 -2.4
      vertex 129.976 5.92604 -0.7
      vertex 129.655 5.793 -0.7
    endloop
  endfacet
  facet normal 0.382874 -0.923801 0
    outer loop
      vertex 129.976 5.92604 -0.7
      vertex 129.655 5.793 -2.4
      vertex 129.976 5.92604 -2.4
    endloop
  endfacet
  facet normal 0.875416 -0.483369 0
    outer loop
      vertex 128.207 4.34504 -0.7
      vertex 128.375 4.6493 -2.4
      vertex 128.375 4.6493 -0.7
    endloop
  endfacet
  facet normal 0.875416 -0.483369 0
    outer loop
      vertex 128.375 4.6493 -2.4
      vertex 128.207 4.34504 -0.7
      vertex 128.207 4.34504 -2.4
    endloop
  endfacet
  facet normal -0.66665 0.745371 0
    outer loop
      vertex 133.192 0.807969 -2.4
      vertex 132.933 0.576323 -0.7
      vertex 133.192 0.807969 -0.7
    endloop
  endfacet
  facet normal -0.66665 0.745371 0
    outer loop
      vertex 132.933 0.576323 -0.7
      vertex 133.192 0.807969 -2.4
      vertex 132.933 0.576323 -2.4
    endloop
  endfacet
  facet normal -0.998505 0.054659 0
    outer loop
      vertex 134.081 2.65291 -2.4
      vertex 134.1 3 -0.7
      vertex 134.1 3 -2.4
    endloop
  endfacet
  facet normal -0.998505 0.054659 0
    outer loop
      vertex 134.1 3 -0.7
      vertex 134.081 2.65291 -2.4
      vertex 134.081 2.65291 -0.7
    endloop
  endfacet
  facet normal -0.923917 -0.382592 0
    outer loop
      vertex 133.926 4.02386 -2.4
      vertex 133.793 4.34504 -0.7
      vertex 133.793 4.34504 -2.4
    endloop
  endfacet
  facet normal -0.923917 -0.382592 0
    outer loop
      vertex 133.793 4.34504 -0.7
      vertex 133.926 4.02386 -2.4
      vertex 133.926 4.02386 -0.7
    endloop
  endfacet
  facet normal -0.875416 -0.483369 0
    outer loop
      vertex 133.793 4.34504 -2.4
      vertex 133.625 4.6493 -0.7
      vertex 133.625 4.6493 -2.4
    endloop
  endfacet
  facet normal -0.875416 -0.483369 0
    outer loop
      vertex 133.625 4.6493 -0.7
      vertex 133.793 4.34504 -2.4
      vertex 133.793 4.34504 -0.7
    endloop
  endfacet
  facet normal -0.745134 -0.666915 0
    outer loop
      vertex 133.424 4.93282 -2.4
      vertex 133.192 5.19203 -0.7
      vertex 133.192 5.19203 -2.4
    endloop
  endfacet
  facet normal -0.745134 -0.666915 0
    outer loop
      vertex 133.192 5.19203 -0.7
      vertex 133.424 4.93282 -2.4
      vertex 133.424 4.93282 -0.7
    endloop
  endfacet
  facet normal -0.484039 -0.875046 0
    outer loop
      vertex 132.345 5.793 -2.4
      vertex 132.649 5.62484 -0.7
      vertex 132.345 5.793 -0.7
    endloop
  endfacet
  facet normal -0.484039 -0.875046 -0
    outer loop
      vertex 132.649 5.62484 -0.7
      vertex 132.345 5.793 -2.4
      vertex 132.649 5.62484 -2.4
    endloop
  endfacet
  facet normal -0.167372 -0.985894 0
    outer loop
      vertex 131.347 6.08051 -2.4
      vertex 131.69 6.02228 -0.7
      vertex 131.347 6.08051 -0.7
    endloop
  endfacet
  facet normal -0.167372 -0.985894 -0
    outer loop
      vertex 131.69 6.02228 -0.7
      vertex 131.347 6.08051 -2.4
      vertex 131.69 6.02228 -2.4
    endloop
  endfacet
  facet normal 0.985503 -0.169657 0
    outer loop
      vertex 127.919 3.34709 -0.7
      vertex 127.978 3.68981 -2.4
      vertex 127.978 3.68981 -0.7
    endloop
  endfacet
  facet normal 0.985503 -0.169657 0
    outer loop
      vertex 127.978 3.68981 -2.4
      vertex 127.919 3.34709 -0.7
      vertex 127.919 3.34709 -2.4
    endloop
  endfacet
  facet normal 0.745134 -0.666915 0
    outer loop
      vertex 128.576 4.93282 -0.7
      vertex 128.808 5.19203 -2.4
      vertex 128.808 5.19203 -0.7
    endloop
  endfacet
  facet normal 0.745134 -0.666915 0
    outer loop
      vertex 128.808 5.19203 -2.4
      vertex 128.576 4.93282 -0.7
      vertex 128.576 4.93282 -2.4
    endloop
  endfacet
  facet normal 0.167372 -0.985894 0
    outer loop
      vertex 130.31 6.02228 -2.4
      vertex 130.653 6.08051 -0.7
      vertex 130.31 6.02228 -0.7
    endloop
  endfacet
  facet normal 0.167372 -0.985894 0
    outer loop
      vertex 130.653 6.08051 -0.7
      vertex 130.31 6.02228 -2.4
      vertex 130.653 6.08051 -2.4
    endloop
  endfacet
  facet normal 0.666656 -0.745365 0
    outer loop
      vertex 128.808 5.19203 -2.4
      vertex 129.067 5.42368 -0.7
      vertex 128.808 5.19203 -0.7
    endloop
  endfacet
  facet normal 0.666656 -0.745365 0
    outer loop
      vertex 129.067 5.42368 -0.7
      vertex 128.808 5.19203 -2.4
      vertex 129.067 5.42368 -2.4
    endloop
  endfacet
  facet normal -0.745135 0.666914 0
    outer loop
      vertex 133.192 0.807969 -2.4
      vertex 133.424 1.06718 -0.7
      vertex 133.424 1.06718 -2.4
    endloop
  endfacet
  facet normal -0.745135 0.666914 0
    outer loop
      vertex 133.424 1.06718 -0.7
      vertex 133.192 0.807969 -2.4
      vertex 133.192 0.807969 -0.7
    endloop
  endfacet
  facet normal -0.923917 0.382592 0
    outer loop
      vertex 133.793 1.65496 -2.4
      vertex 133.926 1.97614 -0.7
      vertex 133.926 1.97614 -2.4
    endloop
  endfacet
  facet normal -0.923917 0.382592 0
    outer loop
      vertex 133.926 1.97614 -0.7
      vertex 133.793 1.65496 -2.4
      vertex 133.793 1.65496 -0.7
    endloop
  endfacet
  facet normal 0.167376 0.985893 -0
    outer loop
      vertex 130.653 -0.0805073 -2.4
      vertex 130.31 -0.0222759 -0.7
      vertex 130.653 -0.0805073 -0.7
    endloop
  endfacet
  facet normal 0.167376 0.985893 0
    outer loop
      vertex 130.31 -0.0222759 -0.7
      vertex 130.653 -0.0805073 -2.4
      vertex 130.31 -0.0222759 -2.4
    endloop
  endfacet
  facet normal 0.66665 0.745371 -0
    outer loop
      vertex 129.067 0.576323 -2.4
      vertex 128.808 0.807969 -0.7
      vertex 129.067 0.576323 -0.7
    endloop
  endfacet
  facet normal 0.66665 0.745371 0
    outer loop
      vertex 128.808 0.807969 -0.7
      vertex 129.067 0.576323 -2.4
      vertex 128.808 0.807969 -2.4
    endloop
  endfacet
  facet normal -0.985503 -0.169657 0
    outer loop
      vertex 134.081 3.34709 -2.4
      vertex 134.022 3.68981 -0.7
      vertex 134.022 3.68981 -2.4
    endloop
  endfacet
  facet normal -0.985503 -0.169657 0
    outer loop
      vertex 134.022 3.68981 -0.7
      vertex 134.081 3.34709 -2.4
      vertex 134.081 3.34709 -0.7
    endloop
  endfacet
  facet normal -0.961099 -0.276203 0
    outer loop
      vertex 134.022 3.68981 -2.4
      vertex 133.926 4.02386 -0.7
      vertex 133.926 4.02386 -2.4
    endloop
  endfacet
  facet normal -0.961099 -0.276203 0
    outer loop
      vertex 133.926 4.02386 -0.7
      vertex 134.022 3.68981 -2.4
      vertex 134.022 3.68981 -0.7
    endloop
  endfacet
  facet normal -0.815789 -0.578349 0
    outer loop
      vertex 133.625 4.6493 -2.4
      vertex 133.424 4.93282 -0.7
      vertex 133.424 4.93282 -2.4
    endloop
  endfacet
  facet normal -0.815789 -0.578349 0
    outer loop
      vertex 133.424 4.93282 -0.7
      vertex 133.625 4.6493 -2.4
      vertex 133.625 4.6493 -0.7
    endloop
  endfacet
  facet normal -0.0560788 -0.998426 0
    outer loop
      vertex 131 6.1 -2.4
      vertex 131.347 6.08051 -0.7
      vertex 131 6.1 -0.7
    endloop
  endfacet
  facet normal -0.0560788 -0.998426 -0
    outer loop
      vertex 131.347 6.08051 -0.7
      vertex 131 6.1 -2.4
      vertex 131.347 6.08051 -2.4
    endloop
  endfacet
  facet normal -0.578005 -0.816034 0
    outer loop
      vertex 132.649 5.62484 -2.4
      vertex 132.933 5.42368 -0.7
      vertex 132.649 5.62484 -0.7
    endloop
  endfacet
  facet normal -0.578005 -0.816034 -0
    outer loop
      vertex 132.933 5.42368 -0.7
      vertex 132.649 5.62484 -2.4
      vertex 132.933 5.42368 -2.4
    endloop
  endfacet
  facet normal -0.382874 -0.923801 0
    outer loop
      vertex 132.024 5.92604 -2.4
      vertex 132.345 5.793 -0.7
      vertex 132.024 5.92604 -0.7
    endloop
  endfacet
  facet normal -0.382874 -0.923801 -0
    outer loop
      vertex 132.345 5.793 -0.7
      vertex 132.024 5.92604 -2.4
      vertex 132.345 5.793 -2.4
    endloop
  endfacet
  facet normal -0.276879 -0.960905 0
    outer loop
      vertex 131.69 6.02228 -2.4
      vertex 132.024 5.92604 -0.7
      vertex 131.69 6.02228 -0.7
    endloop
  endfacet
  facet normal -0.276879 -0.960905 -0
    outer loop
      vertex 132.024 5.92604 -0.7
      vertex 131.69 6.02228 -2.4
      vertex 132.024 5.92604 -2.4
    endloop
  endfacet
  facet normal 0.998505 -0.054659 0
    outer loop
      vertex 127.9 3 -0.7
      vertex 127.919 3.34709 -2.4
      vertex 127.919 3.34709 -0.7
    endloop
  endfacet
  facet normal 0.998505 -0.054659 0
    outer loop
      vertex 127.919 3.34709 -2.4
      vertex 127.9 3 -0.7
      vertex 127.9 3 -2.4
    endloop
  endfacet
  facet normal 0.923917 -0.382592 0
    outer loop
      vertex 128.074 4.02386 -0.7
      vertex 128.207 4.34504 -2.4
      vertex 128.207 4.34504 -0.7
    endloop
  endfacet
  facet normal 0.923917 -0.382592 0
    outer loop
      vertex 128.207 4.34504 -2.4
      vertex 128.074 4.02386 -0.7
      vertex 128.074 4.02386 -2.4
    endloop
  endfacet
  facet normal 0.961099 -0.276203 0
    outer loop
      vertex 127.978 3.68981 -0.7
      vertex 128.074 4.02386 -2.4
      vertex 128.074 4.02386 -0.7
    endloop
  endfacet
  facet normal 0.961099 -0.276203 0
    outer loop
      vertex 128.074 4.02386 -2.4
      vertex 127.978 3.68981 -0.7
      vertex 127.978 3.68981 -2.4
    endloop
  endfacet
  facet normal 0.815789 -0.578349 0
    outer loop
      vertex 128.375 4.6493 -0.7
      vertex 128.576 4.93282 -2.4
      vertex 128.576 4.93282 -0.7
    endloop
  endfacet
  facet normal 0.815789 -0.578349 0
    outer loop
      vertex 128.576 4.93282 -2.4
      vertex 128.375 4.6493 -0.7
      vertex 128.375 4.6493 -2.4
    endloop
  endfacet
  facet normal 0.276879 -0.960905 0
    outer loop
      vertex 129.976 5.92604 -2.4
      vertex 130.31 6.02228 -0.7
      vertex 129.976 5.92604 -0.7
    endloop
  endfacet
  facet normal 0.276879 -0.960905 0
    outer loop
      vertex 130.31 6.02228 -0.7
      vertex 129.976 5.92604 -2.4
      vertex 130.31 6.02228 -2.4
    endloop
  endfacet
  facet normal 0.0560788 -0.998426 0
    outer loop
      vertex 130.653 6.08051 -2.4
      vertex 131 6.1 -0.7
      vertex 130.653 6.08051 -0.7
    endloop
  endfacet
  facet normal 0.0560788 -0.998426 0
    outer loop
      vertex 131 6.1 -0.7
      vertex 130.653 6.08051 -2.4
      vertex 131 6.1 -2.4
    endloop
  endfacet
  facet normal 0.578005 -0.816034 0
    outer loop
      vertex 129.067 5.42368 -2.4
      vertex 129.351 5.62484 -0.7
      vertex 129.067 5.42368 -0.7
    endloop
  endfacet
  facet normal 0.578005 -0.816034 0
    outer loop
      vertex 129.351 5.62484 -0.7
      vertex 129.067 5.42368 -2.4
      vertex 129.351 5.62484 -2.4
    endloop
  endfacet
  facet normal 0.484039 -0.875046 0
    outer loop
      vertex 129.351 5.62484 -2.4
      vertex 129.655 5.793 -0.7
      vertex 129.351 5.62484 -0.7
    endloop
  endfacet
  facet normal 0.484039 -0.875046 0
    outer loop
      vertex 129.655 5.793 -0.7
      vertex 129.351 5.62484 -2.4
      vertex 129.655 5.793 -2.4
    endloop
  endfacet
  facet normal -0.998505 -0.054659 0
    outer loop
      vertex 134.1 3 -2.4
      vertex 134.081 3.34709 -0.7
      vertex 134.081 3.34709 -2.4
    endloop
  endfacet
  facet normal -0.998505 -0.054659 0
    outer loop
      vertex 134.081 3.34709 -0.7
      vertex 134.1 3 -2.4
      vertex 134.1 3 -0.7
    endloop
  endfacet
  facet normal -0.0560848 0.998426 0
    outer loop
      vertex 131.347 -0.0805073 -2.4
      vertex 131 -0.0999994 -0.7
      vertex 131.347 -0.0805073 -0.7
    endloop
  endfacet
  facet normal -0.0560848 0.998426 0
    outer loop
      vertex 131 -0.0999994 -0.7
      vertex 131.347 -0.0805073 -2.4
      vertex 131 -0.0999994 -2.4
    endloop
  endfacet
  facet normal -0.961099 0.276203 0
    outer loop
      vertex 133.926 1.97614 -2.4
      vertex 134.022 2.31019 -0.7
      vertex 134.022 2.31019 -2.4
    endloop
  endfacet
  facet normal -0.961099 0.276203 0
    outer loop
      vertex 134.022 2.31019 -0.7
      vertex 133.926 1.97614 -2.4
      vertex 133.926 1.97614 -0.7
    endloop
  endfacet
  facet normal -0.167376 0.985893 0
    outer loop
      vertex 131.69 -0.0222759 -2.4
      vertex 131.347 -0.0805073 -0.7
      vertex 131.69 -0.0222759 -0.7
    endloop
  endfacet
  facet normal -0.167376 0.985893 0
    outer loop
      vertex 131.347 -0.0805073 -0.7
      vertex 131.69 -0.0222759 -2.4
      vertex 131.347 -0.0805073 -2.4
    endloop
  endfacet
  facet normal -0.276874 0.960906 0
    outer loop
      vertex 132.024 0.0739622 -2.4
      vertex 131.69 -0.0222759 -0.7
      vertex 132.024 0.0739622 -0.7
    endloop
  endfacet
  facet normal -0.276874 0.960906 0
    outer loop
      vertex 131.69 -0.0222759 -0.7
      vertex 132.024 0.0739622 -2.4
      vertex 131.69 -0.0222759 -2.4
    endloop
  endfacet
  facet normal -0.484034 0.875049 0
    outer loop
      vertex 132.649 0.375155 -2.4
      vertex 132.345 0.206997 -0.7
      vertex 132.649 0.375155 -0.7
    endloop
  endfacet
  facet normal -0.484034 0.875049 0
    outer loop
      vertex 132.345 0.206997 -0.7
      vertex 132.649 0.375155 -2.4
      vertex 132.345 0.206997 -2.4
    endloop
  endfacet
  facet normal 0.0560848 0.998426 -0
    outer loop
      vertex 131 -0.0999994 -2.4
      vertex 130.653 -0.0805073 -0.7
      vertex 131 -0.0999994 -0.7
    endloop
  endfacet
  facet normal 0.0560848 0.998426 0
    outer loop
      vertex 130.653 -0.0805073 -0.7
      vertex 131 -0.0999994 -2.4
      vertex 130.653 -0.0805073 -2.4
    endloop
  endfacet
  facet normal 0.382861 0.923806 -0
    outer loop
      vertex 129.976 0.0739622 -2.4
      vertex 129.655 0.206997 -0.7
      vertex 129.976 0.0739622 -0.7
    endloop
  endfacet
  facet normal 0.382861 0.923806 0
    outer loop
      vertex 129.655 0.206997 -0.7
      vertex 129.976 0.0739622 -2.4
      vertex 129.655 0.206997 -2.4
    endloop
  endfacet
  facet normal 0.57802 0.816023 -0
    outer loop
      vertex 129.351 0.375155 -2.4
      vertex 129.067 0.576323 -0.7
      vertex 129.351 0.375155 -0.7
    endloop
  endfacet
  facet normal 0.57802 0.816023 0
    outer loop
      vertex 129.067 0.576323 -0.7
      vertex 129.351 0.375155 -2.4
      vertex 129.067 0.576323 -2.4
    endloop
  endfacet
  facet normal 0.961099 0.276203 0
    outer loop
      vertex 128.074 1.97614 -0.7
      vertex 127.978 2.31019 -2.4
      vertex 127.978 2.31019 -0.7
    endloop
  endfacet
  facet normal 0.961099 0.276203 0
    outer loop
      vertex 127.978 2.31019 -2.4
      vertex 128.074 1.97614 -0.7
      vertex 128.074 1.97614 -2.4
    endloop
  endfacet
  facet normal 0.998505 0.054659 0
    outer loop
      vertex 127.919 2.65291 -0.7
      vertex 127.9 3 -2.4
      vertex 127.9 3 -0.7
    endloop
  endfacet
  facet normal 0.998505 0.054659 0
    outer loop
      vertex 127.9 3 -2.4
      vertex 127.919 2.65291 -0.7
      vertex 127.919 2.65291 -2.4
    endloop
  endfacet
  facet normal 0.745135 0.666914 0
    outer loop
      vertex 128.808 0.807969 -0.7
      vertex 128.576 1.06718 -2.4
      vertex 128.576 1.06718 -0.7
    endloop
  endfacet
  facet normal 0.745135 0.666914 0
    outer loop
      vertex 128.576 1.06718 -2.4
      vertex 128.808 0.807969 -0.7
      vertex 128.808 0.807969 -2.4
    endloop
  endfacet
  facet normal 0.875416 0.483369 0
    outer loop
      vertex 128.375 1.3507 -0.7
      vertex 128.207 1.65496 -2.4
      vertex 128.207 1.65496 -0.7
    endloop
  endfacet
  facet normal 0.875416 0.483369 0
    outer loop
      vertex 128.207 1.65496 -2.4
      vertex 128.375 1.3507 -0.7
      vertex 128.375 1.3507 -2.4
    endloop
  endfacet
  facet normal 0 0 -1
    outer loop
      vertex 132.7 3 -0.7
      vertex 134.1 3 -0.7
      vertex 134.081 2.65291 -0.7
    endloop
  endfacet
  facet normal 0 0 -1
    outer loop
      vertex 132.665 2.65779 -0.7
      vertex 134.081 2.65291 -0.7
      vertex 134.022 2.31019 -0.7
    endloop
  endfacet
  facet normal 0 0 -1
    outer loop
      vertex 134.1 3 -0.7
      vertex 132.7 3 -0.7
      vertex 134.081 3.34709 -0.7
    endloop
  endfacet
  facet normal 0 0 -1
    outer loop
      vertex 132.665 2.65779 -0.7
      vertex 134.022 2.31019 -0.7
      vertex 133.926 1.97614 -0.7
    endloop
  endfacet
  facet normal 0 0 -1
    outer loop
      vertex 132.665 3.34221 -0.7
      vertex 134.081 3.34709 -0.7
      vertex 132.7 3 -0.7
    endloop
  endfacet
  facet normal 0 0 -1
    outer loop
      vertex 132.562 2.3296 -0.7
      vertex 133.926 1.97614 -0.7
      vertex 133.793 1.65496 -0.7
    endloop
  endfacet
  facet normal -0 0 -1
    outer loop
      vertex 134.081 3.34709 -0.7
      vertex 132.665 3.34221 -0.7
      vertex 134.022 3.68981 -0.7
    endloop
  endfacet
  facet normal 0 0 -1
    outer loop
      vertex 132.562 2.3296 -0.7
      vertex 133.793 1.65496 -0.7
      vertex 133.625 1.3507 -0.7
    endloop
  endfacet
  facet normal -0 0 -1
    outer loop
      vertex 134.022 3.68981 -0.7
      vertex 132.665 3.34221 -0.7
      vertex 133.926 4.02386 -0.7
    endloop
  endfacet
  facet normal 0 0 -1
    outer loop
      vertex 132.395 2.02884 -0.7
      vertex 133.625 1.3507 -0.7
      vertex 133.424 1.06718 -0.7
    endloop
  endfacet
  facet normal 0 0 -1
    outer loop
      vertex 132.562 3.6704 -0.7
      vertex 133.926 4.02386 -0.7
      vertex 132.665 3.34221 -0.7
    endloop
  endfacet
  facet normal 0 0 -1
    outer loop
      vertex 132.171 1.76785 -0.7
      vertex 133.424 1.06718 -0.7
      vertex 133.192 0.807969 -0.7
    endloop
  endfacet
  facet normal -0 0 -1
    outer loop
      vertex 133.926 4.02386 -0.7
      vertex 132.562 3.6704 -0.7
      vertex 133.793 4.34504 -0.7
    endloop
  endfacet
  facet normal 0 0 -1
    outer loop
      vertex 132.171 1.76785 -0.7
      vertex 133.192 0.807969 -0.7
      vertex 132.933 0.576323 -0.7
    endloop
  endfacet
  facet normal -0 0 -1
    outer loop
      vertex 133.793 4.34504 -0.7
      vertex 132.562 3.6704 -0.7
      vertex 133.625 4.6493 -0.7
    endloop
  endfacet
  facet normal 0 0 -1
    outer loop
      vertex 132.395 3.97116 -0.7
      vertex 133.625 4.6493 -0.7
      vertex 132.562 3.6704 -0.7
    endloop
  endfacet
  facet normal 0 0 -1
    outer loop
      vertex 134.081 2.65291 -0.7
      vertex 132.665 2.65779 -0.7
      vertex 132.7 3 -0.7
    endloop
  endfacet
  facet normal 0 0 -1
    outer loop
      vertex 131.899 1.55731 -0.7
      vertex 132.933 0.576323 -0.7
      vertex 132.649 0.375155 -0.7
    endloop
  endfacet
  facet normal 0 0 -1
    outer loop
      vertex 133.926 1.97614 -0.7
      vertex 132.562 2.3296 -0.7
      vertex 132.665 2.65779 -0.7
    endloop
  endfacet
  facet normal 0 0 -1
    outer loop
      vertex 133.625 1.3507 -0.7
      vertex 132.395 2.02884 -0.7
      vertex 132.562 2.3296 -0.7
    endloop
  endfacet
  facet normal 0 0 -1
    outer loop
      vertex 131.899 1.55731 -0.7
      vertex 132.649 0.375155 -0.7
      vertex 132.345 0.206997 -0.7
    endloop
  endfacet
  facet normal 0 0 -1
    outer loop
      vertex 133.424 1.06718 -0.7
      vertex 132.171 1.76785 -0.7
      vertex 132.395 2.02884 -0.7
    endloop
  endfacet
  facet normal 0 0 -1
    outer loop
      vertex 131.59 1.40582 -0.7
      vertex 132.345 0.206997 -0.7
      vertex 132.024 0.0739622 -0.7
    endloop
  endfacet
  facet normal 0 0 -1
    outer loop
      vertex 132.933 0.576323 -0.7
      vertex 131.899 1.55731 -0.7
      vertex 132.171 1.76785 -0.7
    endloop
  endfacet
  facet normal 0 0 -1
    outer loop
      vertex 131.59 1.40582 -0.7
      vertex 132.024 0.0739622 -0.7
      vertex 131.69 -0.0222759 -0.7
    endloop
  endfacet
  facet normal 0 0 -1
    outer loop
      vertex 132.345 0.206997 -0.7
      vertex 131.59 1.40582 -0.7
      vertex 131.899 1.55731 -0.7
    endloop
  endfacet
  facet normal 0 0 -1
    outer loop
      vertex 131.257 1.3196 -0.7
      vertex 131.69 -0.0222759 -0.7
      vertex 131.347 -0.0805073 -0.7
    endloop
  endfacet
  facet normal 0 0 -1
    outer loop
      vertex 131.69 -0.0222759 -0.7
      vertex 131.257 1.3196 -0.7
      vertex 131.59 1.40582 -0.7
    endloop
  endfacet
  facet normal 0 0 -1
    outer loop
      vertex 131 -0.0999994 -0.7
      vertex 131.257 1.3196 -0.7
      vertex 131.347 -0.0805073 -0.7
    endloop
  endfacet
  facet normal 0 0 -1
    outer loop
      vertex 131 -0.0999994 -0.7
      vertex 130.914 1.30218 -0.7
      vertex 131.257 1.3196 -0.7
    endloop
  endfacet
  facet normal 0 0 -1
    outer loop
      vertex 130.653 -0.0805073 -0.7
      vertex 130.914 1.30218 -0.7
      vertex 131 -0.0999994 -0.7
    endloop
  endfacet
  facet normal 0 0 -1
    outer loop
      vertex 130.653 -0.0805073 -0.7
      vertex 130.574 1.35427 -0.7
      vertex 130.914 1.30218 -0.7
    endloop
  endfacet
  facet normal 0 0 -1
    outer loop
      vertex 130.31 -0.0222759 -0.7
      vertex 130.574 1.35427 -0.7
      vertex 130.653 -0.0805073 -0.7
    endloop
  endfacet
  facet normal 0 0 -1
    outer loop
      vertex 129.976 0.0739622 -0.7
      vertex 130.574 1.35427 -0.7
      vertex 130.31 -0.0222759 -0.7
    endloop
  endfacet
  facet normal -0 0 -1
    outer loop
      vertex 130.574 1.35427 -0.7
      vertex 129.976 0.0739622 -0.7
      vertex 130.251 1.47373 -0.7
    endloop
  endfacet
  facet normal 0 0 -1
    outer loop
      vertex 129.655 0.206997 -0.7
      vertex 130.251 1.47373 -0.7
      vertex 129.976 0.0739622 -0.7
    endloop
  endfacet
  facet normal 0 0 -1
    outer loop
      vertex 129.351 0.375155 -0.7
      vertex 130.251 1.47373 -0.7
      vertex 129.655 0.206997 -0.7
    endloop
  endfacet
  facet normal -0 0 -1
    outer loop
      vertex 130.251 1.47373 -0.7
      vertex 129.351 0.375155 -0.7
      vertex 129.959 1.65568 -0.7
    endloop
  endfacet
  facet normal 0 0 -1
    outer loop
      vertex 129.067 0.576323 -0.7
      vertex 129.959 1.65568 -0.7
      vertex 129.351 0.375155 -0.7
    endloop
  endfacet
  facet normal 0 0 -1
    outer loop
      vertex 128.808 0.807969 -0.7
      vertex 129.959 1.65568 -0.7
      vertex 129.067 0.576323 -0.7
    endloop
  endfacet
  facet normal -0 0 -1
    outer loop
      vertex 129.959 1.65568 -0.7
      vertex 128.808 0.807969 -0.7
      vertex 129.71 1.89267 -0.7
    endloop
  endfacet
  facet normal 0 0 -1
    outer loop
      vertex 128.576 1.06718 -0.7
      vertex 129.71 1.89267 -0.7
      vertex 128.808 0.807969 -0.7
    endloop
  endfacet
  facet normal -0 0 -1
    outer loop
      vertex 129.71 1.89267 -0.7
      vertex 128.375 1.3507 -0.7
      vertex 129.514 2.17499 -0.7
    endloop
  endfacet
  facet normal 0 0 -1
    outer loop
      vertex 128.375 1.3507 -0.7
      vertex 129.71 1.89267 -0.7
      vertex 128.576 1.06718 -0.7
    endloop
  endfacet
  facet normal -0 0 -1
    outer loop
      vertex 133.625 4.6493 -0.7
      vertex 132.395 3.97116 -0.7
      vertex 133.424 4.93282 -0.7
    endloop
  endfacet
  facet normal 0 0 -1
    outer loop
      vertex 132.171 4.23215 -0.7
      vertex 133.424 4.93282 -0.7
      vertex 132.395 3.97116 -0.7
    endloop
  endfacet
  facet normal -0 0 -1
    outer loop
      vertex 133.424 4.93282 -0.7
      vertex 132.171 4.23215 -0.7
      vertex 133.192 5.19203 -0.7
    endloop
  endfacet
  facet normal -0 0 -1
    outer loop
      vertex 133.192 5.19203 -0.7
      vertex 132.171 4.23215 -0.7
      vertex 132.933 5.42368 -0.7
    endloop
  endfacet
  facet normal 0 0 -1
    outer loop
      vertex 131.899 4.44269 -0.7
      vertex 132.933 5.42368 -0.7
      vertex 132.171 4.23215 -0.7
    endloop
  endfacet
  facet normal -0 0 -1
    outer loop
      vertex 132.933 5.42368 -0.7
      vertex 131.899 4.44269 -0.7
      vertex 132.649 5.62484 -0.7
    endloop
  endfacet
  facet normal -0 0 -1
    outer loop
      vertex 132.649 5.62484 -0.7
      vertex 131.899 4.44269 -0.7
      vertex 132.345 5.793 -0.7
    endloop
  endfacet
  facet normal 0 0 -1
    outer loop
      vertex 131.59 4.59418 -0.7
      vertex 132.345 5.793 -0.7
      vertex 131.899 4.44269 -0.7
    endloop
  endfacet
  facet normal -0 0 -1
    outer loop
      vertex 132.345 5.793 -0.7
      vertex 131.59 4.59418 -0.7
      vertex 132.024 5.92604 -0.7
    endloop
  endfacet
  facet normal -0 0 -1
    outer loop
      vertex 132.024 5.92604 -0.7
      vertex 131.59 4.59418 -0.7
      vertex 131.69 6.02228 -0.7
    endloop
  endfacet
  facet normal 0 0 -1
    outer loop
      vertex 131.257 4.6804 -0.7
      vertex 131.69 6.02228 -0.7
      vertex 131.59 4.59418 -0.7
    endloop
  endfacet
  facet normal -0 0 -1
    outer loop
      vertex 131.69 6.02228 -0.7
      vertex 131.257 4.6804 -0.7
      vertex 131.347 6.08051 -0.7
    endloop
  endfacet
  facet normal 0 0 -1
    outer loop
      vertex 131.257 4.6804 -0.7
      vertex 131 6.1 -0.7
      vertex 131.347 6.08051 -0.7
    endloop
  endfacet
  facet normal 0 0 -1
    outer loop
      vertex 130.914 4.69782 -0.7
      vertex 131 6.1 -0.7
      vertex 131.257 4.6804 -0.7
    endloop
  endfacet
  facet normal 0 0 -1
    outer loop
      vertex 130.914 4.69782 -0.7
      vertex 130.653 6.08051 -0.7
      vertex 131 6.1 -0.7
    endloop
  endfacet
  facet normal 0 0 -1
    outer loop
      vertex 130.574 4.64573 -0.7
      vertex 130.653 6.08051 -0.7
      vertex 130.914 4.69782 -0.7
    endloop
  endfacet
  facet normal 0 0 -1
    outer loop
      vertex 130.574 4.64573 -0.7
      vertex 130.31 6.02228 -0.7
      vertex 130.653 6.08051 -0.7
    endloop
  endfacet
  facet normal 0 0 -1
    outer loop
      vertex 129.976 5.92604 -0.7
      vertex 130.574 4.64573 -0.7
      vertex 130.251 4.52627 -0.7
    endloop
  endfacet
  facet normal 0 0 -1
    outer loop
      vertex 130.574 4.64573 -0.7
      vertex 129.976 5.92604 -0.7
      vertex 130.31 6.02228 -0.7
    endloop
  endfacet
  facet normal 0 0 -1
    outer loop
      vertex 129.351 5.62484 -0.7
      vertex 130.251 4.52627 -0.7
      vertex 129.959 4.34432 -0.7
    endloop
  endfacet
  facet normal 0 0 -1
    outer loop
      vertex 128.808 5.19203 -0.7
      vertex 129.959 4.34432 -0.7
      vertex 129.71 4.10733 -0.7
    endloop
  endfacet
  facet normal 0 0 -1
    outer loop
      vertex 130.251 4.52627 -0.7
      vertex 129.655 5.793 -0.7
      vertex 129.976 5.92604 -0.7
    endloop
  endfacet
  facet normal 0 0 -1
    outer loop
      vertex 128.375 4.6493 -0.7
      vertex 129.71 4.10733 -0.7
      vertex 129.514 3.82501 -0.7
    endloop
  endfacet
  facet normal 0 0 -1
    outer loop
      vertex 128.207 4.34504 -0.7
      vertex 129.514 3.82501 -0.7
      vertex 129.378 3.50892 -0.7
    endloop
  endfacet
  facet normal 0 0 -1
    outer loop
      vertex 130.251 4.52627 -0.7
      vertex 129.351 5.62484 -0.7
      vertex 129.655 5.793 -0.7
    endloop
  endfacet
  facet normal 0 0 -1
    outer loop
      vertex 127.978 3.68981 -0.7
      vertex 129.378 3.50892 -0.7
      vertex 129.309 3.17199 -0.7
    endloop
  endfacet
  facet normal 0 0 -1
    outer loop
      vertex 128.207 1.65496 -0.7
      vertex 129.514 2.17499 -0.7
      vertex 128.375 1.3507 -0.7
    endloop
  endfacet
  facet normal 0 0 -1
    outer loop
      vertex 129.959 4.34432 -0.7
      vertex 129.067 5.42368 -0.7
      vertex 129.351 5.62484 -0.7
    endloop
  endfacet
  facet normal -0 0 -1
    outer loop
      vertex 129.514 2.17499 -0.7
      vertex 128.207 1.65496 -0.7
      vertex 129.378 2.49108 -0.7
    endloop
  endfacet
  facet normal 0 0 -1
    outer loop
      vertex 129.959 4.34432 -0.7
      vertex 128.808 5.19203 -0.7
      vertex 129.067 5.42368 -0.7
    endloop
  endfacet
  facet normal 0 0 -1
    outer loop
      vertex 128.074 1.97614 -0.7
      vertex 129.378 2.49108 -0.7
      vertex 128.207 1.65496 -0.7
    endloop
  endfacet
  facet normal 0 0 -1
    outer loop
      vertex 129.71 4.10733 -0.7
      vertex 128.576 4.93282 -0.7
      vertex 128.808 5.19203 -0.7
    endloop
  endfacet
  facet normal 0 0 -1
    outer loop
      vertex 127.978 2.31019 -0.7
      vertex 129.378 2.49108 -0.7
      vertex 128.074 1.97614 -0.7
    endloop
  endfacet
  facet normal 0 0 -1
    outer loop
      vertex 129.71 4.10733 -0.7
      vertex 128.375 4.6493 -0.7
      vertex 128.576 4.93282 -0.7
    endloop
  endfacet
  facet normal -0 0 -1
    outer loop
      vertex 129.378 2.49108 -0.7
      vertex 127.978 2.31019 -0.7
      vertex 129.309 2.82801 -0.7
    endloop
  endfacet
  facet normal 0 0 -1
    outer loop
      vertex 129.514 3.82501 -0.7
      vertex 128.207 4.34504 -0.7
      vertex 128.375 4.6493 -0.7
    endloop
  endfacet
  facet normal 0 0 -1
    outer loop
      vertex 127.919 2.65291 -0.7
      vertex 129.309 2.82801 -0.7
      vertex 127.978 2.31019 -0.7
    endloop
  endfacet
  facet normal 0 0 -1
    outer loop
      vertex 129.378 3.50892 -0.7
      vertex 128.074 4.02386 -0.7
      vertex 128.207 4.34504 -0.7
    endloop
  endfacet
  facet normal 0 0 -1
    outer loop
      vertex 127.9 3 -0.7
      vertex 129.309 2.82801 -0.7
      vertex 127.919 2.65291 -0.7
    endloop
  endfacet
  facet normal 0 0 -1
    outer loop
      vertex 129.378 3.50892 -0.7
      vertex 127.978 3.68981 -0.7
      vertex 128.074 4.02386 -0.7
    endloop
  endfacet
  facet normal 0 0 -1
    outer loop
      vertex 129.309 2.82801 -0.7
      vertex 127.9 3 -0.7
      vertex 129.309 3.17199 -0.7
    endloop
  endfacet
  facet normal 0 0 -1
    outer loop
      vertex 129.309 3.17199 -0.7
      vertex 127.919 3.34709 -0.7
      vertex 127.978 3.68981 -0.7
    endloop
  endfacet
  facet normal -0 0 -1
    outer loop
      vertex 129.309 3.17199 -0.7
      vertex 127.9 3 -0.7
      vertex 127.919 3.34709 -0.7
    endloop
  endfacet
  facet normal -0.985503 0.169657 0
    outer loop
      vertex 134.022 2.31019 -2.4
      vertex 134.081 2.65291 -0.7
      vertex 134.081 2.65291 -2.4
    endloop
  endfacet
  facet normal -0.985503 0.169657 0
    outer loop
      vertex 134.081 2.65291 -0.7
      vertex 134.022 2.31019 -2.4
      vertex 134.022 2.31019 -0.7
    endloop
  endfacet
  facet normal -0.875416 0.483369 0
    outer loop
      vertex 133.625 1.3507 -2.4
      vertex 133.793 1.65496 -0.7
      vertex 133.793 1.65496 -2.4
    endloop
  endfacet
  facet normal -0.875416 0.483369 0
    outer loop
      vertex 133.793 1.65496 -0.7
      vertex 133.625 1.3507 -2.4
      vertex 133.625 1.3507 -0.7
    endloop
  endfacet
  facet normal -0.815789 0.578349 0
    outer loop
      vertex 133.424 1.06718 -2.4
      vertex 133.625 1.3507 -0.7
      vertex 133.625 1.3507 -2.4
    endloop
  endfacet
  facet normal -0.815789 0.578349 0
    outer loop
      vertex 133.625 1.3507 -0.7
      vertex 133.424 1.06718 -2.4
      vertex 133.424 1.06718 -0.7
    endloop
  endfacet
  facet normal -0.382861 0.923806 0
    outer loop
      vertex 132.345 0.206997 -2.4
      vertex 132.024 0.0739622 -0.7
      vertex 132.345 0.206997 -0.7
    endloop
  endfacet
  facet normal -0.382861 0.923806 0
    outer loop
      vertex 132.024 0.0739622 -0.7
      vertex 132.345 0.206997 -2.4
      vertex 132.024 0.0739622 -2.4
    endloop
  endfacet
  facet normal -0.57802 0.816023 0
    outer loop
      vertex 132.933 0.576323 -2.4
      vertex 132.649 0.375155 -0.7
      vertex 132.933 0.576323 -0.7
    endloop
  endfacet
  facet normal -0.57802 0.816023 0
    outer loop
      vertex 132.649 0.375155 -0.7
      vertex 132.933 0.576323 -2.4
      vertex 132.649 0.375155 -2.4
    endloop
  endfacet
  facet normal 0.276874 0.960906 -0
    outer loop
      vertex 130.31 -0.0222759 -2.4
      vertex 129.976 0.0739622 -0.7
      vertex 130.31 -0.0222759 -0.7
    endloop
  endfacet
  facet normal 0.276874 0.960906 0
    outer loop
      vertex 129.976 0.0739622 -0.7
      vertex 130.31 -0.0222759 -2.4
      vertex 129.976 0.0739622 -2.4
    endloop
  endfacet
  facet normal 0.484034 0.875049 -0
    outer loop
      vertex 129.655 0.206997 -2.4
      vertex 129.351 0.375155 -0.7
      vertex 129.655 0.206997 -0.7
    endloop
  endfacet
  facet normal 0.484034 0.875049 0
    outer loop
      vertex 129.351 0.375155 -0.7
      vertex 129.655 0.206997 -2.4
      vertex 129.351 0.375155 -2.4
    endloop
  endfacet
  facet normal 0.923917 0.382592 0
    outer loop
      vertex 128.207 1.65496 -0.7
      vertex 128.074 1.97614 -2.4
      vertex 128.074 1.97614 -0.7
    endloop
  endfacet
  facet normal 0.923917 0.382592 0
    outer loop
      vertex 128.074 1.97614 -2.4
      vertex 128.207 1.65496 -0.7
      vertex 128.207 1.65496 -2.4
    endloop
  endfacet
  facet normal 0.985503 0.169657 0
    outer loop
      vertex 127.978 2.31019 -0.7
      vertex 127.919 2.65291 -2.4
      vertex 127.919 2.65291 -0.7
    endloop
  endfacet
  facet normal 0.985503 0.169657 0
    outer loop
      vertex 127.919 2.65291 -2.4
      vertex 127.978 2.31019 -0.7
      vertex 127.978 2.31019 -2.4
    endloop
  endfacet
  facet normal 0.815789 0.578349 0
    outer loop
      vertex 128.576 1.06718 -0.7
      vertex 128.375 1.3507 -2.4
      vertex 128.375 1.3507 -0.7
    endloop
  endfacet
  facet normal 0.815789 0.578349 0
    outer loop
      vertex 128.375 1.3507 -2.4
      vertex 128.576 1.06718 -0.7
      vertex 128.576 1.06718 -2.4
    endloop
  endfacet
  facet normal -0.994863 -0.101232 0
    outer loop
      vertex 4.7 113 -0.7
      vertex 4.6652 113.342 0
      vertex 4.6652 113.342 -0.7
    endloop
  endfacet
  facet normal -0.994863 -0.101232 0
    outer loop
      vertex 4.6652 113.342 0
      vertex 4.7 113 -0.7
      vertex 4.7 113 0
    endloop
  endfacet
  facet normal 1 -0 0
    outer loop
      vertex 1.30872 112.828 0
      vertex 1.30872 113.172 -0.7
      vertex 1.30872 113.172 0
    endloop
  endfacet
  facet normal 1 0 0
    outer loop
      vertex 1.30872 113.172 -0.7
      vertex 1.30872 112.828 0
      vertex 1.30872 112.828 -0.7
    endloop
  endfacet
  facet normal -0.0523254 -0.99863 0
    outer loop
      vertex 2.9139 114.698 -0.7
      vertex 3.25743 114.68 0
      vertex 2.9139 114.698 0
    endloop
  endfacet
  facet normal -0.0523254 -0.99863 -0
    outer loop
      vertex 3.25743 114.68 0
      vertex 2.9139 114.698 -0.7
      vertex 3.25743 114.68 -0.7
    endloop
  endfacet
  facet normal -0.75876 -0.651371 0
    outer loop
      vertex 4.3953 113.971 -0.7
      vertex 4.17124 114.232 0
      vertex 4.17124 114.232 -0.7
    endloop
  endfacet
  facet normal -0.75876 -0.651371 0
    outer loop
      vertex 4.17124 114.232 0
      vertex 4.3953 113.971 -0.7
      vertex 4.3953 113.971 0
    endloop
  endfacet
  facet normal -0.95409 -0.29952 0
    outer loop
      vertex 4.6652 113.342 -0.7
      vertex 4.56223 113.67 0
      vertex 4.56223 113.67 -0.7
    endloop
  endfacet
  facet normal -0.95409 -0.29952 0
    outer loop
      vertex 4.56223 113.67 0
      vertex 4.6652 113.342 -0.7
      vertex 4.6652 113.342 0
    endloop
  endfacet
  facet normal 0.688987 -0.724774 0
    outer loop
      vertex 1.71011 114.107 -0.7
      vertex 1.95942 114.344 0
      vertex 1.71011 114.107 0
    endloop
  endfacet
  facet normal 0.688987 -0.724774 0
    outer loop
      vertex 1.95942 114.344 0
      vertex 1.71011 114.107 -0.7
      vertex 1.95942 114.344 -0.7
    endloop
  endfacet
  facet normal 0.348677 -0.937243 0
    outer loop
      vertex 2.25133 114.526 -0.7
      vertex 2.57389 114.646 0
      vertex 2.25133 114.526 0
    endloop
  endfacet
  facet normal 0.348677 -0.937243 0
    outer loop
      vertex 2.57389 114.646 0
      vertex 2.25133 114.526 -0.7
      vertex 2.57389 114.646 -0.7
    endloop
  endfacet
  facet normal -0.874517 0.484994 0
    outer loop
      vertex 4.3953 112.029 -0.7
      vertex 4.56223 112.33 0
      vertex 4.56223 112.33 -0.7
    endloop
  endfacet
  facet normal -0.874517 0.484994 0
    outer loop
      vertex 4.56223 112.33 0
      vertex 4.3953 112.029 -0.7
      vertex 4.3953 112.029 0
    endloop
  endfacet
  facet normal -0.874517 -0.484994 0
    outer loop
      vertex 4.56223 113.67 -0.7
      vertex 4.3953 113.971 0
      vertex 4.3953 113.971 -0.7
    endloop
  endfacet
  facet normal -0.874517 -0.484994 0
    outer loop
      vertex 4.3953 113.971 0
      vertex 4.56223 113.67 -0.7
      vertex 4.56223 113.67 0
    endloop
  endfacet
  facet normal -0.43926 -0.89836 0
    outer loop
      vertex 3.59042 114.594 -0.7
      vertex 3.89924 114.443 0
      vertex 3.59042 114.594 0
    endloop
  endfacet
  facet normal -0.43926 -0.89836 -0
    outer loop
      vertex 3.89924 114.443 0
      vertex 3.59042 114.594 -0.7
      vertex 3.89924 114.443 -0.7
    endloop
  endfacet
  facet normal -0.250061 -0.96823 0
    outer loop
      vertex 3.25743 114.68 -0.7
      vertex 3.59042 114.594 0
      vertex 3.25743 114.68 0
    endloop
  endfacet
  facet normal -0.250061 -0.96823 -0
    outer loop
      vertex 3.59042 114.594 0
      vertex 3.25743 114.68 -0.7
      vertex 3.59042 114.594 -0.7
    endloop
  endfacet
  facet normal -0.612935 -0.790134 0
    outer loop
      vertex 3.89924 114.443 -0.7
      vertex 4.17124 114.232 0
      vertex 3.89924 114.443 0
    endloop
  endfacet
  facet normal -0.612935 -0.790134 -0
    outer loop
      vertex 4.17124 114.232 0
      vertex 3.89924 114.443 -0.7
      vertex 4.17124 114.232 -0.7
    endloop
  endfacet
  facet normal 0.918912 -0.394463 0
    outer loop
      vertex 1.37796 113.509 0
      vertex 1.51361 113.825 -0.7
      vertex 1.51361 113.825 0
    endloop
  endfacet
  facet normal 0.918912 -0.394463 0
    outer loop
      vertex 1.51361 113.825 -0.7
      vertex 1.37796 113.509 0
      vertex 1.37796 113.509 -0.7
    endloop
  endfacet
  facet normal 0.82046 -0.571704 0
    outer loop
      vertex 1.51361 113.825 0
      vertex 1.71011 114.107 -0.7
      vertex 1.71011 114.107 0
    endloop
  endfacet
  facet normal 0.82046 -0.571704 0
    outer loop
      vertex 1.71011 114.107 -0.7
      vertex 1.51361 113.825 0
      vertex 1.51361 113.825 -0.7
    endloop
  endfacet
  facet normal 0.979539 -0.201256 0
    outer loop
      vertex 1.30872 113.172 0
      vertex 1.37796 113.509 -0.7
      vertex 1.37796 113.509 0
    endloop
  endfacet
  facet normal 0.979539 -0.201256 0
    outer loop
      vertex 1.37796 113.509 -0.7
      vertex 1.30872 113.172 0
      vertex 1.30872 113.172 -0.7
    endloop
  endfacet
  facet normal 0.529071 -0.848578 0
    outer loop
      vertex 1.95942 114.344 -0.7
      vertex 2.25133 114.526 0
      vertex 1.95942 114.344 0
    endloop
  endfacet
  facet normal 0.529071 -0.848578 0
    outer loop
      vertex 2.25133 114.526 0
      vertex 1.95942 114.344 -0.7
      vertex 2.25133 114.526 -0.7
    endloop
  endfacet
  facet normal 0.151179 -0.988506 0
    outer loop
      vertex 2.57389 114.646 -0.7
      vertex 2.9139 114.698 0
      vertex 2.57389 114.646 0
    endloop
  endfacet
  facet normal 0.151179 -0.988506 0
    outer loop
      vertex 2.9139 114.698 0
      vertex 2.57389 114.646 -0.7
      vertex 2.9139 114.698 -0.7
    endloop
  endfacet
  facet normal -0.250061 0.96823 0
    outer loop
      vertex 3.59042 111.406 -0.7
      vertex 3.25743 111.32 0
      vertex 3.59042 111.406 0
    endloop
  endfacet
  facet normal -0.250061 0.96823 0
    outer loop
      vertex 3.25743 111.32 0
      vertex 3.59042 111.406 -0.7
      vertex 3.25743 111.32 -0.7
    endloop
  endfacet
  facet normal -0.612935 0.790134 0
    outer loop
      vertex 4.17124 111.768 -0.7
      vertex 3.89924 111.557 0
      vertex 4.17124 111.768 0
    endloop
  endfacet
  facet normal -0.612935 0.790134 0
    outer loop
      vertex 3.89924 111.557 0
      vertex 4.17124 111.768 -0.7
      vertex 3.89924 111.557 -0.7
    endloop
  endfacet
  facet normal 0.529071 0.848578 -0
    outer loop
      vertex 2.25133 111.474 -0.7
      vertex 1.95942 111.656 0
      vertex 2.25133 111.474 0
    endloop
  endfacet
  facet normal 0.529071 0.848578 0
    outer loop
      vertex 1.95942 111.656 0
      vertex 2.25133 111.474 -0.7
      vertex 1.95942 111.656 -0.7
    endloop
  endfacet
  facet normal 0.151179 0.988506 -0
    outer loop
      vertex 2.9139 111.302 -0.7
      vertex 2.57389 111.354 0
      vertex 2.9139 111.302 0
    endloop
  endfacet
  facet normal 0.151179 0.988506 0
    outer loop
      vertex 2.57389 111.354 0
      vertex 2.9139 111.302 -0.7
      vertex 2.57389 111.354 -0.7
    endloop
  endfacet
  facet normal 0.82046 0.571704 0
    outer loop
      vertex 1.71011 111.893 0
      vertex 1.51361 112.175 -0.7
      vertex 1.51361 112.175 0
    endloop
  endfacet
  facet normal 0.82046 0.571704 0
    outer loop
      vertex 1.51361 112.175 -0.7
      vertex 1.71011 111.893 0
      vertex 1.71011 111.893 -0.7
    endloop
  endfacet
  facet normal 0.688987 0.724774 -0
    outer loop
      vertex 1.95942 111.656 -0.7
      vertex 1.71011 111.893 0
      vertex 1.95942 111.656 0
    endloop
  endfacet
  facet normal 0.688987 0.724774 0
    outer loop
      vertex 1.71011 111.893 0
      vertex 1.95942 111.656 -0.7
      vertex 1.71011 111.893 -0.7
    endloop
  endfacet
  facet normal 0.979539 0.201256 0
    outer loop
      vertex 1.37796 112.491 0
      vertex 1.30872 112.828 -0.7
      vertex 1.30872 112.828 0
    endloop
  endfacet
  facet normal 0.979539 0.201256 0
    outer loop
      vertex 1.30872 112.828 -0.7
      vertex 1.37796 112.491 0
      vertex 1.37796 112.491 -0.7
    endloop
  endfacet
  facet normal -0.43926 0.89836 0
    outer loop
      vertex 3.89924 111.557 -0.7
      vertex 3.59042 111.406 0
      vertex 3.89924 111.557 0
    endloop
  endfacet
  facet normal -0.43926 0.89836 0
    outer loop
      vertex 3.59042 111.406 0
      vertex 3.89924 111.557 -0.7
      vertex 3.59042 111.406 -0.7
    endloop
  endfacet
  facet normal -0.75876 0.651371 0
    outer loop
      vertex 4.17124 111.768 -0.7
      vertex 4.3953 112.029 0
      vertex 4.3953 112.029 -0.7
    endloop
  endfacet
  facet normal -0.75876 0.651371 0
    outer loop
      vertex 4.3953 112.029 0
      vertex 4.17124 111.768 -0.7
      vertex 4.17124 111.768 0
    endloop
  endfacet
  facet normal -0.95409 0.29952 0
    outer loop
      vertex 4.56223 112.33 -0.7
      vertex 4.6652 112.658 0
      vertex 4.6652 112.658 -0.7
    endloop
  endfacet
  facet normal -0.95409 0.29952 0
    outer loop
      vertex 4.6652 112.658 0
      vertex 4.56223 112.33 -0.7
      vertex 4.56223 112.33 0
    endloop
  endfacet
  facet normal 0.348677 0.937243 -0
    outer loop
      vertex 2.57389 111.354 -0.7
      vertex 2.25133 111.474 0
      vertex 2.57389 111.354 0
    endloop
  endfacet
  facet normal 0.348677 0.937243 0
    outer loop
      vertex 2.25133 111.474 0
      vertex 2.57389 111.354 -0.7
      vertex 2.25133 111.474 -0.7
    endloop
  endfacet
  facet normal -0.0523254 0.99863 0
    outer loop
      vertex 3.25743 111.32 -0.7
      vertex 2.9139 111.302 0
      vertex 3.25743 111.32 0
    endloop
  endfacet
  facet normal -0.0523254 0.99863 0
    outer loop
      vertex 2.9139 111.302 0
      vertex 3.25743 111.32 -0.7
      vertex 2.9139 111.302 -0.7
    endloop
  endfacet
  facet normal 0.918912 0.394463 0
    outer loop
      vertex 1.51361 112.175 0
      vertex 1.37796 112.491 -0.7
      vertex 1.37796 112.491 0
    endloop
  endfacet
  facet normal 0.918912 0.394463 0
    outer loop
      vertex 1.37796 112.491 -0.7
      vertex 1.51361 112.175 0
      vertex 1.51361 112.175 -0.7
    endloop
  endfacet
  facet normal -0.994863 0.101232 0
    outer loop
      vertex 4.6652 112.658 -0.7
      vertex 4.7 113 0
      vertex 4.7 113 -0.7
    endloop
  endfacet
  facet normal -0.994863 0.101232 0
    outer loop
      vertex 4.7 113 0
      vertex 4.6652 112.658 -0.7
      vertex 4.6652 112.658 0
    endloop
  endfacet
  facet normal -0.998426 -0.0560788 0
    outer loop
      vertex 6.1 113 -2.4
      vertex 6.08051 113.347 -0.7
      vertex 6.08051 113.347 -2.4
    endloop
  endfacet
  facet normal -0.998426 -0.0560788 0
    outer loop
      vertex 6.08051 113.347 -0.7
      vertex 6.1 113 -2.4
      vertex 6.1 113 -0.7
    endloop
  endfacet
  facet normal 0.998426 -0.0560848 0
    outer loop
      vertex -0.0999994 113 -0.7
      vertex -0.0805073 113.347 -2.4
      vertex -0.0805073 113.347 -0.7
    endloop
  endfacet
  facet normal 0.998426 -0.0560848 0
    outer loop
      vertex -0.0805073 113.347 -2.4
      vertex -0.0999994 113 -0.7
      vertex -0.0999994 113 -2.4
    endloop
  endfacet
  facet normal -0.054659 -0.998505 0
    outer loop
      vertex 3 116.1 -2.4
      vertex 3.34709 116.081 -0.7
      vertex 3 116.1 -0.7
    endloop
  endfacet
  facet normal -0.054659 -0.998505 -0
    outer loop
      vertex 3.34709 116.081 -0.7
      vertex 3 116.1 -2.4
      vertex 3.34709 116.081 -2.4
    endloop
  endfacet
  facet normal 0.745371 0.66665 0
    outer loop
      vertex 0.807969 110.808 -0.7
      vertex 0.576323 111.067 -2.4
      vertex 0.576323 111.067 -0.7
    endloop
  endfacet
  facet normal 0.745371 0.66665 0
    outer loop
      vertex 0.576323 111.067 -2.4
      vertex 0.807969 110.808 -0.7
      vertex 0.807969 110.808 -2.4
    endloop
  endfacet
  facet normal -0.745365 -0.666656 0
    outer loop
      vertex 5.42368 114.933 -2.4
      vertex 5.19203 115.192 -0.7
      vertex 5.19203 115.192 -2.4
    endloop
  endfacet
  facet normal -0.745365 -0.666656 0
    outer loop
      vertex 5.19203 115.192 -0.7
      vertex 5.42368 114.933 -2.4
      vertex 5.42368 114.933 -0.7
    endloop
  endfacet
  facet normal 0.666914 -0.745135 0
    outer loop
      vertex 0.807969 115.192 -2.4
      vertex 1.06718 115.424 -0.7
      vertex 0.807969 115.192 -0.7
    endloop
  endfacet
  facet normal 0.666914 -0.745135 0
    outer loop
      vertex 1.06718 115.424 -0.7
      vertex 0.807969 115.192 -2.4
      vertex 1.06718 115.424 -2.4
    endloop
  endfacet
  facet normal 0.382592 -0.923917 0
    outer loop
      vertex 1.65496 115.793 -2.4
      vertex 1.97614 115.926 -0.7
      vertex 1.65496 115.793 -0.7
    endloop
  endfacet
  facet normal 0.382592 -0.923917 0
    outer loop
      vertex 1.97614 115.926 -0.7
      vertex 1.65496 115.793 -2.4
      vertex 1.97614 115.926 -2.4
    endloop
  endfacet
  facet normal -0.923801 -0.382874 0
    outer loop
      vertex 5.92604 114.024 -2.4
      vertex 5.793 114.345 -0.7
      vertex 5.793 114.345 -2.4
    endloop
  endfacet
  facet normal -0.923801 -0.382874 0
    outer loop
      vertex 5.793 114.345 -0.7
      vertex 5.92604 114.024 -2.4
      vertex 5.92604 114.024 -0.7
    endloop
  endfacet
  facet normal -0.483369 -0.875416 0
    outer loop
      vertex 4.34504 115.793 -2.4
      vertex 4.6493 115.625 -0.7
      vertex 4.34504 115.793 -0.7
    endloop
  endfacet
  facet normal -0.483369 -0.875416 -0
    outer loop
      vertex 4.6493 115.625 -0.7
      vertex 4.34504 115.793 -2.4
      vertex 4.6493 115.625 -2.4
    endloop
  endfacet
  facet normal -0.666915 -0.745134 0
    outer loop
      vertex 4.93282 115.424 -2.4
      vertex 5.19203 115.192 -0.7
      vertex 4.93282 115.424 -0.7
    endloop
  endfacet
  facet normal -0.666915 -0.745134 -0
    outer loop
      vertex 5.19203 115.192 -0.7
      vertex 4.93282 115.424 -2.4
      vertex 5.19203 115.192 -2.4
    endloop
  endfacet
  facet normal 0.875049 -0.484034 0
    outer loop
      vertex 0.206997 114.345 -0.7
      vertex 0.375155 114.649 -2.4
      vertex 0.375155 114.649 -0.7
    endloop
  endfacet
  facet normal 0.875049 -0.484034 0
    outer loop
      vertex 0.375155 114.649 -2.4
      vertex 0.206997 114.345 -0.7
      vertex 0.206997 114.345 -2.4
    endloop
  endfacet
  facet normal 0.745371 -0.66665 0
    outer loop
      vertex 0.576323 114.933 -0.7
      vertex 0.807969 115.192 -2.4
      vertex 0.807969 115.192 -0.7
    endloop
  endfacet
  facet normal 0.745371 -0.66665 0
    outer loop
      vertex 0.807969 115.192 -2.4
      vertex 0.576323 114.933 -0.7
      vertex 0.576323 114.933 -2.4
    endloop
  endfacet
  facet normal 0.169657 -0.985503 0
    outer loop
      vertex 2.31019 116.022 -2.4
      vertex 2.65291 116.081 -0.7
      vertex 2.31019 116.022 -0.7
    endloop
  endfacet
  facet normal 0.169657 -0.985503 0
    outer loop
      vertex 2.65291 116.081 -0.7
      vertex 2.31019 116.022 -2.4
      vertex 2.65291 116.081 -2.4
    endloop
  endfacet
  facet normal -0.960905 0.276879 0
    outer loop
      vertex 5.92604 111.976 -2.4
      vertex 6.02228 112.31 -0.7
      vertex 6.02228 112.31 -2.4
    endloop
  endfacet
  facet normal -0.960905 0.276879 0
    outer loop
      vertex 6.02228 112.31 -0.7
      vertex 5.92604 111.976 -2.4
      vertex 5.92604 111.976 -0.7
    endloop
  endfacet
  facet normal 0.666914 0.745135 -0
    outer loop
      vertex 1.06718 110.576 -2.4
      vertex 0.807969 110.808 -0.7
      vertex 1.06718 110.576 -0.7
    endloop
  endfacet
  facet normal 0.666914 0.745135 0
    outer loop
      vertex 0.807969 110.808 -0.7
      vertex 1.06718 110.576 -2.4
      vertex 0.807969 110.808 -2.4
    endloop
  endfacet
  facet normal -0.960905 -0.276879 0
    outer loop
      vertex 6.02228 113.69 -2.4
      vertex 5.92604 114.024 -0.7
      vertex 5.92604 114.024 -2.4
    endloop
  endfacet
  facet normal -0.960905 -0.276879 0
    outer loop
      vertex 5.92604 114.024 -0.7
      vertex 6.02228 113.69 -2.4
      vertex 6.02228 113.69 -0.7
    endloop
  endfacet
  facet normal -0.985894 -0.167372 0
    outer loop
      vertex 6.08051 113.347 -2.4
      vertex 6.02228 113.69 -0.7
      vertex 6.02228 113.69 -2.4
    endloop
  endfacet
  facet normal -0.985894 -0.167372 0
    outer loop
      vertex 6.02228 113.69 -0.7
      vertex 6.08051 113.347 -2.4
      vertex 6.08051 113.347 -0.7
    endloop
  endfacet
  facet normal -0.816034 -0.578005 0
    outer loop
      vertex 5.62484 114.649 -2.4
      vertex 5.42368 114.933 -0.7
      vertex 5.42368 114.933 -2.4
    endloop
  endfacet
  facet normal -0.816034 -0.578005 0
    outer loop
      vertex 5.42368 114.933 -0.7
      vertex 5.62484 114.649 -2.4
      vertex 5.62484 114.649 -0.7
    endloop
  endfacet
  facet normal -0.875046 -0.484039 0
    outer loop
      vertex 5.793 114.345 -2.4
      vertex 5.62484 114.649 -0.7
      vertex 5.62484 114.649 -2.4
    endloop
  endfacet
  facet normal -0.875046 -0.484039 0
    outer loop
      vertex 5.62484 114.649 -0.7
      vertex 5.793 114.345 -2.4
      vertex 5.793 114.345 -0.7
    endloop
  endfacet
  facet normal -0.276203 -0.961099 0
    outer loop
      vertex 3.68981 116.022 -2.4
      vertex 4.02386 115.926 -0.7
      vertex 3.68981 116.022 -0.7
    endloop
  endfacet
  facet normal -0.276203 -0.961099 -0
    outer loop
      vertex 4.02386 115.926 -0.7
      vertex 3.68981 116.022 -2.4
      vertex 4.02386 115.926 -2.4
    endloop
  endfacet
  facet normal -0.382592 -0.923917 0
    outer loop
      vertex 4.02386 115.926 -2.4
      vertex 4.34504 115.793 -0.7
      vertex 4.02386 115.926 -0.7
    endloop
  endfacet
  facet normal -0.382592 -0.923917 -0
    outer loop
      vertex 4.34504 115.793 -0.7
      vertex 4.02386 115.926 -2.4
      vertex 4.34504 115.793 -2.4
    endloop
  endfacet
  facet normal -0.169657 -0.985503 0
    outer loop
      vertex 3.34709 116.081 -2.4
      vertex 3.68981 116.022 -0.7
      vertex 3.34709 116.081 -0.7
    endloop
  endfacet
  facet normal -0.169657 -0.985503 -0
    outer loop
      vertex 3.68981 116.022 -0.7
      vertex 3.34709 116.081 -2.4
      vertex 3.68981 116.022 -2.4
    endloop
  endfacet
  facet normal -0.578349 -0.815789 0
    outer loop
      vertex 4.6493 115.625 -2.4
      vertex 4.93282 115.424 -0.7
      vertex 4.6493 115.625 -0.7
    endloop
  endfacet
  facet normal -0.578349 -0.815789 -0
    outer loop
      vertex 4.93282 115.424 -0.7
      vertex 4.6493 115.625 -2.4
      vertex 4.93282 115.424 -2.4
    endloop
  endfacet
  facet normal 0.960906 -0.276874 0
    outer loop
      vertex -0.0222759 113.69 -0.7
      vertex 0.0739622 114.024 -2.4
      vertex 0.0739622 114.024 -0.7
    endloop
  endfacet
  facet normal 0.960906 -0.276874 0
    outer loop
      vertex 0.0739622 114.024 -2.4
      vertex -0.0222759 113.69 -0.7
      vertex -0.0222759 113.69 -2.4
    endloop
  endfacet
  facet normal 0.816023 -0.57802 0
    outer loop
      vertex 0.375155 114.649 -0.7
      vertex 0.576323 114.933 -2.4
      vertex 0.576323 114.933 -0.7
    endloop
  endfacet
  facet normal 0.816023 -0.57802 0
    outer loop
      vertex 0.576323 114.933 -2.4
      vertex 0.375155 114.649 -0.7
      vertex 0.375155 114.649 -2.4
    endloop
  endfacet
  facet normal 0.923806 -0.382861 0
    outer loop
      vertex 0.0739622 114.024 -0.7
      vertex 0.206997 114.345 -2.4
      vertex 0.206997 114.345 -0.7
    endloop
  endfacet
  facet normal 0.923806 -0.382861 0
    outer loop
      vertex 0.206997 114.345 -2.4
      vertex 0.0739622 114.024 -0.7
      vertex 0.0739622 114.024 -2.4
    endloop
  endfacet
  facet normal 0.985893 -0.167376 0
    outer loop
      vertex -0.0805073 113.347 -0.7
      vertex -0.0222759 113.69 -2.4
      vertex -0.0222759 113.69 -0.7
    endloop
  endfacet
  facet normal 0.985893 -0.167376 0
    outer loop
      vertex -0.0222759 113.69 -2.4
      vertex -0.0805073 113.347 -0.7
      vertex -0.0805073 113.347 -2.4
    endloop
  endfacet
  facet normal 0 0 -1
    outer loop
      vertex 4.7 113 -0.7
      vertex 6.1 113 -0.7
      vertex 6.08051 112.653 -0.7
    endloop
  endfacet
  facet normal 0 0 -1
    outer loop
      vertex 4.6652 112.658 -0.7
      vertex 6.08051 112.653 -0.7
      vertex 6.02228 112.31 -0.7
    endloop
  endfacet
  facet normal 0 0 -1
    outer loop
      vertex 6.1 113 -0.7
      vertex 4.7 113 -0.7
      vertex 6.08051 113.347 -0.7
    endloop
  endfacet
  facet normal 0 0 -1
    outer loop
      vertex 4.6652 112.658 -0.7
      vertex 6.02228 112.31 -0.7
      vertex 5.92604 111.976 -0.7
    endloop
  endfacet
  facet normal 0 0 -1
    outer loop
      vertex 4.6652 113.342 -0.7
      vertex 6.08051 113.347 -0.7
      vertex 4.7 113 -0.7
    endloop
  endfacet
  facet normal 0 0 -1
    outer loop
      vertex 4.56223 112.33 -0.7
      vertex 5.92604 111.976 -0.7
      vertex 5.793 111.655 -0.7
    endloop
  endfacet
  facet normal -0 0 -1
    outer loop
      vertex 6.08051 113.347 -0.7
      vertex 4.6652 113.342 -0.7
      vertex 6.02228 113.69 -0.7
    endloop
  endfacet
  facet normal 0 0 -1
    outer loop
      vertex 4.56223 112.33 -0.7
      vertex 5.793 111.655 -0.7
      vertex 5.62484 111.351 -0.7
    endloop
  endfacet
  facet normal -0 0 -1
    outer loop
      vertex 6.02228 113.69 -0.7
      vertex 4.6652 113.342 -0.7
      vertex 5.92604 114.024 -0.7
    endloop
  endfacet
  facet normal 0 0 -1
    outer loop
      vertex 4.3953 112.029 -0.7
      vertex 5.62484 111.351 -0.7
      vertex 5.42368 111.067 -0.7
    endloop
  endfacet
  facet normal 0 0 -1
    outer loop
      vertex 4.56223 113.67 -0.7
      vertex 5.92604 114.024 -0.7
      vertex 4.6652 113.342 -0.7
    endloop
  endfacet
  facet normal 0 0 -1
    outer loop
      vertex 4.17124 111.768 -0.7
      vertex 5.42368 111.067 -0.7
      vertex 5.19203 110.808 -0.7
    endloop
  endfacet
  facet normal -0 0 -1
    outer loop
      vertex 5.92604 114.024 -0.7
      vertex 4.56223 113.67 -0.7
      vertex 5.793 114.345 -0.7
    endloop
  endfacet
  facet normal 0 0 -1
    outer loop
      vertex 4.17124 111.768 -0.7
      vertex 5.19203 110.808 -0.7
      vertex 4.93282 110.576 -0.7
    endloop
  endfacet
  facet normal -0 0 -1
    outer loop
      vertex 5.793 114.345 -0.7
      vertex 4.56223 113.67 -0.7
      vertex 5.62484 114.649 -0.7
    endloop
  endfacet
  facet normal 0 0 -1
    outer loop
      vertex 4.3953 113.971 -0.7
      vertex 5.62484 114.649 -0.7
      vertex 4.56223 113.67 -0.7
    endloop
  endfacet
  facet normal 0 0 -1
    outer loop
      vertex 6.08051 112.653 -0.7
      vertex 4.6652 112.658 -0.7
      vertex 4.7 113 -0.7
    endloop
  endfacet
  facet normal 0 0 -1
    outer loop
      vertex 3.89924 111.557 -0.7
      vertex 4.93282 110.576 -0.7
      vertex 4.6493 110.375 -0.7
    endloop
  endfacet
  facet normal 0 0 -1
    outer loop
      vertex 5.92604 111.976 -0.7
      vertex 4.56223 112.33 -0.7
      vertex 4.6652 112.658 -0.7
    endloop
  endfacet
  facet normal 0 0 -1
    outer loop
      vertex 5.62484 111.351 -0.7
      vertex 4.3953 112.029 -0.7
      vertex 4.56223 112.33 -0.7
    endloop
  endfacet
  facet normal 0 0 -1
    outer loop
      vertex 3.89924 111.557 -0.7
      vertex 4.6493 110.375 -0.7
      vertex 4.34504 110.207 -0.7
    endloop
  endfacet
  facet normal 0 0 -1
    outer loop
      vertex 5.42368 111.067 -0.7
      vertex 4.17124 111.768 -0.7
      vertex 4.3953 112.029 -0.7
    endloop
  endfacet
  facet normal 0 0 -1
    outer loop
      vertex 3.59042 111.406 -0.7
      vertex 4.34504 110.207 -0.7
      vertex 4.02386 110.074 -0.7
    endloop
  endfacet
  facet normal 0 0 -1
    outer loop
      vertex 4.93282 110.576 -0.7
      vertex 3.89924 111.557 -0.7
      vertex 4.17124 111.768 -0.7
    endloop
  endfacet
  facet normal 0 0 -1
    outer loop
      vertex 3.59042 111.406 -0.7
      vertex 4.02386 110.074 -0.7
      vertex 3.68981 109.978 -0.7
    endloop
  endfacet
  facet normal 0 0 -1
    outer loop
      vertex 4.34504 110.207 -0.7
      vertex 3.59042 111.406 -0.7
      vertex 3.89924 111.557 -0.7
    endloop
  endfacet
  facet normal 0 0 -1
    outer loop
      vertex 3.25743 111.32 -0.7
      vertex 3.68981 109.978 -0.7
      vertex 3.34709 109.919 -0.7
    endloop
  endfacet
  facet normal 0 0 -1
    outer loop
      vertex 3.68981 109.978 -0.7
      vertex 3.25743 111.32 -0.7
      vertex 3.59042 111.406 -0.7
    endloop
  endfacet
  facet normal 0 0 -1
    outer loop
      vertex 3 109.9 -0.7
      vertex 3.25743 111.32 -0.7
      vertex 3.34709 109.919 -0.7
    endloop
  endfacet
  facet normal 0 0 -1
    outer loop
      vertex 3 109.9 -0.7
      vertex 2.9139 111.302 -0.7
      vertex 3.25743 111.32 -0.7
    endloop
  endfacet
  facet normal 0 0 -1
    outer loop
      vertex 2.65291 109.919 -0.7
      vertex 2.9139 111.302 -0.7
      vertex 3 109.9 -0.7
    endloop
  endfacet
  facet normal 0 0 -1
    outer loop
      vertex 2.65291 109.919 -0.7
      vertex 2.57389 111.354 -0.7
      vertex 2.9139 111.302 -0.7
    endloop
  endfacet
  facet normal 0 0 -1
    outer loop
      vertex 2.31019 109.978 -0.7
      vertex 2.57389 111.354 -0.7
      vertex 2.65291 109.919 -0.7
    endloop
  endfacet
  facet normal 0 0 -1
    outer loop
      vertex 1.97614 110.074 -0.7
      vertex 2.57389 111.354 -0.7
      vertex 2.31019 109.978 -0.7
    endloop
  endfacet
  facet normal -0 0 -1
    outer loop
      vertex 2.57389 111.354 -0.7
      vertex 1.97614 110.074 -0.7
      vertex 2.25133 111.474 -0.7
    endloop
  endfacet
  facet normal 0 0 -1
    outer loop
      vertex 1.65496 110.207 -0.7
      vertex 2.25133 111.474 -0.7
      vertex 1.97614 110.074 -0.7
    endloop
  endfacet
  facet normal 0 0 -1
    outer loop
      vertex 1.3507 110.375 -0.7
      vertex 2.25133 111.474 -0.7
      vertex 1.65496 110.207 -0.7
    endloop
  endfacet
  facet normal -0 0 -1
    outer loop
      vertex 2.25133 111.474 -0.7
      vertex 1.3507 110.375 -0.7
      vertex 1.95942 111.656 -0.7
    endloop
  endfacet
  facet normal 0 0 -1
    outer loop
      vertex 1.06718 110.576 -0.7
      vertex 1.95942 111.656 -0.7
      vertex 1.3507 110.375 -0.7
    endloop
  endfacet
  facet normal 0 0 -1
    outer loop
      vertex 0.807969 110.808 -0.7
      vertex 1.95942 111.656 -0.7
      vertex 1.06718 110.576 -0.7
    endloop
  endfacet
  facet normal -0 0 -1
    outer loop
      vertex 1.95942 111.656 -0.7
      vertex 0.807969 110.808 -0.7
      vertex 1.71011 111.893 -0.7
    endloop
  endfacet
  facet normal 0 0 -1
    outer loop
      vertex 0.576323 111.067 -0.7
      vertex 1.71011 111.893 -0.7
      vertex 0.807969 110.808 -0.7
    endloop
  endfacet
  facet normal -0 0 -1
    outer loop
      vertex 1.71011 111.893 -0.7
      vertex 0.375155 111.351 -0.7
      vertex 1.51361 112.175 -0.7
    endloop
  endfacet
  facet normal 0 0 -1
    outer loop
      vertex 0.375155 111.351 -0.7
      vertex 1.71011 111.893 -0.7
      vertex 0.576323 111.067 -0.7
    endloop
  endfacet
  facet normal -0 0 -1
    outer loop
      vertex 5.62484 114.649 -0.7
      vertex 4.3953 113.971 -0.7
      vertex 5.42368 114.933 -0.7
    endloop
  endfacet
  facet normal 0 0 -1
    outer loop
      vertex 4.17124 114.232 -0.7
      vertex 5.42368 114.933 -0.7
      vertex 4.3953 113.971 -0.7
    endloop
  endfacet
  facet normal -0 0 -1
    outer loop
      vertex 5.42368 114.933 -0.7
      vertex 4.17124 114.232 -0.7
      vertex 5.19203 115.192 -0.7
    endloop
  endfacet
  facet normal -0 0 -1
    outer loop
      vertex 5.19203 115.192 -0.7
      vertex 4.17124 114.232 -0.7
      vertex 4.93282 115.424 -0.7
    endloop
  endfacet
  facet normal 0 0 -1
    outer loop
      vertex 3.89924 114.443 -0.7
      vertex 4.93282 115.424 -0.7
      vertex 4.17124 114.232 -0.7
    endloop
  endfacet
  facet normal -0 0 -1
    outer loop
      vertex 4.93282 115.424 -0.7
      vertex 3.89924 114.443 -0.7
      vertex 4.6493 115.625 -0.7
    endloop
  endfacet
  facet normal -0 0 -1
    outer loop
      vertex 4.6493 115.625 -0.7
      vertex 3.89924 114.443 -0.7
      vertex 4.34504 115.793 -0.7
    endloop
  endfacet
  facet normal 0 0 -1
    outer loop
      vertex 3.59042 114.594 -0.7
      vertex 4.34504 115.793 -0.7
      vertex 3.89924 114.443 -0.7
    endloop
  endfacet
  facet normal -0 0 -1
    outer loop
      vertex 4.34504 115.793 -0.7
      vertex 3.59042 114.594 -0.7
      vertex 4.02386 115.926 -0.7
    endloop
  endfacet
  facet normal -0 0 -1
    outer loop
      vertex 4.02386 115.926 -0.7
      vertex 3.59042 114.594 -0.7
      vertex 3.68981 116.022 -0.7
    endloop
  endfacet
  facet normal 0 0 -1
    outer loop
      vertex 3.25743 114.68 -0.7
      vertex 3.68981 116.022 -0.7
      vertex 3.59042 114.594 -0.7
    endloop
  endfacet
  facet normal -0 0 -1
    outer loop
      vertex 3.68981 116.022 -0.7
      vertex 3.25743 114.68 -0.7
      vertex 3.34709 116.081 -0.7
    endloop
  endfacet
  facet normal 0 0 -1
    outer loop
      vertex 3.25743 114.68 -0.7
      vertex 3 116.1 -0.7
      vertex 3.34709 116.081 -0.7
    endloop
  endfacet
  facet normal 0 0 -1
    outer loop
      vertex 2.9139 114.698 -0.7
      vertex 3 116.1 -0.7
      vertex 3.25743 114.68 -0.7
    endloop
  endfacet
  facet normal 0 0 -1
    outer loop
      vertex 2.9139 114.698 -0.7
      vertex 2.65291 116.081 -0.7
      vertex 3 116.1 -0.7
    endloop
  endfacet
  facet normal 0 0 -1
    outer loop
      vertex 2.57389 114.646 -0.7
      vertex 2.65291 116.081 -0.7
      vertex 2.9139 114.698 -0.7
    endloop
  endfacet
  facet normal 0 0 -1
    outer loop
      vertex 2.57389 114.646 -0.7
      vertex 2.31019 116.022 -0.7
      vertex 2.65291 116.081 -0.7
    endloop
  endfacet
  facet normal 0 0 -1
    outer loop
      vertex 1.97614 115.926 -0.7
      vertex 2.57389 114.646 -0.7
      vertex 2.25133 114.526 -0.7
    endloop
  endfacet
  facet normal 0 0 -1
    outer loop
      vertex 2.57389 114.646 -0.7
      vertex 1.97614 115.926 -0.7
      vertex 2.31019 116.022 -0.7
    endloop
  endfacet
  facet normal 0 0 -1
    outer loop
      vertex 1.3507 115.625 -0.7
      vertex 2.25133 114.526 -0.7
      vertex 1.95942 114.344 -0.7
    endloop
  endfacet
  facet normal 0 0 -1
    outer loop
      vertex 0.807969 115.192 -0.7
      vertex 1.95942 114.344 -0.7
      vertex 1.71011 114.107 -0.7
    endloop
  endfacet
  facet normal 0 0 -1
    outer loop
      vertex 2.25133 114.526 -0.7
      vertex 1.65496 115.793 -0.7
      vertex 1.97614 115.926 -0.7
    endloop
  endfacet
  facet normal 0 0 -1
    outer loop
      vertex 0.375155 114.649 -0.7
      vertex 1.71011 114.107 -0.7
      vertex 1.51361 113.825 -0.7
    endloop
  endfacet
  facet normal 0 0 -1
    outer loop
      vertex 0.206997 114.345 -0.7
      vertex 1.51361 113.825 -0.7
      vertex 1.37796 113.509 -0.7
    endloop
  endfacet
  facet normal 0 0 -1
    outer loop
      vertex 2.25133 114.526 -0.7
      vertex 1.3507 115.625 -0.7
      vertex 1.65496 115.793 -0.7
    endloop
  endfacet
  facet normal 0 0 -1
    outer loop
      vertex -0.0222759 113.69 -0.7
      vertex 1.37796 113.509 -0.7
      vertex 1.30872 113.172 -0.7
    endloop
  endfacet
  facet normal 0 0 -1
    outer loop
      vertex 0.206997 111.655 -0.7
      vertex 1.51361 112.175 -0.7
      vertex 0.375155 111.351 -0.7
    endloop
  endfacet
  facet normal 0 0 -1
    outer loop
      vertex 1.95942 114.344 -0.7
      vertex 1.06718 115.424 -0.7
      vertex 1.3507 115.625 -0.7
    endloop
  endfacet
  facet normal -0 0 -1
    outer loop
      vertex 1.51361 112.175 -0.7
      vertex 0.206997 111.655 -0.7
      vertex 1.37796 112.491 -0.7
    endloop
  endfacet
  facet normal 0 0 -1
    outer loop
      vertex 1.95942 114.344 -0.7
      vertex 0.807969 115.192 -0.7
      vertex 1.06718 115.424 -0.7
    endloop
  endfacet
  facet normal 0 0 -1
    outer loop
      vertex 0.0739622 111.976 -0.7
      vertex 1.37796 112.491 -0.7
      vertex 0.206997 111.655 -0.7
    endloop
  endfacet
  facet normal 0 0 -1
    outer loop
      vertex 1.71011 114.107 -0.7
      vertex 0.576323 114.933 -0.7
      vertex 0.807969 115.192 -0.7
    endloop
  endfacet
  facet normal 0 0 -1
    outer loop
      vertex -0.0222759 112.31 -0.7
      vertex 1.37796 112.491 -0.7
      vertex 0.0739622 111.976 -0.7
    endloop
  endfacet
  facet normal 0 0 -1
    outer loop
      vertex 1.71011 114.107 -0.7
      vertex 0.375155 114.649 -0.7
      vertex 0.576323 114.933 -0.7
    endloop
  endfacet
  facet normal -0 0 -1
    outer loop
      vertex 1.37796 112.491 -0.7
      vertex -0.0222759 112.31 -0.7
      vertex 1.30872 112.828 -0.7
    endloop
  endfacet
  facet normal 0 0 -1
    outer loop
      vertex 1.51361 113.825 -0.7
      vertex 0.206997 114.345 -0.7
      vertex 0.375155 114.649 -0.7
    endloop
  endfacet
  facet normal 0 0 -1
    outer loop
      vertex -0.0805073 112.653 -0.7
      vertex 1.30872 112.828 -0.7
      vertex -0.0222759 112.31 -0.7
    endloop
  endfacet
  facet normal 0 0 -1
    outer loop
      vertex 1.37796 113.509 -0.7
      vertex 0.0739622 114.024 -0.7
      vertex 0.206997 114.345 -0.7
    endloop
  endfacet
  facet normal 0 0 -1
    outer loop
      vertex -0.0999994 113 -0.7
      vertex 1.30872 112.828 -0.7
      vertex -0.0805073 112.653 -0.7
    endloop
  endfacet
  facet normal 0 0 -1
    outer loop
      vertex 1.37796 113.509 -0.7
      vertex -0.0222759 113.69 -0.7
      vertex 0.0739622 114.024 -0.7
    endloop
  endfacet
  facet normal 0 0 -1
    outer loop
      vertex 1.30872 112.828 -0.7
      vertex -0.0999994 113 -0.7
      vertex 1.30872 113.172 -0.7
    endloop
  endfacet
  facet normal 0 0 -1
    outer loop
      vertex 1.30872 113.172 -0.7
      vertex -0.0805073 113.347 -0.7
      vertex -0.0222759 113.69 -0.7
    endloop
  endfacet
  facet normal -0 0 -1
    outer loop
      vertex 1.30872 113.172 -0.7
      vertex -0.0999994 113 -0.7
      vertex -0.0805073 113.347 -0.7
    endloop
  endfacet
  facet normal 0.483369 -0.875416 0
    outer loop
      vertex 1.3507 115.625 -2.4
      vertex 1.65496 115.793 -0.7
      vertex 1.3507 115.625 -0.7
    endloop
  endfacet
  facet normal 0.483369 -0.875416 0
    outer loop
      vertex 1.65496 115.793 -0.7
      vertex 1.3507 115.625 -2.4
      vertex 1.65496 115.793 -2.4
    endloop
  endfacet
  facet normal 0.578349 -0.815789 0
    outer loop
      vertex 1.06718 115.424 -2.4
      vertex 1.3507 115.625 -0.7
      vertex 1.06718 115.424 -0.7
    endloop
  endfacet
  facet normal 0.578349 -0.815789 0
    outer loop
      vertex 1.3507 115.625 -0.7
      vertex 1.06718 115.424 -2.4
      vertex 1.3507 115.625 -2.4
    endloop
  endfacet
  facet normal 0.276203 -0.961099 0
    outer loop
      vertex 1.97614 115.926 -2.4
      vertex 2.31019 116.022 -0.7
      vertex 1.97614 115.926 -0.7
    endloop
  endfacet
  facet normal 0.276203 -0.961099 0
    outer loop
      vertex 2.31019 116.022 -0.7
      vertex 1.97614 115.926 -2.4
      vertex 2.31019 116.022 -2.4
    endloop
  endfacet
  facet normal 0.054659 -0.998505 0
    outer loop
      vertex 2.65291 116.081 -2.4
      vertex 3 116.1 -0.7
      vertex 2.65291 116.081 -0.7
    endloop
  endfacet
  facet normal 0.054659 -0.998505 0
    outer loop
      vertex 3 116.1 -0.7
      vertex 2.65291 116.081 -2.4
      vertex 3 116.1 -2.4
    endloop
  endfacet
  facet normal -0.054659 0.998505 0
    outer loop
      vertex 3.34709 109.919 -2.4
      vertex 3 109.9 -0.7
      vertex 3.34709 109.919 -0.7
    endloop
  endfacet
  facet normal -0.054659 0.998505 0
    outer loop
      vertex 3 109.9 -0.7
      vertex 3.34709 109.919 -2.4
      vertex 3 109.9 -2.4
    endloop
  endfacet
  facet normal -0.276203 0.961099 0
    outer loop
      vertex 4.02386 110.074 -2.4
      vertex 3.68981 109.978 -0.7
      vertex 4.02386 110.074 -0.7
    endloop
  endfacet
  facet normal -0.276203 0.961099 0
    outer loop
      vertex 3.68981 109.978 -0.7
      vertex 4.02386 110.074 -2.4
      vertex 3.68981 109.978 -2.4
    endloop
  endfacet
  facet normal -0.666915 0.745134 0
    outer loop
      vertex 5.19203 110.808 -2.4
      vertex 4.93282 110.576 -0.7
      vertex 5.19203 110.808 -0.7
    endloop
  endfacet
  facet normal -0.666915 0.745134 0
    outer loop
      vertex 4.93282 110.576 -0.7
      vertex 5.19203 110.808 -2.4
      vertex 4.93282 110.576 -2.4
    endloop
  endfacet
  facet normal -0.483369 0.875416 0
    outer loop
      vertex 4.6493 110.375 -2.4
      vertex 4.34504 110.207 -0.7
      vertex 4.6493 110.375 -0.7
    endloop
  endfacet
  facet normal -0.483369 0.875416 0
    outer loop
      vertex 4.34504 110.207 -0.7
      vertex 4.6493 110.375 -2.4
      vertex 4.34504 110.207 -2.4
    endloop
  endfacet
  facet normal -0.745365 0.666656 0
    outer loop
      vertex 5.19203 110.808 -2.4
      vertex 5.42368 111.067 -0.7
      vertex 5.42368 111.067 -2.4
    endloop
  endfacet
  facet normal -0.745365 0.666656 0
    outer loop
      vertex 5.42368 111.067 -0.7
      vertex 5.19203 110.808 -2.4
      vertex 5.19203 110.808 -0.7
    endloop
  endfacet
  facet normal -0.875046 0.484039 0
    outer loop
      vertex 5.62484 111.351 -2.4
      vertex 5.793 111.655 -0.7
      vertex 5.793 111.655 -2.4
    endloop
  endfacet
  facet normal -0.875046 0.484039 0
    outer loop
      vertex 5.793 111.655 -0.7
      vertex 5.62484 111.351 -2.4
      vertex 5.62484 111.351 -0.7
    endloop
  endfacet
  facet normal 0.578349 0.815789 -0
    outer loop
      vertex 1.3507 110.375 -2.4
      vertex 1.06718 110.576 -0.7
      vertex 1.3507 110.375 -0.7
    endloop
  endfacet
  facet normal 0.578349 0.815789 0
    outer loop
      vertex 1.06718 110.576 -0.7
      vertex 1.3507 110.375 -2.4
      vertex 1.06718 110.576 -2.4
    endloop
  endfacet
  facet normal 0.382592 0.923917 -0
    outer loop
      vertex 1.97614 110.074 -2.4
      vertex 1.65496 110.207 -0.7
      vertex 1.97614 110.074 -0.7
    endloop
  endfacet
  facet normal 0.382592 0.923917 0
    outer loop
      vertex 1.65496 110.207 -0.7
      vertex 1.97614 110.074 -2.4
      vertex 1.65496 110.207 -2.4
    endloop
  endfacet
  facet normal 0.169657 0.985503 -0
    outer loop
      vertex 2.65291 109.919 -2.4
      vertex 2.31019 109.978 -0.7
      vertex 2.65291 109.919 -0.7
    endloop
  endfacet
  facet normal 0.169657 0.985503 0
    outer loop
      vertex 2.31019 109.978 -0.7
      vertex 2.65291 109.919 -2.4
      vertex 2.31019 109.978 -2.4
    endloop
  endfacet
  facet normal 0.875049 0.484034 0
    outer loop
      vertex 0.375155 111.351 -0.7
      vertex 0.206997 111.655 -2.4
      vertex 0.206997 111.655 -0.7
    endloop
  endfacet
  facet normal 0.875049 0.484034 0
    outer loop
      vertex 0.206997 111.655 -2.4
      vertex 0.375155 111.351 -0.7
      vertex 0.375155 111.351 -2.4
    endloop
  endfacet
  facet normal 0.960906 0.276874 0
    outer loop
      vertex 0.0739622 111.976 -0.7
      vertex -0.0222759 112.31 -2.4
      vertex -0.0222759 112.31 -0.7
    endloop
  endfacet
  facet normal 0.960906 0.276874 0
    outer loop
      vertex -0.0222759 112.31 -2.4
      vertex 0.0739622 111.976 -0.7
      vertex 0.0739622 111.976 -2.4
    endloop
  endfacet
  facet normal 0.998426 0.0560848 0
    outer loop
      vertex -0.0805073 112.653 -0.7
      vertex -0.0999994 113 -2.4
      vertex -0.0999994 113 -0.7
    endloop
  endfacet
  facet normal 0.998426 0.0560848 0
    outer loop
      vertex -0.0999994 113 -2.4
      vertex -0.0805073 112.653 -0.7
      vertex -0.0805073 112.653 -2.4
    endloop
  endfacet
  facet normal -0.169657 0.985503 0
    outer loop
      vertex 3.68981 109.978 -2.4
      vertex 3.34709 109.919 -0.7
      vertex 3.68981 109.978 -0.7
    endloop
  endfacet
  facet normal -0.169657 0.985503 0
    outer loop
      vertex 3.34709 109.919 -0.7
      vertex 3.68981 109.978 -2.4
      vertex 3.34709 109.919 -2.4
    endloop
  endfacet
  facet normal -0.382592 0.923917 0
    outer loop
      vertex 4.34504 110.207 -2.4
      vertex 4.02386 110.074 -0.7
      vertex 4.34504 110.207 -0.7
    endloop
  endfacet
  facet normal -0.382592 0.923917 0
    outer loop
      vertex 4.02386 110.074 -0.7
      vertex 4.34504 110.207 -2.4
      vertex 4.02386 110.074 -2.4
    endloop
  endfacet
  facet normal -0.578349 0.815789 0
    outer loop
      vertex 4.93282 110.576 -2.4
      vertex 4.6493 110.375 -0.7
      vertex 4.93282 110.576 -0.7
    endloop
  endfacet
  facet normal -0.578349 0.815789 0
    outer loop
      vertex 4.6493 110.375 -0.7
      vertex 4.93282 110.576 -2.4
      vertex 4.6493 110.375 -2.4
    endloop
  endfacet
  facet normal -0.816034 0.578005 0
    outer loop
      vertex 5.42368 111.067 -2.4
      vertex 5.62484 111.351 -0.7
      vertex 5.62484 111.351 -2.4
    endloop
  endfacet
  facet normal -0.816034 0.578005 0
    outer loop
      vertex 5.62484 111.351 -0.7
      vertex 5.42368 111.067 -2.4
      vertex 5.42368 111.067 -0.7
    endloop
  endfacet
  facet normal -0.923801 0.382874 0
    outer loop
      vertex 5.793 111.655 -2.4
      vertex 5.92604 111.976 -0.7
      vertex 5.92604 111.976 -2.4
    endloop
  endfacet
  facet normal -0.923801 0.382874 0
    outer loop
      vertex 5.92604 111.976 -0.7
      vertex 5.793 111.655 -2.4
      vertex 5.793 111.655 -0.7
    endloop
  endfacet
  facet normal -0.985894 0.167372 0
    outer loop
      vertex 6.02228 112.31 -2.4
      vertex 6.08051 112.653 -0.7
      vertex 6.08051 112.653 -2.4
    endloop
  endfacet
  facet normal -0.985894 0.167372 0
    outer loop
      vertex 6.08051 112.653 -0.7
      vertex 6.02228 112.31 -2.4
      vertex 6.02228 112.31 -0.7
    endloop
  endfacet
  facet normal -0.998426 0.0560788 0
    outer loop
      vertex 6.08051 112.653 -2.4
      vertex 6.1 113 -0.7
      vertex 6.1 113 -2.4
    endloop
  endfacet
  facet normal -0.998426 0.0560788 0
    outer loop
      vertex 6.1 113 -0.7
      vertex 6.08051 112.653 -2.4
      vertex 6.08051 112.653 -0.7
    endloop
  endfacet
  facet normal 0.483369 0.875416 -0
    outer loop
      vertex 1.65496 110.207 -2.4
      vertex 1.3507 110.375 -0.7
      vertex 1.65496 110.207 -0.7
    endloop
  endfacet
  facet normal 0.483369 0.875416 0
    outer loop
      vertex 1.3507 110.375 -0.7
      vertex 1.65496 110.207 -2.4
      vertex 1.3507 110.375 -2.4
    endloop
  endfacet
  facet normal 0.276203 0.961099 -0
    outer loop
      vertex 2.31019 109.978 -2.4
      vertex 1.97614 110.074 -0.7
      vertex 2.31019 109.978 -0.7
    endloop
  endfacet
  facet normal 0.276203 0.961099 0
    outer loop
      vertex 1.97614 110.074 -0.7
      vertex 2.31019 109.978 -2.4
      vertex 1.97614 110.074 -2.4
    endloop
  endfacet
  facet normal 0.054659 0.998505 -0
    outer loop
      vertex 3 109.9 -2.4
      vertex 2.65291 109.919 -0.7
      vertex 3 109.9 -0.7
    endloop
  endfacet
  facet normal 0.054659 0.998505 0
    outer loop
      vertex 2.65291 109.919 -0.7
      vertex 3 109.9 -2.4
      vertex 2.65291 109.919 -2.4
    endloop
  endfacet
  facet normal 0.816023 0.57802 0
    outer loop
      vertex 0.576323 111.067 -0.7
      vertex 0.375155 111.351 -2.4
      vertex 0.375155 111.351 -0.7
    endloop
  endfacet
  facet normal 0.816023 0.57802 0
    outer loop
      vertex 0.375155 111.351 -2.4
      vertex 0.576323 111.067 -0.7
      vertex 0.576323 111.067 -2.4
    endloop
  endfacet
  facet normal 0.923806 0.382861 0
    outer loop
      vertex 0.206997 111.655 -0.7
      vertex 0.0739622 111.976 -2.4
      vertex 0.0739622 111.976 -0.7
    endloop
  endfacet
  facet normal 0.923806 0.382861 0
    outer loop
      vertex 0.0739622 111.976 -2.4
      vertex 0.206997 111.655 -0.7
      vertex 0.206997 111.655 -2.4
    endloop
  endfacet
  facet normal 0.985893 0.167376 0
    outer loop
      vertex -0.0222759 112.31 -0.7
      vertex -0.0805073 112.653 -2.4
      vertex -0.0805073 112.653 -0.7
    endloop
  endfacet
  facet normal 0.985893 0.167376 0
    outer loop
      vertex -0.0805073 112.653 -2.4
      vertex -0.0222759 112.31 -0.7
      vertex -0.0222759 112.31 -2.4
    endloop
  endfacet
  facet normal -0.994804 -0.101807 0
    outer loop
      vertex 132.7 113 -0.7
      vertex 132.665 113.342 0
      vertex 132.665 113.342 -0.7
    endloop
  endfacet
  facet normal -0.994804 -0.101807 0
    outer loop
      vertex 132.665 113.342 0
      vertex 132.7 113 -0.7
      vertex 132.7 113 0
    endloop
  endfacet
  facet normal 1 -0 0
    outer loop
      vertex 129.309 112.828 0
      vertex 129.309 113.172 -0.7
      vertex 129.309 113.172 0
    endloop
  endfacet
  facet normal 1 0 0
    outer loop
      vertex 129.309 113.172 -0.7
      vertex 129.309 112.828 0
      vertex 129.309 112.828 -0.7
    endloop
  endfacet
  facet normal -0.052406 -0.998626 0
    outer loop
      vertex 130.914 114.698 -0.7
      vertex 131.257 114.68 0
      vertex 130.914 114.698 0
    endloop
  endfacet
  facet normal -0.052406 -0.998626 -0
    outer loop
      vertex 131.257 114.68 0
      vertex 130.914 114.698 -0.7
      vertex 131.257 114.68 -0.7
    endloop
  endfacet
  facet normal -0.052406 0.998626 0
    outer loop
      vertex 131.257 111.32 -0.7
      vertex 130.914 111.302 0
      vertex 131.257 111.32 0
    endloop
  endfacet
  facet normal -0.052406 0.998626 0
    outer loop
      vertex 130.914 111.302 0
      vertex 131.257 111.32 -0.7
      vertex 130.914 111.302 -0.7
    endloop
  endfacet
  facet normal 0.689437 0.724345 -0
    outer loop
      vertex 129.959 111.656 -0.7
      vertex 129.71 111.893 0
      vertex 129.959 111.656 0
    endloop
  endfacet
  facet normal 0.689437 0.724345 0
    outer loop
      vertex 129.71 111.893 0
      vertex 129.959 111.656 -0.7
      vertex 129.71 111.893 -0.7
    endloop
  endfacet
  facet normal -0.758846 -0.65127 0
    outer loop
      vertex 132.395 113.971 -0.7
      vertex 132.171 114.232 0
      vertex 132.171 114.232 -0.7
    endloop
  endfacet
  facet normal -0.758846 -0.65127 0
    outer loop
      vertex 132.171 114.232 0
      vertex 132.395 113.971 -0.7
      vertex 132.395 113.971 0
    endloop
  endfacet
  facet normal -0.954065 -0.2996 0
    outer loop
      vertex 132.665 113.342 -0.7
      vertex 132.562 113.67 0
      vertex 132.562 113.67 -0.7
    endloop
  endfacet
  facet normal -0.954065 -0.2996 0
    outer loop
      vertex 132.562 113.67 0
      vertex 132.665 113.342 -0.7
      vertex 132.665 113.342 0
    endloop
  endfacet
  facet normal 0.689437 -0.724345 0
    outer loop
      vertex 129.71 114.107 -0.7
      vertex 129.959 114.344 0
      vertex 129.71 114.107 0
    endloop
  endfacet
  facet normal 0.689437 -0.724345 0
    outer loop
      vertex 129.959 114.344 0
      vertex 129.71 114.107 -0.7
      vertex 129.959 114.344 -0.7
    endloop
  endfacet
  facet normal 0.348259 -0.937398 0
    outer loop
      vertex 130.251 114.526 -0.7
      vertex 130.574 114.646 0
      vertex 130.251 114.526 0
    endloop
  endfacet
  facet normal 0.348259 -0.937398 0
    outer loop
      vertex 130.574 114.646 0
      vertex 130.251 114.526 -0.7
      vertex 130.574 114.646 -0.7
    endloop
  endfacet
  facet normal -0.758846 0.65127 0
    outer loop
      vertex 132.171 111.768 -0.7
      vertex 132.395 112.029 0
      vertex 132.395 112.029 -0.7
    endloop
  endfacet
  facet normal -0.758846 0.65127 0
    outer loop
      vertex 132.395 112.029 0
      vertex 132.171 111.768 -0.7
      vertex 132.171 111.768 0
    endloop
  endfacet
  facet normal -0.874431 0.48515 0
    outer loop
      vertex 132.395 112.029 -0.7
      vertex 132.562 112.33 0
      vertex 132.562 112.33 -0.7
    endloop
  endfacet
  facet normal -0.874431 0.48515 0
    outer loop
      vertex 132.562 112.33 0
      vertex 132.395 112.029 -0.7
      vertex 132.395 112.029 0
    endloop
  endfacet
  facet normal -0.874431 -0.48515 0
    outer loop
      vertex 132.562 113.67 -0.7
      vertex 132.395 113.971 0
      vertex 132.395 113.971 -0.7
    endloop
  endfacet
  facet normal -0.874431 -0.48515 0
    outer loop
      vertex 132.395 113.971 0
      vertex 132.562 113.67 -0.7
      vertex 132.562 113.67 0
    endloop
  endfacet
  facet normal -0.439054 -0.898461 0
    outer loop
      vertex 131.59 114.594 -0.7
      vertex 131.899 114.443 0
      vertex 131.59 114.594 0
    endloop
  endfacet
  facet normal -0.439054 -0.898461 -0
    outer loop
      vertex 131.899 114.443 0
      vertex 131.59 114.594 -0.7
      vertex 131.899 114.443 -0.7
    endloop
  endfacet
  facet normal -0.250054 -0.968232 0
    outer loop
      vertex 131.257 114.68 -0.7
      vertex 131.59 114.594 0
      vertex 131.257 114.68 0
    endloop
  endfacet
  facet normal -0.250054 -0.968232 -0
    outer loop
      vertex 131.59 114.594 0
      vertex 131.257 114.68 -0.7
      vertex 131.59 114.594 -0.7
    endloop
  endfacet
  facet normal -0.612935 -0.790134 0
    outer loop
      vertex 131.899 114.443 -0.7
      vertex 132.171 114.232 0
      vertex 131.899 114.443 0
    endloop
  endfacet
  facet normal -0.612935 -0.790134 -0
    outer loop
      vertex 132.171 114.232 0
      vertex 131.899 114.443 -0.7
      vertex 132.171 114.232 -0.7
    endloop
  endfacet
  facet normal 0.918543 -0.395322 0
    outer loop
      vertex 129.378 113.509 0
      vertex 129.514 113.825 -0.7
      vertex 129.514 113.825 0
    endloop
  endfacet
  facet normal 0.918543 -0.395322 0
    outer loop
      vertex 129.514 113.825 -0.7
      vertex 129.378 113.509 0
      vertex 129.378 113.509 -0.7
    endloop
  endfacet
  facet normal 0.821143 -0.570723 0
    outer loop
      vertex 129.514 113.825 0
      vertex 129.71 114.107 -0.7
      vertex 129.71 114.107 0
    endloop
  endfacet
  facet normal 0.821143 -0.570723 0
    outer loop
      vertex 129.71 114.107 -0.7
      vertex 129.514 113.825 0
      vertex 129.514 113.825 -0.7
    endloop
  endfacet
  facet normal 0.979676 -0.200586 0
    outer loop
      vertex 129.309 113.172 0
      vertex 129.378 113.509 -0.7
      vertex 129.378 113.509 0
    endloop
  endfacet
  facet normal 0.979676 -0.200586 0
    outer loop
      vertex 129.378 113.509 -0.7
      vertex 129.309 113.172 0
      vertex 129.309 113.172 -0.7
    endloop
  endfacet
  facet normal 0.528954 -0.848651 0
    outer loop
      vertex 129.959 114.344 -0.7
      vertex 130.251 114.526 0
      vertex 129.959 114.344 0
    endloop
  endfacet
  facet normal 0.528954 -0.848651 0
    outer loop
      vertex 130.251 114.526 0
      vertex 129.959 114.344 -0.7
      vertex 130.251 114.526 -0.7
    endloop
  endfacet
  facet normal 0.151183 -0.988506 0
    outer loop
      vertex 130.574 114.646 -0.7
      vertex 130.914 114.698 0
      vertex 130.574 114.646 0
    endloop
  endfacet
  facet normal 0.151183 -0.988506 0
    outer loop
      vertex 130.914 114.698 0
      vertex 130.574 114.646 -0.7
      vertex 130.914 114.698 -0.7
    endloop
  endfacet
  facet normal -0.994804 0.101807 0
    outer loop
      vertex 132.665 112.658 -0.7
      vertex 132.7 113 0
      vertex 132.7 113 -0.7
    endloop
  endfacet
  facet normal -0.994804 0.101807 0
    outer loop
      vertex 132.7 113 0
      vertex 132.665 112.658 -0.7
      vertex 132.665 112.658 0
    endloop
  endfacet
  facet normal -0.250054 0.968232 0
    outer loop
      vertex 131.59 111.406 -0.7
      vertex 131.257 111.32 0
      vertex 131.59 111.406 0
    endloop
  endfacet
  facet normal -0.250054 0.968232 0
    outer loop
      vertex 131.257 111.32 0
      vertex 131.59 111.406 -0.7
      vertex 131.257 111.32 -0.7
    endloop
  endfacet
  facet normal -0.612935 0.790134 0
    outer loop
      vertex 132.171 111.768 -0.7
      vertex 131.899 111.557 0
      vertex 132.171 111.768 0
    endloop
  endfacet
  facet normal -0.612935 0.790134 0
    outer loop
      vertex 131.899 111.557 0
      vertex 132.171 111.768 -0.7
      vertex 131.899 111.557 -0.7
    endloop
  endfacet
  facet normal 0.528954 0.848651 -0
    outer loop
      vertex 130.251 111.474 -0.7
      vertex 129.959 111.656 0
      vertex 130.251 111.474 0
    endloop
  endfacet
  facet normal 0.528954 0.848651 0
    outer loop
      vertex 129.959 111.656 0
      vertex 130.251 111.474 -0.7
      vertex 129.959 111.656 -0.7
    endloop
  endfacet
  facet normal 0.151183 0.988506 -0
    outer loop
      vertex 130.914 111.302 -0.7
      vertex 130.574 111.354 0
      vertex 130.914 111.302 0
    endloop
  endfacet
  facet normal 0.151183 0.988506 0
    outer loop
      vertex 130.574 111.354 0
      vertex 130.914 111.302 -0.7
      vertex 130.574 111.354 -0.7
    endloop
  endfacet
  facet normal 0.821143 0.570723 0
    outer loop
      vertex 129.71 111.893 0
      vertex 129.514 112.175 -0.7
      vertex 129.514 112.175 0
    endloop
  endfacet
  facet normal 0.821143 0.570723 0
    outer loop
      vertex 129.514 112.175 -0.7
      vertex 129.71 111.893 0
      vertex 129.71 111.893 -0.7
    endloop
  endfacet
  facet normal 0.979676 0.200586 0
    outer loop
      vertex 129.378 112.491 0
      vertex 129.309 112.828 -0.7
      vertex 129.309 112.828 0
    endloop
  endfacet
  facet normal 0.979676 0.200586 0
    outer loop
      vertex 129.309 112.828 -0.7
      vertex 129.378 112.491 0
      vertex 129.378 112.491 -0.7
    endloop
  endfacet
  facet normal -0.439054 0.898461 0
    outer loop
      vertex 131.899 111.557 -0.7
      vertex 131.59 111.406 0
      vertex 131.899 111.557 0
    endloop
  endfacet
  facet normal -0.439054 0.898461 0
    outer loop
      vertex 131.59 111.406 0
      vertex 131.899 111.557 -0.7
      vertex 131.59 111.406 -0.7
    endloop
  endfacet
  facet normal -0.954065 0.2996 0
    outer loop
      vertex 132.562 112.33 -0.7
      vertex 132.665 112.658 0
      vertex 132.665 112.658 -0.7
    endloop
  endfacet
  facet normal -0.954065 0.2996 0
    outer loop
      vertex 132.665 112.658 0
      vertex 132.562 112.33 -0.7
      vertex 132.562 112.33 0
    endloop
  endfacet
  facet normal 0.348259 0.937398 -0
    outer loop
      vertex 130.574 111.354 -0.7
      vertex 130.251 111.474 0
      vertex 130.574 111.354 0
    endloop
  endfacet
  facet normal 0.348259 0.937398 0
    outer loop
      vertex 130.251 111.474 0
      vertex 130.574 111.354 -0.7
      vertex 130.251 111.474 -0.7
    endloop
  endfacet
  facet normal 0.918543 0.395322 0
    outer loop
      vertex 129.514 112.175 0
      vertex 129.378 112.491 -0.7
      vertex 129.378 112.491 0
    endloop
  endfacet
  facet normal 0.918543 0.395322 0
    outer loop
      vertex 129.378 112.491 -0.7
      vertex 129.514 112.175 0
      vertex 129.514 112.175 -0.7
    endloop
  endfacet
  facet normal -0.998504 -0.0546731 0
    outer loop
      vertex 134.1 113 -2.4
      vertex 134.081 113.347 -0.7
      vertex 134.081 113.347 -2.4
    endloop
  endfacet
  facet normal -0.998504 -0.0546731 0
    outer loop
      vertex 134.081 113.347 -0.7
      vertex 134.1 113 -2.4
      vertex 134.1 113 -0.7
    endloop
  endfacet
  facet normal 0.998504 -0.0546731 0
    outer loop
      vertex 127.9 113 -0.7
      vertex 127.919 113.347 -2.4
      vertex 127.919 113.347 -0.7
    endloop
  endfacet
  facet normal 0.998504 -0.0546731 0
    outer loop
      vertex 127.919 113.347 -2.4
      vertex 127.9 113 -0.7
      vertex 127.9 113 -2.4
    endloop
  endfacet
  facet normal -0.0546731 -0.998504 0
    outer loop
      vertex 131 116.1 -2.4
      vertex 131.347 116.081 -0.7
      vertex 131 116.1 -0.7
    endloop
  endfacet
  facet normal -0.0546731 -0.998504 -0
    outer loop
      vertex 131.347 116.081 -0.7
      vertex 131 116.1 -2.4
      vertex 131.347 116.081 -2.4
    endloop
  endfacet
  facet normal 0.744865 0.667215 0
    outer loop
      vertex 128.808 110.808 -0.7
      vertex 128.576 111.067 -2.4
      vertex 128.576 111.067 -0.7
    endloop
  endfacet
  facet normal 0.744865 0.667215 0
    outer loop
      vertex 128.576 111.067 -2.4
      vertex 128.808 110.808 -0.7
      vertex 128.808 110.808 -2.4
    endloop
  endfacet
  facet normal -0.744865 -0.667215 0
    outer loop
      vertex 133.424 114.933 -2.4
      vertex 133.192 115.192 -0.7
      vertex 133.192 115.192 -2.4
    endloop
  endfacet
  facet normal -0.744865 -0.667215 0
    outer loop
      vertex 133.192 115.192 -0.7
      vertex 133.424 114.933 -2.4
      vertex 133.424 114.933 -0.7
    endloop
  endfacet
  facet normal 0.667215 -0.744865 0
    outer loop
      vertex 128.808 115.192 -2.4
      vertex 129.067 115.424 -0.7
      vertex 128.808 115.192 -0.7
    endloop
  endfacet
  facet normal 0.667215 -0.744865 0
    outer loop
      vertex 129.067 115.424 -0.7
      vertex 128.808 115.192 -2.4
      vertex 129.067 115.424 -2.4
    endloop
  endfacet
  facet normal 0.382775 -0.923841 0
    outer loop
      vertex 129.655 115.793 -2.4
      vertex 129.976 115.926 -0.7
      vertex 129.655 115.793 -0.7
    endloop
  endfacet
  facet normal 0.382775 -0.923841 0
    outer loop
      vertex 129.976 115.926 -0.7
      vertex 129.655 115.793 -2.4
      vertex 129.976 115.926 -2.4
    endloop
  endfacet
  facet normal -0.923841 -0.382775 0
    outer loop
      vertex 133.926 114.024 -2.4
      vertex 133.793 114.345 -0.7
      vertex 133.793 114.345 -2.4
    endloop
  endfacet
  facet normal -0.923841 -0.382775 0
    outer loop
      vertex 133.793 114.345 -0.7
      vertex 133.926 114.024 -2.4
      vertex 133.926 114.024 -0.7
    endloop
  endfacet
  facet normal -0.483686 -0.875242 0
    outer loop
      vertex 132.345 115.793 -2.4
      vertex 132.649 115.625 -0.7
      vertex 132.345 115.793 -0.7
    endloop
  endfacet
  facet normal -0.483686 -0.875242 -0
    outer loop
      vertex 132.649 115.625 -0.7
      vertex 132.345 115.793 -2.4
      vertex 132.649 115.625 -2.4
    endloop
  endfacet
  facet normal -0.667215 -0.744865 0
    outer loop
      vertex 132.933 115.424 -2.4
      vertex 133.192 115.192 -0.7
      vertex 132.933 115.424 -0.7
    endloop
  endfacet
  facet normal -0.667215 -0.744865 -0
    outer loop
      vertex 133.192 115.192 -0.7
      vertex 132.933 115.424 -2.4
      vertex 133.192 115.192 -2.4
    endloop
  endfacet
  facet normal 0.875242 -0.483686 0
    outer loop
      vertex 128.207 114.345 -0.7
      vertex 128.375 114.649 -2.4
      vertex 128.375 114.649 -0.7
    endloop
  endfacet
  facet normal 0.875242 -0.483686 0
    outer loop
      vertex 128.375 114.649 -2.4
      vertex 128.207 114.345 -0.7
      vertex 128.207 114.345 -2.4
    endloop
  endfacet
  facet normal 0.744865 -0.667215 0
    outer loop
      vertex 128.576 114.933 -0.7
      vertex 128.808 115.192 -2.4
      vertex 128.808 115.192 -0.7
    endloop
  endfacet
  facet normal 0.744865 -0.667215 0
    outer loop
      vertex 128.808 115.192 -2.4
      vertex 128.576 114.933 -0.7
      vertex 128.576 114.933 -2.4
    endloop
  endfacet
  facet normal 0.169522 -0.985526 0
    outer loop
      vertex 130.31 116.022 -2.4
      vertex 130.653 116.081 -0.7
      vertex 130.31 116.022 -0.7
    endloop
  endfacet
  facet normal 0.169522 -0.985526 0
    outer loop
      vertex 130.653 116.081 -0.7
      vertex 130.31 116.022 -2.4
      vertex 130.653 116.081 -2.4
    endloop
  endfacet
  facet normal -0.961088 0.276241 0
    outer loop
      vertex 133.926 111.976 -2.4
      vertex 134.022 112.31 -0.7
      vertex 134.022 112.31 -2.4
    endloop
  endfacet
  facet normal -0.961088 0.276241 0
    outer loop
      vertex 134.022 112.31 -0.7
      vertex 133.926 111.976 -2.4
      vertex 133.926 111.976 -0.7
    endloop
  endfacet
  facet normal 0.667215 0.744865 -0
    outer loop
      vertex 129.067 110.576 -2.4
      vertex 128.808 110.808 -0.7
      vertex 129.067 110.576 -0.7
    endloop
  endfacet
  facet normal 0.667215 0.744865 0
    outer loop
      vertex 128.808 110.808 -0.7
      vertex 129.067 110.576 -2.4
      vertex 128.808 110.808 -2.4
    endloop
  endfacet
  facet normal -0.961088 -0.276241 0
    outer loop
      vertex 134.022 113.69 -2.4
      vertex 133.926 114.024 -0.7
      vertex 133.926 114.024 -2.4
    endloop
  endfacet
  facet normal -0.961088 -0.276241 0
    outer loop
      vertex 133.926 114.024 -0.7
      vertex 134.022 113.69 -2.4
      vertex 134.022 113.69 -0.7
    endloop
  endfacet
  facet normal -0.985526 -0.169522 0
    outer loop
      vertex 134.081 113.347 -2.4
      vertex 134.022 113.69 -0.7
      vertex 134.022 113.69 -2.4
    endloop
  endfacet
  facet normal -0.985526 -0.169522 0
    outer loop
      vertex 134.022 113.69 -0.7
      vertex 134.081 113.347 -2.4
      vertex 134.081 113.347 -0.7
    endloop
  endfacet
  facet normal -0.81625 -0.577698 0
    outer loop
      vertex 133.625 114.649 -2.4
      vertex 133.424 114.933 -0.7
      vertex 133.424 114.933 -2.4
    endloop
  endfacet
  facet normal -0.81625 -0.577698 0
    outer loop
      vertex 133.424 114.933 -0.7
      vertex 133.625 114.649 -2.4
      vertex 133.625 114.649 -0.7
    endloop
  endfacet
  facet normal -0.875242 -0.483686 0
    outer loop
      vertex 133.793 114.345 -2.4
      vertex 133.625 114.649 -0.7
      vertex 133.625 114.649 -2.4
    endloop
  endfacet
  facet normal -0.875242 -0.483686 0
    outer loop
      vertex 133.625 114.649 -0.7
      vertex 133.793 114.345 -2.4
      vertex 133.793 114.345 -0.7
    endloop
  endfacet
  facet normal -0.276241 -0.961088 0
    outer loop
      vertex 131.69 116.022 -2.4
      vertex 132.024 115.926 -0.7
      vertex 131.69 116.022 -0.7
    endloop
  endfacet
  facet normal -0.276241 -0.961088 -0
    outer loop
      vertex 132.024 115.926 -0.7
      vertex 131.69 116.022 -2.4
      vertex 132.024 115.926 -2.4
    endloop
  endfacet
  facet normal -0.382775 -0.923841 0
    outer loop
      vertex 132.024 115.926 -2.4
      vertex 132.345 115.793 -0.7
      vertex 132.024 115.926 -0.7
    endloop
  endfacet
  facet normal -0.382775 -0.923841 -0
    outer loop
      vertex 132.345 115.793 -0.7
      vertex 132.024 115.926 -2.4
      vertex 132.345 115.793 -2.4
    endloop
  endfacet
  facet normal -0.169522 -0.985526 0
    outer loop
      vertex 131.347 116.081 -2.4
      vertex 131.69 116.022 -0.7
      vertex 131.347 116.081 -0.7
    endloop
  endfacet
  facet normal -0.169522 -0.985526 -0
    outer loop
      vertex 131.69 116.022 -0.7
      vertex 131.347 116.081 -2.4
      vertex 131.69 116.022 -2.4
    endloop
  endfacet
  facet normal -0.577698 -0.81625 0
    outer loop
      vertex 132.649 115.625 -2.4
      vertex 132.933 115.424 -0.7
      vertex 132.649 115.625 -0.7
    endloop
  endfacet
  facet normal -0.577698 -0.81625 -0
    outer loop
      vertex 132.933 115.424 -0.7
      vertex 132.649 115.625 -2.4
      vertex 132.933 115.424 -2.4
    endloop
  endfacet
  facet normal 0.961088 -0.276241 0
    outer loop
      vertex 127.978 113.69 -0.7
      vertex 128.074 114.024 -2.4
      vertex 128.074 114.024 -0.7
    endloop
  endfacet
  facet normal 0.961088 -0.276241 0
    outer loop
      vertex 128.074 114.024 -2.4
      vertex 127.978 113.69 -0.7
      vertex 127.978 113.69 -2.4
    endloop
  endfacet
  facet normal 0.81625 -0.577698 0
    outer loop
      vertex 128.375 114.649 -0.7
      vertex 128.576 114.933 -2.4
      vertex 128.576 114.933 -0.7
    endloop
  endfacet
  facet normal 0.81625 -0.577698 0
    outer loop
      vertex 128.576 114.933 -2.4
      vertex 128.375 114.649 -0.7
      vertex 128.375 114.649 -2.4
    endloop
  endfacet
  facet normal 0.923841 -0.382775 0
    outer loop
      vertex 128.074 114.024 -0.7
      vertex 128.207 114.345 -2.4
      vertex 128.207 114.345 -0.7
    endloop
  endfacet
  facet normal 0.923841 -0.382775 0
    outer loop
      vertex 128.207 114.345 -2.4
      vertex 128.074 114.024 -0.7
      vertex 128.074 114.024 -2.4
    endloop
  endfacet
  facet normal 0.985526 -0.169522 0
    outer loop
      vertex 127.919 113.347 -0.7
      vertex 127.978 113.69 -2.4
      vertex 127.978 113.69 -0.7
    endloop
  endfacet
  facet normal 0.985526 -0.169522 0
    outer loop
      vertex 127.978 113.69 -2.4
      vertex 127.919 113.347 -0.7
      vertex 127.919 113.347 -2.4
    endloop
  endfacet
  facet normal 0 0 -1
    outer loop
      vertex 132.7 113 -0.7
      vertex 134.1 113 -0.7
      vertex 134.081 112.653 -0.7
    endloop
  endfacet
  facet normal 0 0 -1
    outer loop
      vertex 132.665 112.658 -0.7
      vertex 134.081 112.653 -0.7
      vertex 134.022 112.31 -0.7
    endloop
  endfacet
  facet normal 0 0 -1
    outer loop
      vertex 134.1 113 -0.7
      vertex 132.7 113 -0.7
      vertex 134.081 113.347 -0.7
    endloop
  endfacet
  facet normal 0 0 -1
    outer loop
      vertex 132.665 112.658 -0.7
      vertex 134.022 112.31 -0.7
      vertex 133.926 111.976 -0.7
    endloop
  endfacet
  facet normal 0 0 -1
    outer loop
      vertex 132.665 113.342 -0.7
      vertex 134.081 113.347 -0.7
      vertex 132.7 113 -0.7
    endloop
  endfacet
  facet normal 0 0 -1
    outer loop
      vertex 132.562 112.33 -0.7
      vertex 133.926 111.976 -0.7
      vertex 133.793 111.655 -0.7
    endloop
  endfacet
  facet normal -0 0 -1
    outer loop
      vertex 134.081 113.347 -0.7
      vertex 132.665 113.342 -0.7
      vertex 134.022 113.69 -0.7
    endloop
  endfacet
  facet normal 0 0 -1
    outer loop
      vertex 132.562 112.33 -0.7
      vertex 133.793 111.655 -0.7
      vertex 133.625 111.351 -0.7
    endloop
  endfacet
  facet normal -0 0 -1
    outer loop
      vertex 134.022 113.69 -0.7
      vertex 132.665 113.342 -0.7
      vertex 133.926 114.024 -0.7
    endloop
  endfacet
  facet normal 0 0 -1
    outer loop
      vertex 132.395 112.029 -0.7
      vertex 133.625 111.351 -0.7
      vertex 133.424 111.067 -0.7
    endloop
  endfacet
  facet normal 0 0 -1
    outer loop
      vertex 132.562 113.67 -0.7
      vertex 133.926 114.024 -0.7
      vertex 132.665 113.342 -0.7
    endloop
  endfacet
  facet normal 0 0 -1
    outer loop
      vertex 132.171 111.768 -0.7
      vertex 133.424 111.067 -0.7
      vertex 133.192 110.808 -0.7
    endloop
  endfacet
  facet normal -0 0 -1
    outer loop
      vertex 133.926 114.024 -0.7
      vertex 132.562 113.67 -0.7
      vertex 133.793 114.345 -0.7
    endloop
  endfacet
  facet normal 0 0 -1
    outer loop
      vertex 132.171 111.768 -0.7
      vertex 133.192 110.808 -0.7
      vertex 132.933 110.576 -0.7
    endloop
  endfacet
  facet normal -0 0 -1
    outer loop
      vertex 133.793 114.345 -0.7
      vertex 132.562 113.67 -0.7
      vertex 133.625 114.649 -0.7
    endloop
  endfacet
  facet normal 0 0 -1
    outer loop
      vertex 132.395 113.971 -0.7
      vertex 133.625 114.649 -0.7
      vertex 132.562 113.67 -0.7
    endloop
  endfacet
  facet normal 0 0 -1
    outer loop
      vertex 134.081 112.653 -0.7
      vertex 132.665 112.658 -0.7
      vertex 132.7 113 -0.7
    endloop
  endfacet
  facet normal 0 0 -1
    outer loop
      vertex 131.899 111.557 -0.7
      vertex 132.933 110.576 -0.7
      vertex 132.649 110.375 -0.7
    endloop
  endfacet
  facet normal 0 0 -1
    outer loop
      vertex 133.926 111.976 -0.7
      vertex 132.562 112.33 -0.7
      vertex 132.665 112.658 -0.7
    endloop
  endfacet
  facet normal 0 0 -1
    outer loop
      vertex 133.625 111.351 -0.7
      vertex 132.395 112.029 -0.7
      vertex 132.562 112.33 -0.7
    endloop
  endfacet
  facet normal 0 0 -1
    outer loop
      vertex 131.899 111.557 -0.7
      vertex 132.649 110.375 -0.7
      vertex 132.345 110.207 -0.7
    endloop
  endfacet
  facet normal 0 0 -1
    outer loop
      vertex 133.424 111.067 -0.7
      vertex 132.171 111.768 -0.7
      vertex 132.395 112.029 -0.7
    endloop
  endfacet
  facet normal 0 0 -1
    outer loop
      vertex 131.59 111.406 -0.7
      vertex 132.345 110.207 -0.7
      vertex 132.024 110.074 -0.7
    endloop
  endfacet
  facet normal 0 0 -1
    outer loop
      vertex 132.933 110.576 -0.7
      vertex 131.899 111.557 -0.7
      vertex 132.171 111.768 -0.7
    endloop
  endfacet
  facet normal 0 0 -1
    outer loop
      vertex 131.59 111.406 -0.7
      vertex 132.024 110.074 -0.7
      vertex 131.69 109.978 -0.7
    endloop
  endfacet
  facet normal 0 0 -1
    outer loop
      vertex 132.345 110.207 -0.7
      vertex 131.59 111.406 -0.7
      vertex 131.899 111.557 -0.7
    endloop
  endfacet
  facet normal 0 0 -1
    outer loop
      vertex 131.257 111.32 -0.7
      vertex 131.69 109.978 -0.7
      vertex 131.347 109.919 -0.7
    endloop
  endfacet
  facet normal 0 0 -1
    outer loop
      vertex 131.69 109.978 -0.7
      vertex 131.257 111.32 -0.7
      vertex 131.59 111.406 -0.7
    endloop
  endfacet
  facet normal 0 0 -1
    outer loop
      vertex 131 109.9 -0.7
      vertex 131.257 111.32 -0.7
      vertex 131.347 109.919 -0.7
    endloop
  endfacet
  facet normal 0 0 -1
    outer loop
      vertex 131 109.9 -0.7
      vertex 130.914 111.302 -0.7
      vertex 131.257 111.32 -0.7
    endloop
  endfacet
  facet normal 0 0 -1
    outer loop
      vertex 130.653 109.919 -0.7
      vertex 130.914 111.302 -0.7
      vertex 131 109.9 -0.7
    endloop
  endfacet
  facet normal 0 0 -1
    outer loop
      vertex 130.653 109.919 -0.7
      vertex 130.574 111.354 -0.7
      vertex 130.914 111.302 -0.7
    endloop
  endfacet
  facet normal 0 0 -1
    outer loop
      vertex 130.31 109.978 -0.7
      vertex 130.574 111.354 -0.7
      vertex 130.653 109.919 -0.7
    endloop
  endfacet
  facet normal 0 0 -1
    outer loop
      vertex 129.976 110.074 -0.7
      vertex 130.574 111.354 -0.7
      vertex 130.31 109.978 -0.7
    endloop
  endfacet
  facet normal -0 0 -1
    outer loop
      vertex 130.574 111.354 -0.7
      vertex 129.976 110.074 -0.7
      vertex 130.251 111.474 -0.7
    endloop
  endfacet
  facet normal 0 0 -1
    outer loop
      vertex 129.655 110.207 -0.7
      vertex 130.251 111.474 -0.7
      vertex 129.976 110.074 -0.7
    endloop
  endfacet
  facet normal 0 0 -1
    outer loop
      vertex 129.351 110.375 -0.7
      vertex 130.251 111.474 -0.7
      vertex 129.655 110.207 -0.7
    endloop
  endfacet
  facet normal -0 0 -1
    outer loop
      vertex 130.251 111.474 -0.7
      vertex 129.351 110.375 -0.7
      vertex 129.959 111.656 -0.7
    endloop
  endfacet
  facet normal 0 0 -1
    outer loop
      vertex 129.067 110.576 -0.7
      vertex 129.959 111.656 -0.7
      vertex 129.351 110.375 -0.7
    endloop
  endfacet
  facet normal 0 0 -1
    outer loop
      vertex 128.808 110.808 -0.7
      vertex 129.959 111.656 -0.7
      vertex 129.067 110.576 -0.7
    endloop
  endfacet
  facet normal -0 0 -1
    outer loop
      vertex 129.959 111.656 -0.7
      vertex 128.808 110.808 -0.7
      vertex 129.71 111.893 -0.7
    endloop
  endfacet
  facet normal 0 0 -1
    outer loop
      vertex 128.576 111.067 -0.7
      vertex 129.71 111.893 -0.7
      vertex 128.808 110.808 -0.7
    endloop
  endfacet
  facet normal -0 0 -1
    outer loop
      vertex 129.71 111.893 -0.7
      vertex 128.375 111.351 -0.7
      vertex 129.514 112.175 -0.7
    endloop
  endfacet
  facet normal 0 0 -1
    outer loop
      vertex 128.375 111.351 -0.7
      vertex 129.71 111.893 -0.7
      vertex 128.576 111.067 -0.7
    endloop
  endfacet
  facet normal -0 0 -1
    outer loop
      vertex 133.625 114.649 -0.7
      vertex 132.395 113.971 -0.7
      vertex 133.424 114.933 -0.7
    endloop
  endfacet
  facet normal 0 0 -1
    outer loop
      vertex 132.171 114.232 -0.7
      vertex 133.424 114.933 -0.7
      vertex 132.395 113.971 -0.7
    endloop
  endfacet
  facet normal -0 0 -1
    outer loop
      vertex 133.424 114.933 -0.7
      vertex 132.171 114.232 -0.7
      vertex 133.192 115.192 -0.7
    endloop
  endfacet
  facet normal -0 0 -1
    outer loop
      vertex 133.192 115.192 -0.7
      vertex 132.171 114.232 -0.7
      vertex 132.933 115.424 -0.7
    endloop
  endfacet
  facet normal 0 0 -1
    outer loop
      vertex 131.899 114.443 -0.7
      vertex 132.933 115.424 -0.7
      vertex 132.171 114.232 -0.7
    endloop
  endfacet
  facet normal -0 0 -1
    outer loop
      vertex 132.933 115.424 -0.7
      vertex 131.899 114.443 -0.7
      vertex 132.649 115.625 -0.7
    endloop
  endfacet
  facet normal -0 0 -1
    outer loop
      vertex 132.649 115.625 -0.7
      vertex 131.899 114.443 -0.7
      vertex 132.345 115.793 -0.7
    endloop
  endfacet
  facet normal 0 0 -1
    outer loop
      vertex 131.59 114.594 -0.7
      vertex 132.345 115.793 -0.7
      vertex 131.899 114.443 -0.7
    endloop
  endfacet
  facet normal -0 0 -1
    outer loop
      vertex 132.345 115.793 -0.7
      vertex 131.59 114.594 -0.7
      vertex 132.024 115.926 -0.7
    endloop
  endfacet
  facet normal -0 0 -1
    outer loop
      vertex 132.024 115.926 -0.7
      vertex 131.59 114.594 -0.7
      vertex 131.69 116.022 -0.7
    endloop
  endfacet
  facet normal 0 0 -1
    outer loop
      vertex 131.257 114.68 -0.7
      vertex 131.69 116.022 -0.7
      vertex 131.59 114.594 -0.7
    endloop
  endfacet
  facet normal -0 0 -1
    outer loop
      vertex 131.69 116.022 -0.7
      vertex 131.257 114.68 -0.7
      vertex 131.347 116.081 -0.7
    endloop
  endfacet
  facet normal 0 0 -1
    outer loop
      vertex 131.257 114.68 -0.7
      vertex 131 116.1 -0.7
      vertex 131.347 116.081 -0.7
    endloop
  endfacet
  facet normal 0 0 -1
    outer loop
      vertex 130.914 114.698 -0.7
      vertex 131 116.1 -0.7
      vertex 131.257 114.68 -0.7
    endloop
  endfacet
  facet normal 0 0 -1
    outer loop
      vertex 130.914 114.698 -0.7
      vertex 130.653 116.081 -0.7
      vertex 131 116.1 -0.7
    endloop
  endfacet
  facet normal 0 0 -1
    outer loop
      vertex 130.574 114.646 -0.7
      vertex 130.653 116.081 -0.7
      vertex 130.914 114.698 -0.7
    endloop
  endfacet
  facet normal 0 0 -1
    outer loop
      vertex 130.574 114.646 -0.7
      vertex 130.31 116.022 -0.7
      vertex 130.653 116.081 -0.7
    endloop
  endfacet
  facet normal 0 0 -1
    outer loop
      vertex 129.976 115.926 -0.7
      vertex 130.574 114.646 -0.7
      vertex 130.251 114.526 -0.7
    endloop
  endfacet
  facet normal 0 0 -1
    outer loop
      vertex 130.574 114.646 -0.7
      vertex 129.976 115.926 -0.7
      vertex 130.31 116.022 -0.7
    endloop
  endfacet
  facet normal 0 0 -1
    outer loop
      vertex 129.351 115.625 -0.7
      vertex 130.251 114.526 -0.7
      vertex 129.959 114.344 -0.7
    endloop
  endfacet
  facet normal 0 0 -1
    outer loop
      vertex 128.808 115.192 -0.7
      vertex 129.959 114.344 -0.7
      vertex 129.71 114.107 -0.7
    endloop
  endfacet
  facet normal 0 0 -1
    outer loop
      vertex 130.251 114.526 -0.7
      vertex 129.655 115.793 -0.7
      vertex 129.976 115.926 -0.7
    endloop
  endfacet
  facet normal 0 0 -1
    outer loop
      vertex 128.375 114.649 -0.7
      vertex 129.71 114.107 -0.7
      vertex 129.514 113.825 -0.7
    endloop
  endfacet
  facet normal 0 0 -1
    outer loop
      vertex 128.207 114.345 -0.7
      vertex 129.514 113.825 -0.7
      vertex 129.378 113.509 -0.7
    endloop
  endfacet
  facet normal 0 0 -1
    outer loop
      vertex 130.251 114.526 -0.7
      vertex 129.351 115.625 -0.7
      vertex 129.655 115.793 -0.7
    endloop
  endfacet
  facet normal 0 0 -1
    outer loop
      vertex 127.978 113.69 -0.7
      vertex 129.378 113.509 -0.7
      vertex 129.309 113.172 -0.7
    endloop
  endfacet
  facet normal 0 0 -1
    outer loop
      vertex 128.207 111.655 -0.7
      vertex 129.514 112.175 -0.7
      vertex 128.375 111.351 -0.7
    endloop
  endfacet
  facet normal 0 0 -1
    outer loop
      vertex 129.959 114.344 -0.7
      vertex 129.067 115.424 -0.7
      vertex 129.351 115.625 -0.7
    endloop
  endfacet
  facet normal -0 0 -1
    outer loop
      vertex 129.514 112.175 -0.7
      vertex 128.207 111.655 -0.7
      vertex 129.378 112.491 -0.7
    endloop
  endfacet
  facet normal 0 0 -1
    outer loop
      vertex 129.959 114.344 -0.7
      vertex 128.808 115.192 -0.7
      vertex 129.067 115.424 -0.7
    endloop
  endfacet
  facet normal 0 0 -1
    outer loop
      vertex 128.074 111.976 -0.7
      vertex 129.378 112.491 -0.7
      vertex 128.207 111.655 -0.7
    endloop
  endfacet
  facet normal 0 0 -1
    outer loop
      vertex 129.71 114.107 -0.7
      vertex 128.576 114.933 -0.7
      vertex 128.808 115.192 -0.7
    endloop
  endfacet
  facet normal 0 0 -1
    outer loop
      vertex 127.978 112.31 -0.7
      vertex 129.378 112.491 -0.7
      vertex 128.074 111.976 -0.7
    endloop
  endfacet
  facet normal 0 0 -1
    outer loop
      vertex 129.71 114.107 -0.7
      vertex 128.375 114.649 -0.7
      vertex 128.576 114.933 -0.7
    endloop
  endfacet
  facet normal -0 0 -1
    outer loop
      vertex 129.378 112.491 -0.7
      vertex 127.978 112.31 -0.7
      vertex 129.309 112.828 -0.7
    endloop
  endfacet
  facet normal 0 0 -1
    outer loop
      vertex 129.514 113.825 -0.7
      vertex 128.207 114.345 -0.7
      vertex 128.375 114.649 -0.7
    endloop
  endfacet
  facet normal 0 0 -1
    outer loop
      vertex 127.919 112.653 -0.7
      vertex 129.309 112.828 -0.7
      vertex 127.978 112.31 -0.7
    endloop
  endfacet
  facet normal 0 0 -1
    outer loop
      vertex 129.378 113.509 -0.7
      vertex 128.074 114.024 -0.7
      vertex 128.207 114.345 -0.7
    endloop
  endfacet
  facet normal 0 0 -1
    outer loop
      vertex 127.9 113 -0.7
      vertex 129.309 112.828 -0.7
      vertex 127.919 112.653 -0.7
    endloop
  endfacet
  facet normal 0 0 -1
    outer loop
      vertex 129.378 113.509 -0.7
      vertex 127.978 113.69 -0.7
      vertex 128.074 114.024 -0.7
    endloop
  endfacet
  facet normal 0 0 -1
    outer loop
      vertex 129.309 112.828 -0.7
      vertex 127.9 113 -0.7
      vertex 129.309 113.172 -0.7
    endloop
  endfacet
  facet normal 0 0 -1
    outer loop
      vertex 129.309 113.172 -0.7
      vertex 127.919 113.347 -0.7
      vertex 127.978 113.69 -0.7
    endloop
  endfacet
  facet normal -0 0 -1
    outer loop
      vertex 129.309 113.172 -0.7
      vertex 127.9 113 -0.7
      vertex 127.919 113.347 -0.7
    endloop
  endfacet
  facet normal 0.483686 -0.875242 0
    outer loop
      vertex 129.351 115.625 -2.4
      vertex 129.655 115.793 -0.7
      vertex 129.351 115.625 -0.7
    endloop
  endfacet
  facet normal 0.483686 -0.875242 0
    outer loop
      vertex 129.655 115.793 -0.7
      vertex 129.351 115.625 -2.4
      vertex 129.655 115.793 -2.4
    endloop
  endfacet
  facet normal 0.577698 -0.81625 0
    outer loop
      vertex 129.067 115.424 -2.4
      vertex 129.351 115.625 -0.7
      vertex 129.067 115.424 -0.7
    endloop
  endfacet
  facet normal 0.577698 -0.81625 0
    outer loop
      vertex 129.351 115.625 -0.7
      vertex 129.067 115.424 -2.4
      vertex 129.351 115.625 -2.4
    endloop
  endfacet
  facet normal 0.276241 -0.961088 0
    outer loop
      vertex 129.976 115.926 -2.4
      vertex 130.31 116.022 -0.7
      vertex 129.976 115.926 -0.7
    endloop
  endfacet
  facet normal 0.276241 -0.961088 0
    outer loop
      vertex 130.31 116.022 -0.7
      vertex 129.976 115.926 -2.4
      vertex 130.31 116.022 -2.4
    endloop
  endfacet
  facet normal 0.0546731 -0.998504 0
    outer loop
      vertex 130.653 116.081 -2.4
      vertex 131 116.1 -0.7
      vertex 130.653 116.081 -0.7
    endloop
  endfacet
  facet normal 0.0546731 -0.998504 0
    outer loop
      vertex 131 116.1 -0.7
      vertex 130.653 116.081 -2.4
      vertex 131 116.1 -2.4
    endloop
  endfacet
  facet normal -0.0546731 0.998504 0
    outer loop
      vertex 131.347 109.919 -2.4
      vertex 131 109.9 -0.7
      vertex 131.347 109.919 -0.7
    endloop
  endfacet
  facet normal -0.0546731 0.998504 0
    outer loop
      vertex 131 109.9 -0.7
      vertex 131.347 109.919 -2.4
      vertex 131 109.9 -2.4
    endloop
  endfacet
  facet normal -0.276241 0.961088 0
    outer loop
      vertex 132.024 110.074 -2.4
      vertex 131.69 109.978 -0.7
      vertex 132.024 110.074 -0.7
    endloop
  endfacet
  facet normal -0.276241 0.961088 0
    outer loop
      vertex 131.69 109.978 -0.7
      vertex 132.024 110.074 -2.4
      vertex 131.69 109.978 -2.4
    endloop
  endfacet
  facet normal -0.667215 0.744865 0
    outer loop
      vertex 133.192 110.808 -2.4
      vertex 132.933 110.576 -0.7
      vertex 133.192 110.808 -0.7
    endloop
  endfacet
  facet normal -0.667215 0.744865 0
    outer loop
      vertex 132.933 110.576 -0.7
      vertex 133.192 110.808 -2.4
      vertex 132.933 110.576 -2.4
    endloop
  endfacet
  facet normal -0.483686 0.875242 0
    outer loop
      vertex 132.649 110.375 -2.4
      vertex 132.345 110.207 -0.7
      vertex 132.649 110.375 -0.7
    endloop
  endfacet
  facet normal -0.483686 0.875242 0
    outer loop
      vertex 132.345 110.207 -0.7
      vertex 132.649 110.375 -2.4
      vertex 132.345 110.207 -2.4
    endloop
  endfacet
  facet normal -0.744865 0.667215 0
    outer loop
      vertex 133.192 110.808 -2.4
      vertex 133.424 111.067 -0.7
      vertex 133.424 111.067 -2.4
    endloop
  endfacet
  facet normal -0.744865 0.667215 0
    outer loop
      vertex 133.424 111.067 -0.7
      vertex 133.192 110.808 -2.4
      vertex 133.192 110.808 -0.7
    endloop
  endfacet
  facet normal -0.875242 0.483686 0
    outer loop
      vertex 133.625 111.351 -2.4
      vertex 133.793 111.655 -0.7
      vertex 133.793 111.655 -2.4
    endloop
  endfacet
  facet normal -0.875242 0.483686 0
    outer loop
      vertex 133.793 111.655 -0.7
      vertex 133.625 111.351 -2.4
      vertex 133.625 111.351 -0.7
    endloop
  endfacet
  facet normal 0.577698 0.81625 -0
    outer loop
      vertex 129.351 110.375 -2.4
      vertex 129.067 110.576 -0.7
      vertex 129.351 110.375 -0.7
    endloop
  endfacet
  facet normal 0.577698 0.81625 0
    outer loop
      vertex 129.067 110.576 -0.7
      vertex 129.351 110.375 -2.4
      vertex 129.067 110.576 -2.4
    endloop
  endfacet
  facet normal 0.382775 0.923841 -0
    outer loop
      vertex 129.976 110.074 -2.4
      vertex 129.655 110.207 -0.7
      vertex 129.976 110.074 -0.7
    endloop
  endfacet
  facet normal 0.382775 0.923841 0
    outer loop
      vertex 129.655 110.207 -0.7
      vertex 129.976 110.074 -2.4
      vertex 129.655 110.207 -2.4
    endloop
  endfacet
  facet normal 0.169522 0.985526 -0
    outer loop
      vertex 130.653 109.919 -2.4
      vertex 130.31 109.978 -0.7
      vertex 130.653 109.919 -0.7
    endloop
  endfacet
  facet normal 0.169522 0.985526 0
    outer loop
      vertex 130.31 109.978 -0.7
      vertex 130.653 109.919 -2.4
      vertex 130.31 109.978 -2.4
    endloop
  endfacet
  facet normal 0.875242 0.483686 0
    outer loop
      vertex 128.375 111.351 -0.7
      vertex 128.207 111.655 -2.4
      vertex 128.207 111.655 -0.7
    endloop
  endfacet
  facet normal 0.875242 0.483686 0
    outer loop
      vertex 128.207 111.655 -2.4
      vertex 128.375 111.351 -0.7
      vertex 128.375 111.351 -2.4
    endloop
  endfacet
  facet normal 0.961088 0.276241 0
    outer loop
      vertex 128.074 111.976 -0.7
      vertex 127.978 112.31 -2.4
      vertex 127.978 112.31 -0.7
    endloop
  endfacet
  facet normal 0.961088 0.276241 0
    outer loop
      vertex 127.978 112.31 -2.4
      vertex 128.074 111.976 -0.7
      vertex 128.074 111.976 -2.4
    endloop
  endfacet
  facet normal 0.998504 0.0546731 0
    outer loop
      vertex 127.919 112.653 -0.7
      vertex 127.9 113 -2.4
      vertex 127.9 113 -0.7
    endloop
  endfacet
  facet normal 0.998504 0.0546731 0
    outer loop
      vertex 127.9 113 -2.4
      vertex 127.919 112.653 -0.7
      vertex 127.919 112.653 -2.4
    endloop
  endfacet
  facet normal -0.169522 0.985526 0
    outer loop
      vertex 131.69 109.978 -2.4
      vertex 131.347 109.919 -0.7
      vertex 131.69 109.978 -0.7
    endloop
  endfacet
  facet normal -0.169522 0.985526 0
    outer loop
      vertex 131.347 109.919 -0.7
      vertex 131.69 109.978 -2.4
      vertex 131.347 109.919 -2.4
    endloop
  endfacet
  facet normal -0.382775 0.923841 0
    outer loop
      vertex 132.345 110.207 -2.4
      vertex 132.024 110.074 -0.7
      vertex 132.345 110.207 -0.7
    endloop
  endfacet
  facet normal -0.382775 0.923841 0
    outer loop
      vertex 132.024 110.074 -0.7
      vertex 132.345 110.207 -2.4
      vertex 132.024 110.074 -2.4
    endloop
  endfacet
  facet normal -0.577698 0.81625 0
    outer loop
      vertex 132.933 110.576 -2.4
      vertex 132.649 110.375 -0.7
      vertex 132.933 110.576 -0.7
    endloop
  endfacet
  facet normal -0.577698 0.81625 0
    outer loop
      vertex 132.649 110.375 -0.7
      vertex 132.933 110.576 -2.4
      vertex 132.649 110.375 -2.4
    endloop
  endfacet
  facet normal -0.81625 0.577698 0
    outer loop
      vertex 133.424 111.067 -2.4
      vertex 133.625 111.351 -0.7
      vertex 133.625 111.351 -2.4
    endloop
  endfacet
  facet normal -0.81625 0.577698 0
    outer loop
      vertex 133.625 111.351 -0.7
      vertex 133.424 111.067 -2.4
      vertex 133.424 111.067 -0.7
    endloop
  endfacet
  facet normal -0.923841 0.382775 0
    outer loop
      vertex 133.793 111.655 -2.4
      vertex 133.926 111.976 -0.7
      vertex 133.926 111.976 -2.4
    endloop
  endfacet
  facet normal -0.923841 0.382775 0
    outer loop
      vertex 133.926 111.976 -0.7
      vertex 133.793 111.655 -2.4
      vertex 133.793 111.655 -0.7
    endloop
  endfacet
  facet normal -0.985526 0.169522 0
    outer loop
      vertex 134.022 112.31 -2.4
      vertex 134.081 112.653 -0.7
      vertex 134.081 112.653 -2.4
    endloop
  endfacet
  facet normal -0.985526 0.169522 0
    outer loop
      vertex 134.081 112.653 -0.7
      vertex 134.022 112.31 -2.4
      vertex 134.022 112.31 -0.7
    endloop
  endfacet
  facet normal -0.998504 0.0546731 0
    outer loop
      vertex 134.081 112.653 -2.4
      vertex 134.1 113 -0.7
      vertex 134.1 113 -2.4
    endloop
  endfacet
  facet normal -0.998504 0.0546731 0
    outer loop
      vertex 134.1 113 -0.7
      vertex 134.081 112.653 -2.4
      vertex 134.081 112.653 -0.7
    endloop
  endfacet
  facet normal 0.483686 0.875242 -0
    outer loop
      vertex 129.655 110.207 -2.4
      vertex 129.351 110.375 -0.7
      vertex 129.655 110.207 -0.7
    endloop
  endfacet
  facet normal 0.483686 0.875242 0
    outer loop
      vertex 129.351 110.375 -0.7
      vertex 129.655 110.207 -2.4
      vertex 129.351 110.375 -2.4
    endloop
  endfacet
  facet normal 0.276241 0.961088 -0
    outer loop
      vertex 130.31 109.978 -2.4
      vertex 129.976 110.074 -0.7
      vertex 130.31 109.978 -0.7
    endloop
  endfacet
  facet normal 0.276241 0.961088 0
    outer loop
      vertex 129.976 110.074 -0.7
      vertex 130.31 109.978 -2.4
      vertex 129.976 110.074 -2.4
    endloop
  endfacet
  facet normal 0.0546731 0.998504 -0
    outer loop
      vertex 131 109.9 -2.4
      vertex 130.653 109.919 -0.7
      vertex 131 109.9 -0.7
    endloop
  endfacet
  facet normal 0.0546731 0.998504 0
    outer loop
      vertex 130.653 109.919 -0.7
      vertex 131 109.9 -2.4
      vertex 130.653 109.919 -2.4
    endloop
  endfacet
  facet normal 0.81625 0.577698 0
    outer loop
      vertex 128.576 111.067 -0.7
      vertex 128.375 111.351 -2.4
      vertex 128.375 111.351 -0.7
    endloop
  endfacet
  facet normal 0.81625 0.577698 0
    outer loop
      vertex 128.375 111.351 -2.4
      vertex 128.576 111.067 -0.7
      vertex 128.576 111.067 -2.4
    endloop
  endfacet
  facet normal 0.923841 0.382775 0
    outer loop
      vertex 128.207 111.655 -0.7
      vertex 128.074 111.976 -2.4
      vertex 128.074 111.976 -0.7
    endloop
  endfacet
  facet normal 0.923841 0.382775 0
    outer loop
      vertex 128.074 111.976 -2.4
      vertex 128.207 111.655 -0.7
      vertex 128.207 111.655 -2.4
    endloop
  endfacet
  facet normal 0.985526 0.169522 0
    outer loop
      vertex 127.978 112.31 -0.7
      vertex 127.919 112.653 -2.4
      vertex 127.919 112.653 -0.7
    endloop
  endfacet
  facet normal 0.985526 0.169522 0
    outer loop
      vertex 127.919 112.653 -2.4
      vertex 127.978 112.31 -0.7
      vertex 127.978 112.31 -2.4
    endloop
  endfacet
endsolid OpenSCAD_Model
